source_id,shape,source_file,source_sha256,original_filename,landing_url,extractor_support_status,sheet,n_rows,n_cols,title_row_sample,header_row_sample,error
federal_mfs_aggregates,Aggregates,raw/federal/federal_mfs_aggregates/snapshots/20260724T190604Z/files/6.-aggregates.xlsx,8b74f69be62ff34a04a18ac4455cc0c706034368d22dbcf3126200d3a0c6ca96,6.-aggregates.xlsx,https://data.gov.au/data/dataset/2b690e28-8239-48c6-a71d-2658f37d51d7/resource/1e1e039e-c54d-4c59-973b-7b15cde2ed63/download/6.-aggregates.xlsx,supported (scripts/ingest/extractors/mfs_aggregates.py) - this milestone's load target,2000-01,13,12,2000-2001 Australian Government general government sector - Aggregates,"AGGREGATES | 
ACTUAL
2000-2001
July
$m | 
ACTUAL
2000-2001
August
$m | 
ACTUAL
2000-2001
YTD September
$m | 
ACTUAL
2000-2001
YTD October
$m | 
ACTUAL
2000-2001
YTD November
$m | 
ACTUAL
2000-2001
YTD December
$m | 
ACTUAL
2000-2001
YTD January
$m | 
ACTUAL
2000-2001
YTD February
$m | 
ACTUAL
2000-2",
federal_mfs_aggregates,Aggregates,raw/federal/federal_mfs_aggregates/snapshots/20260724T190604Z/files/6.-aggregates.xlsx,8b74f69be62ff34a04a18ac4455cc0c706034368d22dbcf3126200d3a0c6ca96,6.-aggregates.xlsx,https://data.gov.au/data/dataset/2b690e28-8239-48c6-a71d-2658f37d51d7/resource/1e1e039e-c54d-4c59-973b-7b15cde2ed63/download/6.-aggregates.xlsx,supported (scripts/ingest/extractors/mfs_aggregates.py) - this milestone's load target,2001-02,12,12,2001-2002 Australian Government general government sector - Aggregates,"AGGREGATES | 
ACTUAL
2001-2002
YTD July
$m | 
ACTUAL
2001-2002
YTD August
$m | 
ACTUAL
2001-2002
YTD September
$m | 
ACTUAL
2001-2002
YTD October
$m | 
ACTUAL
2001-2002
YTD November
$m | 
ACTUAL
2001-2002
YTD December
$m | 
ACTUAL
2001-2002
YTD January
$m | 
ACTUAL
2001-2002
YTD February
$m | 
ACTUA",
federal_mfs_aggregates,Aggregates,raw/federal/federal_mfs_aggregates/snapshots/20260724T190604Z/files/6.-aggregates.xlsx,8b74f69be62ff34a04a18ac4455cc0c706034368d22dbcf3126200d3a0c6ca96,6.-aggregates.xlsx,https://data.gov.au/data/dataset/2b690e28-8239-48c6-a71d-2658f37d51d7/resource/1e1e039e-c54d-4c59-973b-7b15cde2ed63/download/6.-aggregates.xlsx,supported (scripts/ingest/extractors/mfs_aggregates.py) - this milestone's load target,2002-03,12,12,2002-2003 Australian Government general government sector - Aggregates,"AGGREGATES | 
ACTUAL
2002-2003
YTD July
$m | 
ACTUAL
2002-2003
YTD August
$m | 
ACTUAL
2002-2003
September
$m | 
ACTUAL
2002-2003
YTD October
$m | 
ACTUAL
2002-2003
YTD November
$m | 
ACTUAL
2002-2003
YTD December
$m | 
ACTUAL
2002-2003
YTD January
$m | 
ACTUAL
2002-2003
YTD February
$m | 
ACTUAL
20",
federal_mfs_aggregates,Aggregates,raw/federal/federal_mfs_aggregates/snapshots/20260724T190604Z/files/6.-aggregates.xlsx,8b74f69be62ff34a04a18ac4455cc0c706034368d22dbcf3126200d3a0c6ca96,6.-aggregates.xlsx,https://data.gov.au/data/dataset/2b690e28-8239-48c6-a71d-2658f37d51d7/resource/1e1e039e-c54d-4c59-973b-7b15cde2ed63/download/6.-aggregates.xlsx,supported (scripts/ingest/extractors/mfs_aggregates.py) - this milestone's load target,2003-04,12,12,2003-2004 Australian Government general government sector - Aggregates,"AGGREGATES | 
ACTUAL
2003-2004
YTD July
$m | 
ACTUAL
2003-2004
YTD August
$m | 
ACTUAL
2003-2004
YTD September
$m | 
ACTUAL
2003-2004
YTD October
$m | 
ACTUAL
2003-2004
YTD November
$m | 
ACTUAL
2003-2004
YTD December
$m | 
ACTUAL
2003-2004
YTD January
$m | 
ACTUAL
2003-2004
YTD February
$m | 
ACTUA",
federal_mfs_aggregates,Aggregates,raw/federal/federal_mfs_aggregates/snapshots/20260724T190604Z/files/6.-aggregates.xlsx,8b74f69be62ff34a04a18ac4455cc0c706034368d22dbcf3126200d3a0c6ca96,6.-aggregates.xlsx,https://data.gov.au/data/dataset/2b690e28-8239-48c6-a71d-2658f37d51d7/resource/1e1e039e-c54d-4c59-973b-7b15cde2ed63/download/6.-aggregates.xlsx,supported (scripts/ingest/extractors/mfs_aggregates.py) - this milestone's load target,2004-05,12,12,2004-2005 Australian Government general government sector - Aggregates,"AGGREGATES | 
ACTUAL
2004-2005
YTD July
$m | 
ACTUAL
2004-2005
YTD August
$m | 
ACTUAL
2004-2005
YTD September
$m | 
ACTUAL
2004-2005
YTD October
$m | 
ACTUAL
2004-2005
YTD November
$m | 
ACTUAL
2004-2005
YTD December
$m | 
ACTUAL
2004-2005
YTD January
$m | 
ACTUAL
2004-2005
YTD February
$m | 
ACTUA",
federal_mfs_aggregates,Aggregates,raw/federal/federal_mfs_aggregates/snapshots/20260724T190604Z/files/6.-aggregates.xlsx,8b74f69be62ff34a04a18ac4455cc0c706034368d22dbcf3126200d3a0c6ca96,6.-aggregates.xlsx,https://data.gov.au/data/dataset/2b690e28-8239-48c6-a71d-2658f37d51d7/resource/1e1e039e-c54d-4c59-973b-7b15cde2ed63/download/6.-aggregates.xlsx,supported (scripts/ingest/extractors/mfs_aggregates.py) - this milestone's load target,2005-06,11,12,2005-2006 Australian Government general government sector - Aggregates,"AGGREGATES | 
ACTUAL
2005-2006
YTD July
$m | 
ACTUAL
2005-2006
YTD August
$m | 
ACTUAL
2005-2006
YTD September
$m | 
ACTUAL
2005-2006
YTD October
$m | 
ACTUAL
2005-2006
YTD November
$m | 
ACTUAL
2005-2006
YTD December
$m | 
ACTUAL
2005-2006
YTD January
$m | 
ACTUAL
2005-2006
YTD February
$m | 
ACTUA",
federal_mfs_aggregates,Aggregates,raw/federal/federal_mfs_aggregates/snapshots/20260724T190604Z/files/6.-aggregates.xlsx,8b74f69be62ff34a04a18ac4455cc0c706034368d22dbcf3126200d3a0c6ca96,6.-aggregates.xlsx,https://data.gov.au/data/dataset/2b690e28-8239-48c6-a71d-2658f37d51d7/resource/1e1e039e-c54d-4c59-973b-7b15cde2ed63/download/6.-aggregates.xlsx,supported (scripts/ingest/extractors/mfs_aggregates.py) - this milestone's load target,2006-07,12,12,2006-2007 Australian Government general government sector - Aggregates,"AGGREGATES | 
ACTUAL
2006-2007
YTD July
$m | 
ACTUAL
2006-2007
YTD August
$m | 
ACTUAL
2006-2007
YTD September
$m | 
ACTUAL
2006-2007
YTD October
$m | 
ACTUAL
2006-2007
YTD November
$m | 
ACTUAL
2006-2007
YTD December
$m | 
ACTUAL
2006-2007
YTD January
$m | 
ACTUAL
2006-2007
YTD February
$m | 
ACTUA",
federal_mfs_aggregates,Aggregates,raw/federal/federal_mfs_aggregates/snapshots/20260724T190604Z/files/6.-aggregates.xlsx,8b74f69be62ff34a04a18ac4455cc0c706034368d22dbcf3126200d3a0c6ca96,6.-aggregates.xlsx,https://data.gov.au/data/dataset/2b690e28-8239-48c6-a71d-2658f37d51d7/resource/1e1e039e-c54d-4c59-973b-7b15cde2ed63/download/6.-aggregates.xlsx,supported (scripts/ingest/extractors/mfs_aggregates.py) - this milestone's load target,2007-08,13,12,2007-2008 Australian Government general government sector - Aggregates,"AGGREGATES | 
ACTUAL
2007-2008
YTD July
$m | 
ACTUAL
2007-2008
YTD August
$m | 
ACTUAL
2007-2008
YTD September
$m | 
ACTUAL
2007-2008
YTD October
$m | 
ACTUAL
2007-2008
YTD November
$m | 
ACTUAL
2007-2008
YTD December
$m | 
ACTUAL
2007-2008
YTD January
$m | 
ACTUAL
2007-2008
YTD February
$m | 
ACTUA",
federal_mfs_aggregates,Aggregates,raw/federal/federal_mfs_aggregates/snapshots/20260724T190604Z/files/6.-aggregates.xlsx,8b74f69be62ff34a04a18ac4455cc0c706034368d22dbcf3126200d3a0c6ca96,6.-aggregates.xlsx,https://data.gov.au/data/dataset/2b690e28-8239-48c6-a71d-2658f37d51d7/resource/1e1e039e-c54d-4c59-973b-7b15cde2ed63/download/6.-aggregates.xlsx,supported (scripts/ingest/extractors/mfs_aggregates.py) - this milestone's load target,2008-09,13,12,2008-2009 Australian Government general government sector - Aggregates,"AGGREGATES | 
ACTUAL
2008-2009
YTD July
$m | 
ACTUAL
2008-2009
YTD August
$m | 
ACTUAL
2008-2009
YTD September
$m | 
ACTUAL
2008-2009
YTD October
$m | 
ACTUAL
2008-2009
YTD November
$m | 
ACTUAL
2008-2009
YTD December
$m | 
ACTUAL
2008-2009
YTD January
$m | 
ACTUAL
2008-2009
YTD February
$m | 
ACTUA",
federal_mfs_aggregates,Aggregates,raw/federal/federal_mfs_aggregates/snapshots/20260724T190604Z/files/6.-aggregates.xlsx,8b74f69be62ff34a04a18ac4455cc0c706034368d22dbcf3126200d3a0c6ca96,6.-aggregates.xlsx,https://data.gov.au/data/dataset/2b690e28-8239-48c6-a71d-2658f37d51d7/resource/1e1e039e-c54d-4c59-973b-7b15cde2ed63/download/6.-aggregates.xlsx,supported (scripts/ingest/extractors/mfs_aggregates.py) - this milestone's load target,2009-10,13,12,2009-2010 Australian Government general government sector - Aggregates,"AGGREGATES | 
ACTUAL
2009-2010
YTD July
$m | 
ACTUAL
2009-2010
YTD August
$m | 
ACTUAL
2009-2010
YTD September
$m | 
ACTUAL
2009-2010
YTD October
$m | 
ACTUAL
2009-2010
YTD November
$m | 
ACTUAL
2009-2010
YTD December
$m | 
ACTUAL
2009-2010
YTD January
$m | 
ACTUAL
2009-2010
YTD February
$m | 
ACTUA",
federal_mfs_aggregates,Aggregates,raw/federal/federal_mfs_aggregates/snapshots/20260724T190604Z/files/6.-aggregates.xlsx,8b74f69be62ff34a04a18ac4455cc0c706034368d22dbcf3126200d3a0c6ca96,6.-aggregates.xlsx,https://data.gov.au/data/dataset/2b690e28-8239-48c6-a71d-2658f37d51d7/resource/1e1e039e-c54d-4c59-973b-7b15cde2ed63/download/6.-aggregates.xlsx,supported (scripts/ingest/extractors/mfs_aggregates.py) - this milestone's load target,2010-11,14,12,2010-2011 Australian Government general government sector - Aggregates,"AGGREGATES | 
ACTUAL
2010-2011
YTD July
$m | 
ACTUAL
2010-2011
YTD August
$m | 
ACTUAL
2010-2011
YTD September
$m | 
ACTUAL
2010-2011
YTD October
$m | 
ACTUAL
2010-2011
YTD November
$m | 
ACTUAL
2010-2011
YTD December
$m | 
ACTUAL
2010-2011
YTD January
$m | 
ACTUAL
2010-2011
YTD February
$m | 
ACTUA",
federal_mfs_aggregates,Aggregates,raw/federal/federal_mfs_aggregates/snapshots/20260724T190604Z/files/6.-aggregates.xlsx,8b74f69be62ff34a04a18ac4455cc0c706034368d22dbcf3126200d3a0c6ca96,6.-aggregates.xlsx,https://data.gov.au/data/dataset/2b690e28-8239-48c6-a71d-2658f37d51d7/resource/1e1e039e-c54d-4c59-973b-7b15cde2ed63/download/6.-aggregates.xlsx,supported (scripts/ingest/extractors/mfs_aggregates.py) - this milestone's load target,2011-12,16,12,2011-2012 Australian Government general government sector - Aggregates,"AGGREGATES | 
ACTUAL
2011-2012
YTD July
$m | 
ACTUAL
2011-2012
YTD August
$m | 
ACTUAL
2011-2012
YTD September
$m | 
ACTUAL
2011-2012
YTD October
$m | 
ACTUAL
2011-2012
YTD November
$m | 
ACTUAL
2011-2012
YTD December
$m | 
ACTUAL
2011-2012
YTD January
$m | 
ACTUAL
2011-2012
YTD February
$m | 
ACTUA",
federal_mfs_aggregates,Aggregates,raw/federal/federal_mfs_aggregates/snapshots/20260724T190604Z/files/6.-aggregates.xlsx,8b74f69be62ff34a04a18ac4455cc0c706034368d22dbcf3126200d3a0c6ca96,6.-aggregates.xlsx,https://data.gov.au/data/dataset/2b690e28-8239-48c6-a71d-2658f37d51d7/resource/1e1e039e-c54d-4c59-973b-7b15cde2ed63/download/6.-aggregates.xlsx,supported (scripts/ingest/extractors/mfs_aggregates.py) - this milestone's load target,2012-13,16,12,2012-2013 Australian Government general government sector - Aggregates,"AGGREGATES | 
ACTUAL
2012-2013
YTD July
$m | 
ACTUAL
2012-2013
YTD August
$m | 
ACTUAL
2012-2013
YTD September
$m | 
ACTUAL
2012-2013
YTD October
$m | 
ACTUAL
2012-2013
YTD November
$m | 
ACTUAL
2012-2013
YTD December
$m | 
ACTUAL
2012-2013
YTD January
$m | 
ACTUAL
2012-2013
YTD February
$m | 
ACTUA",
federal_mfs_aggregates,Aggregates,raw/federal/federal_mfs_aggregates/snapshots/20260724T190604Z/files/6.-aggregates.xlsx,8b74f69be62ff34a04a18ac4455cc0c706034368d22dbcf3126200d3a0c6ca96,6.-aggregates.xlsx,https://data.gov.au/data/dataset/2b690e28-8239-48c6-a71d-2658f37d51d7/resource/1e1e039e-c54d-4c59-973b-7b15cde2ed63/download/6.-aggregates.xlsx,supported (scripts/ingest/extractors/mfs_aggregates.py) - this milestone's load target,2013-14,17,12,2013-2014 Australian Government general government sector - Aggregates,"AGGREGATES | 
ACTUAL
2013-2014
YTD July
$m | 
ACTUAL
2013-2014
YTD August
$m | 
ACTUAL
2013-2014
YTD September
$m | 
ACTUAL
2013-2014
YTD October
$m | 
ACTUAL
2013-2014
YTD November
$m | 
ACTUAL
2013-2014
YTD December
$m | 
ACTUAL
2013-2014
YTD January
$m | 
ACTUAL
2013-2014
YTD February
$m | 
ACTUA",
federal_mfs_aggregates,Aggregates,raw/federal/federal_mfs_aggregates/snapshots/20260724T190604Z/files/6.-aggregates.xlsx,8b74f69be62ff34a04a18ac4455cc0c706034368d22dbcf3126200d3a0c6ca96,6.-aggregates.xlsx,https://data.gov.au/data/dataset/2b690e28-8239-48c6-a71d-2658f37d51d7/resource/1e1e039e-c54d-4c59-973b-7b15cde2ed63/download/6.-aggregates.xlsx,supported (scripts/ingest/extractors/mfs_aggregates.py) - this milestone's load target,2014-15,17,12,2014-2015 Australian Government general government sector - Aggregates,"AGGREGATES | 
ACTUAL
2014-2015
YTD July
$m | 
ACTUAL
2014-2015
YTD August
$m | 
ACTUAL
2014-2015
YTD September
$m | 
ACTUAL
2014-2015
YTD October
$m | 
ACTUAL
2014-2015
YTD November
$m | 
ACTUAL
2014-2015
YTD December
$m | 
ACTUAL
2014-2015
YTD January
$m | 
ACTUAL
2014-2015
YTD February
$m | 
ACTUA",
federal_mfs_aggregates,Aggregates,raw/federal/federal_mfs_aggregates/snapshots/20260724T190604Z/files/6.-aggregates.xlsx,8b74f69be62ff34a04a18ac4455cc0c706034368d22dbcf3126200d3a0c6ca96,6.-aggregates.xlsx,https://data.gov.au/data/dataset/2b690e28-8239-48c6-a71d-2658f37d51d7/resource/1e1e039e-c54d-4c59-973b-7b15cde2ed63/download/6.-aggregates.xlsx,supported (scripts/ingest/extractors/mfs_aggregates.py) - this milestone's load target,2015-16,17,12,2015-2016 Australian Government general government sector - Aggregates,"AGGREGATES | 
ACTUAL
2015-2016
YTD July
$m | 
ACTUAL
2015-2016
YTD August
$m | 
ACTUAL
2015-2016
YTD September
$m | 
ACTUAL
2015-2016
YTD October
$m | 
ACTUAL
2015-2016
YTD November
$m | 
ACTUAL
2015-2016
YTD December
$m | 
ACTUAL
2015-2016
YTD January
$m | 
ACTUAL
2015-2016
YTD February
$m | 
ACTUA",
federal_mfs_aggregates,Aggregates,raw/federal/federal_mfs_aggregates/snapshots/20260724T190604Z/files/6.-aggregates.xlsx,8b74f69be62ff34a04a18ac4455cc0c706034368d22dbcf3126200d3a0c6ca96,6.-aggregates.xlsx,https://data.gov.au/data/dataset/2b690e28-8239-48c6-a71d-2658f37d51d7/resource/1e1e039e-c54d-4c59-973b-7b15cde2ed63/download/6.-aggregates.xlsx,supported (scripts/ingest/extractors/mfs_aggregates.py) - this milestone's load target,2016-17,17,12,2016-2017 Australian Government general government sector - Aggregates,"AGGREGATES | 
ACTUAL
2016-2017
YTD July
$m | ACTUAL
2016-2017
YTD August
$m | ACTUAL
2016-2017
YTD September
$m | ACTUAL
2016-2017
YTD October
$m | ACTUAL
2016-2017
YTD November
$m | ACTUAL
2016-2017
YTD December
$m | ACTUAL
2016-2017
YTD January
$m | ACTUAL
2016-2017
YTD February
$m | ACTUAL
2016-2",
federal_mfs_aggregates,Aggregates,raw/federal/federal_mfs_aggregates/snapshots/20260724T190604Z/files/6.-aggregates.xlsx,8b74f69be62ff34a04a18ac4455cc0c706034368d22dbcf3126200d3a0c6ca96,6.-aggregates.xlsx,https://data.gov.au/data/dataset/2b690e28-8239-48c6-a71d-2658f37d51d7/resource/1e1e039e-c54d-4c59-973b-7b15cde2ed63/download/6.-aggregates.xlsx,supported (scripts/ingest/extractors/mfs_aggregates.py) - this milestone's load target,2017-18,17,12,2017-2018 Australian Government general government sector - Aggregates,"AGGREGATES | ACTUAL
2017-2018
YTD July
$m | ACTUAL
2017-2018
YTD August
$m | ACTUAL
2017-2018
YTD September
$m | ACTUAL
2017-2018
YTD October
$m | 
ACTUAL
2017-2018
YTD November
$m | 
ACTUAL
2017-2018
YTD December
$m | 
ACTUAL
2017-2018
YTD January
$m | 
ACTUAL
2017-2018
YTD February
$m | 
ACTUAL
20",
federal_mfs_aggregates,Aggregates,raw/federal/federal_mfs_aggregates/snapshots/20260724T190604Z/files/6.-aggregates.xlsx,8b74f69be62ff34a04a18ac4455cc0c706034368d22dbcf3126200d3a0c6ca96,6.-aggregates.xlsx,https://data.gov.au/data/dataset/2b690e28-8239-48c6-a71d-2658f37d51d7/resource/1e1e039e-c54d-4c59-973b-7b15cde2ed63/download/6.-aggregates.xlsx,supported (scripts/ingest/extractors/mfs_aggregates.py) - this milestone's load target,2018-19,17,12,2018-2019 Australian Government general government sector - Aggregates,"AGGREGATES | 
ACTUAL
2018-2019
YTD July
$m | 
ACTUAL
2018-2019
YTD August
$m | 
ACTUAL
2018-2019
YTD September
$m | 
ACTUAL
2018-2019
YTD October
$m | 
ACTUAL
2018-2019
YTD November
$m | 
ACTUAL
2018-2019
YTD December
$m | 
ACTUAL
2018-2019
YTD January
$m | 
ACTUAL
2018-2019
YTD February
$m | 
ACTUA",
federal_mfs_aggregates,Aggregates,raw/federal/federal_mfs_aggregates/snapshots/20260724T190604Z/files/6.-aggregates.xlsx,8b74f69be62ff34a04a18ac4455cc0c706034368d22dbcf3126200d3a0c6ca96,6.-aggregates.xlsx,https://data.gov.au/data/dataset/2b690e28-8239-48c6-a71d-2658f37d51d7/resource/1e1e039e-c54d-4c59-973b-7b15cde2ed63/download/6.-aggregates.xlsx,supported (scripts/ingest/extractors/mfs_aggregates.py) - this milestone's load target,2019-20,17,12,2019-2020 Australian Government general government sector - Aggregates,"AGGREGATES(a) | 
ACTUAL
2019-2020
YTD July
$m | 
ACTUAL
2019-2020
YTD August
$m | 
ACTUAL
2019-2020
YTD September
$m | ACTUAL
2019-2020
YTD October
$m | ACTUAL
2019-2020
YTD November
$m | ACTUAL
2019-2020
YTD December
$m | ACTUAL
2019-2020
YTD January
$m | ACTUAL
2019-2020
YTD February
$m | ACTUAL
2",
federal_mfs_aggregates,Aggregates,raw/federal/federal_mfs_aggregates/snapshots/20260724T190604Z/files/6.-aggregates.xlsx,8b74f69be62ff34a04a18ac4455cc0c706034368d22dbcf3126200d3a0c6ca96,6.-aggregates.xlsx,https://data.gov.au/data/dataset/2b690e28-8239-48c6-a71d-2658f37d51d7/resource/1e1e039e-c54d-4c59-973b-7b15cde2ed63/download/6.-aggregates.xlsx,supported (scripts/ingest/extractors/mfs_aggregates.py) - this milestone's load target,2020-21,16,12,2020-2021 Australian Government general government sector - Aggregates,"AGGREGATES | ACTUAL
2020-2021
YTD July
$b | ACTUAL
2020-2021
YTD August
$b | ACTUAL
2020-2021
YTD September
$b | ACTUAL
2020-2021
YTD October
$b | ACTUAL
2020-2021
YTD November
$b | ACTUAL
2020-2021
YTD December
$b | ACTUAL
2020-2021
YTD January
$b | ACTUAL
2020-2021
YTD February
$b | ACTUAL
2020-20",
federal_mfs_aggregates,Aggregates,raw/federal/federal_mfs_aggregates/snapshots/20260724T190604Z/files/6.-aggregates.xlsx,8b74f69be62ff34a04a18ac4455cc0c706034368d22dbcf3126200d3a0c6ca96,6.-aggregates.xlsx,https://data.gov.au/data/dataset/2b690e28-8239-48c6-a71d-2658f37d51d7/resource/1e1e039e-c54d-4c59-973b-7b15cde2ed63/download/6.-aggregates.xlsx,supported (scripts/ingest/extractors/mfs_aggregates.py) - this milestone's load target,2021-22,16,12,2021-22 Australian Government general government sector - Aggregates,"AGGREGATES | ACTUAL
2021-2022
YTD July
$b | ACTUAL
2021-2022
YTD August
$b | ACTUAL
2021-2022
YTD September
$b | ACTUAL
2021-2022
YTD October
$b | ACTUAL
2021-2022
YTD November
$b | ACTUAL
2021-2022
YTD December
$b | ACTUAL
2021-2022
YTD January
$b | ACTUAL
2021-2022
YTD February
$b | ACTUAL
2021-20",
federal_mfs_aggregates,Aggregates,raw/federal/federal_mfs_aggregates/snapshots/20260724T190604Z/files/6.-aggregates.xlsx,8b74f69be62ff34a04a18ac4455cc0c706034368d22dbcf3126200d3a0c6ca96,6.-aggregates.xlsx,https://data.gov.au/data/dataset/2b690e28-8239-48c6-a71d-2658f37d51d7/resource/1e1e039e-c54d-4c59-973b-7b15cde2ed63/download/6.-aggregates.xlsx,supported (scripts/ingest/extractors/mfs_aggregates.py) - this milestone's load target,2022-23,16,12,2022-23 Australian Government general government sector - Aggregates,"AGGREGATES(a) | ACTUAL
2022-2023
YTD July
$b | ACTUAL
2022-2023
YTD August
$b | ACTUAL
2022-2023
YTD September
$b | ACTUAL
2022-2023
YTD October
$b | ACTUAL
2022-2023
YTD November
$b | ACTUAL
2022-2023
YTD December
$b | ACTUAL
2022-2023
YTD January
$b | ACTUAL
2022-2023
YTD February
$b | ACTUAL
2022",
federal_mfs_aggregates,Aggregates,raw/federal/federal_mfs_aggregates/snapshots/20260724T190604Z/files/6.-aggregates.xlsx,8b74f69be62ff34a04a18ac4455cc0c706034368d22dbcf3126200d3a0c6ca96,6.-aggregates.xlsx,https://data.gov.au/data/dataset/2b690e28-8239-48c6-a71d-2658f37d51d7/resource/1e1e039e-c54d-4c59-973b-7b15cde2ed63/download/6.-aggregates.xlsx,supported (scripts/ingest/extractors/mfs_aggregates.py) - this milestone's load target,2023-24,16,12,2023-24 Australian Government general government sector - Aggregates,"AGGREGATES(a) | ACTUAL
2023-2024
YTD July
$b | ACTUAL
2023-2024
YTD August
$b | ACTUAL
2023-2024
YTD September
$b | ACTUAL
2023-2024
YTD October
$b | ACTUAL
2023-2024
YTD November
$b | ACTUAL
2023-2024
YTD December
$b | ACTUAL
2023-2024
YTD January
$b | ACTUAL
2023-2024
YTD February
$b | ACTUAL
2023",
federal_mfs_aggregates,Aggregates,raw/federal/federal_mfs_aggregates/snapshots/20260724T190604Z/files/6.-aggregates.xlsx,8b74f69be62ff34a04a18ac4455cc0c706034368d22dbcf3126200d3a0c6ca96,6.-aggregates.xlsx,https://data.gov.au/data/dataset/2b690e28-8239-48c6-a71d-2658f37d51d7/resource/1e1e039e-c54d-4c59-973b-7b15cde2ed63/download/6.-aggregates.xlsx,supported (scripts/ingest/extractors/mfs_aggregates.py) - this milestone's load target,2024-25,16,12,2024-25 Australian Government general government sector - Aggregates,"AGGREGATES(a) | ACTUAL
2024-2025
YTD July
$b | ACTUAL
2024-2025
YTD August
$b | ACTUAL
2024-2025
YTD September
$b | ACTUAL
2024-2025
YTD October
$b | ACTUAL
2024-2025
YTD November
$b | ACTUAL
2024-2025
YTD December
$b | ACTUAL
2024-2025
YTD January
$b | ACTUAL
2024-2025
YTD February
$b | ACTUAL
2024",
federal_mfs_aggregates,Aggregates,raw/federal/federal_mfs_aggregates/snapshots/20260724T190604Z/files/6.-aggregates.xlsx,8b74f69be62ff34a04a18ac4455cc0c706034368d22dbcf3126200d3a0c6ca96,6.-aggregates.xlsx,https://data.gov.au/data/dataset/2b690e28-8239-48c6-a71d-2658f37d51d7/resource/1e1e039e-c54d-4c59-973b-7b15cde2ed63/download/6.-aggregates.xlsx,supported (scripts/ingest/extractors/mfs_aggregates.py) - this milestone's load target,2025-26,16,12,2025-26 Australian Government general government sector - Aggregates,"AGGREGATES(a) | ACTUAL
2025-2026
YTD July
$b | ACTUAL
2025-2026
YTD August
$b | ACTUAL
2025-2026
YTD September
$b | ACTUAL
2025-2026
YTD October
$b | ACTUAL
2025-2026
YTD November
$b | ACTUAL
2025-2026
YTD December
$b | ACTUAL
2025-2026
YTD January
$b | ACTUAL
2025-2026
YTD February
$b | ACTUAL
2025",
federal_mfs_operating_statement,Operating Statement,raw/federal/federal_mfs_operating_statement/snapshots/20260724T190604Z/files/1.-operating-statement.xlsx,f46645d762e6a270a3194920be5ccdd642c474e6a342d31ebc73ae85c478c70e,1.-operating-statement.xlsx,https://data.gov.au/data/dataset/2b690e28-8239-48c6-a71d-2658f37d51d7/resource/c21aa248-ec4c-4b5b-9b1b-6d545a55e399/download/1.-operating-statement.xlsx,not supported - no extractor; out of scope for this milestone's load,2005-06,76,14,2005-06 Australian Government general government sector - Income Statement,ACTUAL | ACTUAL | ACTUAL | ACTUAL | ACTUAL | ACTUAL | ACTUAL | ACTUAL | ACTUAL | ACTUAL | ACTUAL,
federal_mfs_operating_statement,Operating Statement,raw/federal/federal_mfs_operating_statement/snapshots/20260724T190604Z/files/1.-operating-statement.xlsx,f46645d762e6a270a3194920be5ccdd642c474e6a342d31ebc73ae85c478c70e,1.-operating-statement.xlsx,https://data.gov.au/data/dataset/2b690e28-8239-48c6-a71d-2658f37d51d7/resource/c21aa248-ec4c-4b5b-9b1b-6d545a55e399/download/1.-operating-statement.xlsx,not supported - no extractor; out of scope for this milestone's load,2006-07,85,14,2006-07 Australian Government general government sector - Income Statement,ACTUAL | ACTUAL | ACTUAL | ACTUAL | ACTUAL | ACTUAL | ACTUAL | ACTUAL | ACTUAL | ACTUAL | ACTUAL,
federal_mfs_operating_statement,Operating Statement,raw/federal/federal_mfs_operating_statement/snapshots/20260724T190604Z/files/1.-operating-statement.xlsx,f46645d762e6a270a3194920be5ccdd642c474e6a342d31ebc73ae85c478c70e,1.-operating-statement.xlsx,https://data.gov.au/data/dataset/2b690e28-8239-48c6-a71d-2658f37d51d7/resource/c21aa248-ec4c-4b5b-9b1b-6d545a55e399/download/1.-operating-statement.xlsx,not supported - no extractor; out of scope for this milestone's load,2007-08,46,12,2007-08 Australian Government general government sector - Income Statement,ACTUAL | ACTUAL | ACTUAL | ACTUAL | ACTUAL | ACTUAL | ACTUAL | ACTUAL | ACTUAL | ACTUAL | ACTUAL,
federal_mfs_operating_statement,Operating Statement,raw/federal/federal_mfs_operating_statement/snapshots/20260724T190604Z/files/1.-operating-statement.xlsx,f46645d762e6a270a3194920be5ccdd642c474e6a342d31ebc73ae85c478c70e,1.-operating-statement.xlsx,https://data.gov.au/data/dataset/2b690e28-8239-48c6-a71d-2658f37d51d7/resource/c21aa248-ec4c-4b5b-9b1b-6d545a55e399/download/1.-operating-statement.xlsx,not supported - no extractor; out of scope for this milestone's load,2008-09,58,12,2008-09 Australian Government general government sector - Income Statement,ACTUAL | ACTUAL | ACTUAL | ACTUAL | ACTUAL | ACTUAL | ACTUAL | ACTUAL | ACTUAL | ACTUAL | ACTUAL,
federal_mfs_operating_statement,Operating Statement,raw/federal/federal_mfs_operating_statement/snapshots/20260724T190604Z/files/1.-operating-statement.xlsx,f46645d762e6a270a3194920be5ccdd642c474e6a342d31ebc73ae85c478c70e,1.-operating-statement.xlsx,https://data.gov.au/data/dataset/2b690e28-8239-48c6-a71d-2658f37d51d7/resource/c21aa248-ec4c-4b5b-9b1b-6d545a55e399/download/1.-operating-statement.xlsx,not supported - no extractor; out of scope for this milestone's load,2009-10,58,12,2009-10 Australian Government general government sector - Income Statement,ACTUAL | ACTUAL | ACTUAL | ACTUAL | ACTUAL | ACTUAL | ACTUAL | ACTUAL | ACTUAL | ACTUAL | ACTUAL,
federal_mfs_operating_statement,Operating Statement,raw/federal/federal_mfs_operating_statement/snapshots/20260724T190604Z/files/1.-operating-statement.xlsx,f46645d762e6a270a3194920be5ccdd642c474e6a342d31ebc73ae85c478c70e,1.-operating-statement.xlsx,https://data.gov.au/data/dataset/2b690e28-8239-48c6-a71d-2658f37d51d7/resource/c21aa248-ec4c-4b5b-9b1b-6d545a55e399/download/1.-operating-statement.xlsx,not supported - no extractor; out of scope for this milestone's load,2010-11,58,12,2010-11 Australian Government general government sector - Income Statement,ACTUAL | ACTUAL | ACTUAL | ACTUAL | ACTUAL | ACTUAL | ACTUAL | ACTUAL | ACTUAL | ACTUAL | ACTUAL,
federal_mfs_operating_statement,Operating Statement,raw/federal/federal_mfs_operating_statement/snapshots/20260724T190604Z/files/1.-operating-statement.xlsx,f46645d762e6a270a3194920be5ccdd642c474e6a342d31ebc73ae85c478c70e,1.-operating-statement.xlsx,https://data.gov.au/data/dataset/2b690e28-8239-48c6-a71d-2658f37d51d7/resource/c21aa248-ec4c-4b5b-9b1b-6d545a55e399/download/1.-operating-statement.xlsx,not supported - no extractor; out of scope for this milestone's load,2011-12,54,12,2011-12 Australian Government general government sector - Income Statement,"
ACTUAL
2011-2012
July
$m | 
ACTUAL
2011-2012
YTD August
$m | 
ACTUAL
2011-2012
YTD September
$m | 
ACTUAL
2011-2012
YTD October
$m | 
ACTUAL
2011-2012
YTD November
$m | 
ACTUAL
2011-2012
YTD December
$m | 
ACTUAL
2011-2012
YTD January
$m | 
ACTUAL
2011-2012
YTD February
$m | 
ACTUAL
2011-2012
YTD M",
federal_mfs_operating_statement,Operating Statement,raw/federal/federal_mfs_operating_statement/snapshots/20260724T190604Z/files/1.-operating-statement.xlsx,f46645d762e6a270a3194920be5ccdd642c474e6a342d31ebc73ae85c478c70e,1.-operating-statement.xlsx,https://data.gov.au/data/dataset/2b690e28-8239-48c6-a71d-2658f37d51d7/resource/c21aa248-ec4c-4b5b-9b1b-6d545a55e399/download/1.-operating-statement.xlsx,not supported - no extractor; out of scope for this milestone's load,2012-13,54,12,2012-13 Australian Government general government sector - Income Statement,"
ACTUAL
2012-2013
July
$m | 
ACTUAL
2012-2013
YTD August
$m | 
ACTUAL
2012-2013
YTD September
$m | 
ACTUAL
2012-2013
YTD October
$m | 
ACTUAL
2012-2013
YTD November
$m | 
ACTUAL
2012-2013
YTD December
$m | 
ACTUAL
2012-2013
YTD January
$m | 
ACTUAL
2012-2013
YTD February
$m | 
ACTUAL
2012-2013
YTD M",
federal_mfs_operating_statement,Operating Statement,raw/federal/federal_mfs_operating_statement/snapshots/20260724T190604Z/files/1.-operating-statement.xlsx,f46645d762e6a270a3194920be5ccdd642c474e6a342d31ebc73ae85c478c70e,1.-operating-statement.xlsx,https://data.gov.au/data/dataset/2b690e28-8239-48c6-a71d-2658f37d51d7/resource/c21aa248-ec4c-4b5b-9b1b-6d545a55e399/download/1.-operating-statement.xlsx,not supported - no extractor; out of scope for this milestone's load,2013-14,62,12,2013-14 Australian Government general government sector operating statement,"
ACTUAL
2013-2014
July
$m | 
ACTUAL
2013-2014
YTD August
$m | 
ACTUAL
2013-2014
 YTD September
$m | 
ACTUAL
2013-2014
YTD October
$m | 
ACTUAL
2013-2014
YTD November
$m | 
ACTUAL
2013-2014
YTD December
$m | 
ACTUAL
2013-2014
YTD January
$m | 
ACTUAL
2013-2014
YTD February
$m | 
ACTUAL
2013-2014
YTD ",
federal_mfs_operating_statement,Operating Statement,raw/federal/federal_mfs_operating_statement/snapshots/20260724T190604Z/files/1.-operating-statement.xlsx,f46645d762e6a270a3194920be5ccdd642c474e6a342d31ebc73ae85c478c70e,1.-operating-statement.xlsx,https://data.gov.au/data/dataset/2b690e28-8239-48c6-a71d-2658f37d51d7/resource/c21aa248-ec4c-4b5b-9b1b-6d545a55e399/download/1.-operating-statement.xlsx,not supported - no extractor; out of scope for this milestone's load,2014-15,63,12,2014-15 Australian Government general government sector operating statement,"
ACTUAL
2014-2015
 July
$m | 
ACTUAL
2014-2015
YTD August
$m | 
ACTUAL
2014-2015
YTD September
$m | 
ACTUAL
2014-2015
YTD October
$m | 
ACTUAL
2014-2015
YTD November
$m | 
ACTUAL
2014-2015
YTD December
$m | 
ACTUAL
2014-2015
YTD January
$m | 
ACTUAL
2014-2015
YTD February
$m | 
ACTUAL
2014-2015
YTD ",
federal_mfs_operating_statement,Operating Statement,raw/federal/federal_mfs_operating_statement/snapshots/20260724T190604Z/files/1.-operating-statement.xlsx,f46645d762e6a270a3194920be5ccdd642c474e6a342d31ebc73ae85c478c70e,1.-operating-statement.xlsx,https://data.gov.au/data/dataset/2b690e28-8239-48c6-a71d-2658f37d51d7/resource/c21aa248-ec4c-4b5b-9b1b-6d545a55e399/download/1.-operating-statement.xlsx,not supported - no extractor; out of scope for this milestone's load,2015-16,64,12,2015-16 Australian Government general government sector operating statement,"
ACTUAL
2015-2016
 July
$m | 
ACTUAL
2015-2016
YTD August
$m | 
ACTUAL
2015-2016
YTD September
$m | 
ACTUAL
2015-2016
YTD October
$m | 
ACTUAL
2015-2016
YTD November
$m | 
ACTUAL
2015-2016
YTD December
$m | 
ACTUAL
2015-2016
YTD January
$m | 
ACTUAL
2015-2016
YTD February
$m | 
ACTUAL
2015-2016
YTD ",
federal_mfs_operating_statement,Operating Statement,raw/federal/federal_mfs_operating_statement/snapshots/20260724T190604Z/files/1.-operating-statement.xlsx,f46645d762e6a270a3194920be5ccdd642c474e6a342d31ebc73ae85c478c70e,1.-operating-statement.xlsx,https://data.gov.au/data/dataset/2b690e28-8239-48c6-a71d-2658f37d51d7/resource/c21aa248-ec4c-4b5b-9b1b-6d545a55e399/download/1.-operating-statement.xlsx,not supported - no extractor; out of scope for this milestone's load,2016-17,59,12,2016-17 Australian Government general government sector operating statement,"ACTUAL
2016-2017
July
$m | ACTUAL
2016-2017
YTD August
$m | ACTUAL
2016-2017
YTD September
$m | ACTUAL
2016-2017
YTD October
$m | ACTUAL
2016-2017
YTD November
$m | ACTUAL
2016-2017
YTD December
$m | ACTUAL
2016-2017
YTD January
$m | ACTUAL
2016-2017
YTD February
$m | ACTUAL
2016-2017
YTD March
$m |",
federal_mfs_operating_statement,Operating Statement,raw/federal/federal_mfs_operating_statement/snapshots/20260724T190604Z/files/1.-operating-statement.xlsx,f46645d762e6a270a3194920be5ccdd642c474e6a342d31ebc73ae85c478c70e,1.-operating-statement.xlsx,https://data.gov.au/data/dataset/2b690e28-8239-48c6-a71d-2658f37d51d7/resource/c21aa248-ec4c-4b5b-9b1b-6d545a55e399/download/1.-operating-statement.xlsx,not supported - no extractor; out of scope for this milestone's load,2017-18,59,12,2017-18 Australian Government general government sector operating statement,"ACTUAL
2017-2018
July
$m | ACTUAL
2017-2018
YTD August
$m | ACTUAL
2017-2018
YTD September
$m | ACTUAL
2017-2018
YTD October
$m | ACTUAL
2017-2018
YTD November
$m | ACTUAL
2017-2018
YTD December
$m | ACTUAL
2017-2018
YTD January
$m | ACTUAL
2017-2018
YTD February
$m | ACTUAL
2017-2018
YTD March
$m |",
federal_mfs_operating_statement,Operating Statement,raw/federal/federal_mfs_operating_statement/snapshots/20260724T190604Z/files/1.-operating-statement.xlsx,f46645d762e6a270a3194920be5ccdd642c474e6a342d31ebc73ae85c478c70e,1.-operating-statement.xlsx,https://data.gov.au/data/dataset/2b690e28-8239-48c6-a71d-2658f37d51d7/resource/c21aa248-ec4c-4b5b-9b1b-6d545a55e399/download/1.-operating-statement.xlsx,not supported - no extractor; out of scope for this milestone's load,2018-19,59,12,2018-19 Australian Government general government sector operating statement,"ACTUAL
2018-2019
July
$m | ACTUAL
2018-2019
YTD August
$m | ACTUAL
2018-2019
YTD September
$m | ACTUAL
2018-2019
YTD October
$m | ACTUAL
2018-2019
YTD November
$m | ACTUAL
2018-2019
YTD December
$m | ACTUAL
2018-2019
YTD January
$m | ACTUAL
2018-2019
YTD February
$m | ACTUAL
2018-2019
YTD March
$m |",
federal_mfs_operating_statement,Operating Statement,raw/federal/federal_mfs_operating_statement/snapshots/20260724T190604Z/files/1.-operating-statement.xlsx,f46645d762e6a270a3194920be5ccdd642c474e6a342d31ebc73ae85c478c70e,1.-operating-statement.xlsx,https://data.gov.au/data/dataset/2b690e28-8239-48c6-a71d-2658f37d51d7/resource/c21aa248-ec4c-4b5b-9b1b-6d545a55e399/download/1.-operating-statement.xlsx,not supported - no extractor; out of scope for this milestone's load,2019-20,59,12,2019-20 Australian Government general government sector operating statement,"ACTUAL
2019-2020
July
$m | ACTUAL
2019-2020
YTD August
$m | ACTUAL
2019-2020
YTD September
$m | ACTUAL
2019-2020
YTD October
$m | ACTUAL
2019-2020
YTD November
$m | ACTUAL
2019-2020
YTD December (a)
$m | ACTUAL
2019-2020
YTD January
$m | ACTUAL
2019-2020
YTD February
$m | ACTUAL
2019-2020
YTD March
",
federal_mfs_operating_statement,Operating Statement,raw/federal/federal_mfs_operating_statement/snapshots/20260724T190604Z/files/1.-operating-statement.xlsx,f46645d762e6a270a3194920be5ccdd642c474e6a342d31ebc73ae85c478c70e,1.-operating-statement.xlsx,https://data.gov.au/data/dataset/2b690e28-8239-48c6-a71d-2658f37d51d7/resource/c21aa248-ec4c-4b5b-9b1b-6d545a55e399/download/1.-operating-statement.xlsx,not supported - no extractor; out of scope for this milestone's load,2020-21,58,12,2020-21 Australian Government general government sector operating statement,"ACTUAL
2020-2021
July
$m | ACTUAL
2020-2021
YTD August
$m | ACTUAL
2020-2021
YTD September
$m | ACTUAL
2020-2021
YTD October
$m | ACTUAL
2020-2021
YTD November
$m | ACTUAL
2020-2021
YTD December
$m | ACTUAL
2020-2021
YTD January
$m | ACTUAL
2020-2021
YTD February
$m | ACTUAL
2020-2021
YTD March
$m |",
federal_mfs_operating_statement,Operating Statement,raw/federal/federal_mfs_operating_statement/snapshots/20260724T190604Z/files/1.-operating-statement.xlsx,f46645d762e6a270a3194920be5ccdd642c474e6a342d31ebc73ae85c478c70e,1.-operating-statement.xlsx,https://data.gov.au/data/dataset/2b690e28-8239-48c6-a71d-2658f37d51d7/resource/c21aa248-ec4c-4b5b-9b1b-6d545a55e399/download/1.-operating-statement.xlsx,not supported - no extractor; out of scope for this milestone's load,2021-22,58,12,2021-22 Australian Government general government sector operating statement,"ACTUAL
2021-2022
July
$m | ACTUAL
2021-2022
YTD August
$m | ACTUAL
2021-2022
YTD September
$m | ACTUAL
2021-2022
YTD October
$m | ACTUAL
2021-2022
YTD November
$m | ACTUAL
2021-2022
YTD December
$m | ACTUAL
2021-2022
YTD January
$m | ACTUAL
2021-2022
YTD February
$m | ACTUAL
2021-2022
YTD March
$m |",
federal_mfs_operating_statement,Operating Statement,raw/federal/federal_mfs_operating_statement/snapshots/20260724T190604Z/files/1.-operating-statement.xlsx,f46645d762e6a270a3194920be5ccdd642c474e6a342d31ebc73ae85c478c70e,1.-operating-statement.xlsx,https://data.gov.au/data/dataset/2b690e28-8239-48c6-a71d-2658f37d51d7/resource/c21aa248-ec4c-4b5b-9b1b-6d545a55e399/download/1.-operating-statement.xlsx,not supported - no extractor; out of scope for this milestone's load,2022-23,58,12,2022-23 Australian Government general government sector operating statement,"ACTUAL
2022-2023
July
$m | ACTUAL
2022-2023
YTD August
$m | ACTUAL
2022-2023
YTD September
$m | ACTUAL
2022-2023
YTD October
$m | ACTUAL
2022-2023
YTD November
$m | ACTUAL
2022-2023
YTD December
$m | ACTUAL
2022-2023
YTD January
$m | ACTUAL
2022-2023
YTD February
$m | ACTUAL
2022-2023
YTD March
$m |",
federal_mfs_operating_statement,Operating Statement,raw/federal/federal_mfs_operating_statement/snapshots/20260724T190604Z/files/1.-operating-statement.xlsx,f46645d762e6a270a3194920be5ccdd642c474e6a342d31ebc73ae85c478c70e,1.-operating-statement.xlsx,https://data.gov.au/data/dataset/2b690e28-8239-48c6-a71d-2658f37d51d7/resource/c21aa248-ec4c-4b5b-9b1b-6d545a55e399/download/1.-operating-statement.xlsx,not supported - no extractor; out of scope for this milestone's load,2023-24,57,12,2023-24 Australian Government general government sector operating statement,"ACTUAL
2023-2024
July
$m | ACTUAL
2023-2024
YTD August
$m | ACTUAL
2023-2024
YTD September
$m | ACTUAL
2023-2024
YTD October
$m | ACTUAL
2023-2024
YTD November
$m | ACTUAL
2023-2024
YTD December
$m | ACTUAL
2023-2024
YTD January
$m | ACTUAL
2023-2024
YTD February
$m | ACTUAL
2023-2024
YTD March
$m |",
federal_mfs_operating_statement,Operating Statement,raw/federal/federal_mfs_operating_statement/snapshots/20260724T190604Z/files/1.-operating-statement.xlsx,f46645d762e6a270a3194920be5ccdd642c474e6a342d31ebc73ae85c478c70e,1.-operating-statement.xlsx,https://data.gov.au/data/dataset/2b690e28-8239-48c6-a71d-2658f37d51d7/resource/c21aa248-ec4c-4b5b-9b1b-6d545a55e399/download/1.-operating-statement.xlsx,not supported - no extractor; out of scope for this milestone's load,2024-25,57,12,2024-25 Australian Government general government sector operating statement,"ACTUAL
2024-2025
July
$m | ACTUAL
2024-2025
YTD August
$m | ACTUAL
2024-2025
YTD September
$m | ACTUAL
2024-2025
YTD October
$m | ACTUAL
2024-2025
YTD November
$m | ACTUAL
2024-2025
YTD December
$m | ACTUAL
2024-2025
YTD January
$m | ACTUAL
2024-2025
YTD February
$m | ACTUAL
2024-2025
YTD March
$m |",
federal_mfs_operating_statement,Operating Statement,raw/federal/federal_mfs_operating_statement/snapshots/20260724T190604Z/files/1.-operating-statement.xlsx,f46645d762e6a270a3194920be5ccdd642c474e6a342d31ebc73ae85c478c70e,1.-operating-statement.xlsx,https://data.gov.au/data/dataset/2b690e28-8239-48c6-a71d-2658f37d51d7/resource/c21aa248-ec4c-4b5b-9b1b-6d545a55e399/download/1.-operating-statement.xlsx,not supported - no extractor; out of scope for this milestone's load,2025-26,57,12,2025-26 Australian Government general government sector operating statement,"ACTUAL
2025-2026
July
$m | ACTUAL
2025-2026
YTD August
$m | ACTUAL
2025-2026
YTD September
$m | ACTUAL
2025-2026
YTD October
$m | ACTUAL
2025-2026
YTD November
$m | ACTUAL
2025-2026
YTD December
$m | ACTUAL
2025-2026
YTD January
$m | ACTUAL
2025-2026
YTD February
$m | ACTUAL
2025-2026
YTD March
$m |",
federal_mfs_balance_sheet,Balance Sheet,raw/federal/federal_mfs_balance_sheet/snapshots/20260724T190604Z/files/2.-balance-sheet.xlsx,bd0610b18724c6c6dc786a72d612b0af7ae4ae7038082cf4f68dab85d8bebf7d,2.-balance-sheet.xlsx,https://data.gov.au/data/dataset/2b690e28-8239-48c6-a71d-2658f37d51d7/resource/840f704f-8a29-4f2d-bd03-cc3b4000a9d8/download/2.-balance-sheet.xlsx,not supported - no extractor; out of scope for this milestone's load,2005-06,63,13,2005-06 Australian Government general government sector - Balance Sheet,ACTUAL | ACTUAL | ACTUAL | ACTUAL | ACTUAL | ACTUAL | ACTUAL | ACTUAL | ACTUAL | ACTUAL | ACTUAL,
federal_mfs_balance_sheet,Balance Sheet,raw/federal/federal_mfs_balance_sheet/snapshots/20260724T190604Z/files/2.-balance-sheet.xlsx,bd0610b18724c6c6dc786a72d612b0af7ae4ae7038082cf4f68dab85d8bebf7d,2.-balance-sheet.xlsx,https://data.gov.au/data/dataset/2b690e28-8239-48c6-a71d-2658f37d51d7/resource/840f704f-8a29-4f2d-bd03-cc3b4000a9d8/download/2.-balance-sheet.xlsx,not supported - no extractor; out of scope for this milestone's load,2006-07,61,13,2006-07 Australian Government general government sector - Balance Sheet,ACTUAL | ACTUAL | ACTUAL | ACTUAL | ACTUAL | ACTUAL | ACTUAL | ACTUAL | ACTUAL | ACTUAL | ACTUAL,
federal_mfs_balance_sheet,Balance Sheet,raw/federal/federal_mfs_balance_sheet/snapshots/20260724T190604Z/files/2.-balance-sheet.xlsx,bd0610b18724c6c6dc786a72d612b0af7ae4ae7038082cf4f68dab85d8bebf7d,2.-balance-sheet.xlsx,https://data.gov.au/data/dataset/2b690e28-8239-48c6-a71d-2658f37d51d7/resource/840f704f-8a29-4f2d-bd03-cc3b4000a9d8/download/2.-balance-sheet.xlsx,not supported - no extractor; out of scope for this milestone's load,2007-08,38,12,2007-08 Australian Government general government sector - Balance Sheet,ACTUAL | ACTUAL | ACTUAL | ACTUAL | ACTUAL | ACTUAL | ACTUAL | ACTUAL | ACTUAL | ACTUAL | ACTUAL,
federal_mfs_balance_sheet,Balance Sheet,raw/federal/federal_mfs_balance_sheet/snapshots/20260724T190604Z/files/2.-balance-sheet.xlsx,bd0610b18724c6c6dc786a72d612b0af7ae4ae7038082cf4f68dab85d8bebf7d,2.-balance-sheet.xlsx,https://data.gov.au/data/dataset/2b690e28-8239-48c6-a71d-2658f37d51d7/resource/840f704f-8a29-4f2d-bd03-cc3b4000a9d8/download/2.-balance-sheet.xlsx,not supported - no extractor; out of scope for this milestone's load,2008-09,53,12,2008-09 Australian Government general government sector - Balance Sheet,"
ACTUAL
as at
31 July 2008
$m | 
ACTUAL
as at
31 August 2008
$m | 
ACTUAL
as at
30 September 2008
$m | 
ACTUAL
as at
31 October 2008
$m | 
ACTUAL
as at
30 November 2008
$m | 
ACTUAL
as at
31 December 2008
$m | 
ACTUAL
as at
31 January 2009
$m | 
ACTUAL
as at
28 February 2009
$m | 
ACTUAL
as at
31 Ma",
federal_mfs_balance_sheet,Balance Sheet,raw/federal/federal_mfs_balance_sheet/snapshots/20260724T190604Z/files/2.-balance-sheet.xlsx,bd0610b18724c6c6dc786a72d612b0af7ae4ae7038082cf4f68dab85d8bebf7d,2.-balance-sheet.xlsx,https://data.gov.au/data/dataset/2b690e28-8239-48c6-a71d-2658f37d51d7/resource/840f704f-8a29-4f2d-bd03-cc3b4000a9d8/download/2.-balance-sheet.xlsx,not supported - no extractor; out of scope for this milestone's load,2009-10,53,12,2009-10 Australian Government general government sector - Balance Sheet,"
ACTUAL
as at
31 July 2009
$m | 
ACTUAL
as at
31 August 2009
$m | 
ACTUAL
as at
30 September 2009
$m | 
ACTUAL
as at
31 October 2009
$m | 
ACTUAL
as at
30 November 2009
$m | 
ACTUAL
as at
31 December 2009
$m | 
ACTUAL
as at
31 January 2010
$m | 
ACTUAL
as at
28 February 2010
$m | 
ACTUAL
as at
31 Ma",
federal_mfs_balance_sheet,Balance Sheet,raw/federal/federal_mfs_balance_sheet/snapshots/20260724T190604Z/files/2.-balance-sheet.xlsx,bd0610b18724c6c6dc786a72d612b0af7ae4ae7038082cf4f68dab85d8bebf7d,2.-balance-sheet.xlsx,https://data.gov.au/data/dataset/2b690e28-8239-48c6-a71d-2658f37d51d7/resource/840f704f-8a29-4f2d-bd03-cc3b4000a9d8/download/2.-balance-sheet.xlsx,not supported - no extractor; out of scope for this milestone's load,2010-11,53,12,2010-11 Australian Government general government sector - Balance Sheet,"
ACTUAL
as at
31 July 2010
$m | 
ACTUAL
as at
31 August 2010
$m | 
ACTUAL
as at
30 September 2010
$m | 
ACTUAL
as at
31 October 2010
$m | 
ACTUAL
as at
30 November 2010
$m | 
ACTUAL
as at
31 December 2010
$m | 
ACTUAL
as at
31 January 2011
$m | 
ACTUAL
as at
28 February 2011
$m | 
ACTUAL
as at
31 Ma",
federal_mfs_balance_sheet,Balance Sheet,raw/federal/federal_mfs_balance_sheet/snapshots/20260724T190604Z/files/2.-balance-sheet.xlsx,bd0610b18724c6c6dc786a72d612b0af7ae4ae7038082cf4f68dab85d8bebf7d,2.-balance-sheet.xlsx,https://data.gov.au/data/dataset/2b690e28-8239-48c6-a71d-2658f37d51d7/resource/840f704f-8a29-4f2d-bd03-cc3b4000a9d8/download/2.-balance-sheet.xlsx,not supported - no extractor; out of scope for this milestone's load,2011-12,49,12,2011-12 Australian Government general government sector - Balance Sheet,"
ACTUAL
as at
31 July 2011
$m | 
ACTUAL
as at
31 August 2011
$m | 
ACTUAL
as at
30 September 2011
$m | 
ACTUAL
as at
31 October 2011
$m | 
ACTUAL
as at
30 November 2011
$m | 
ACTUAL
as at
31 December 2011
$m | 
ACTUAL
as at
31 January 2012
$m | 
ACTUAL
as at
29 February 2012
$m | 
ACTUAL
as at
31 Ma",
federal_mfs_balance_sheet,Balance Sheet,raw/federal/federal_mfs_balance_sheet/snapshots/20260724T190604Z/files/2.-balance-sheet.xlsx,bd0610b18724c6c6dc786a72d612b0af7ae4ae7038082cf4f68dab85d8bebf7d,2.-balance-sheet.xlsx,https://data.gov.au/data/dataset/2b690e28-8239-48c6-a71d-2658f37d51d7/resource/840f704f-8a29-4f2d-bd03-cc3b4000a9d8/download/2.-balance-sheet.xlsx,not supported - no extractor; out of scope for this milestone's load,2012-13,49,12,2012-13 Australian Government general government sector - Balance Sheet,"
ACTUAL
as at
31 July 2012
$m | 
ACTUAL
as at
31 August 2012
$m | 
ACTUAL
as at
30 September 2012
$m | 
ACTUAL
as at
31 October 2012
$m | 
ACTUAL
as at
30 November 2012
$m | 
ACTUAL
as at
31 December 2012
$m | 
ACTUAL
as at
31 January 2013
$m | 
ACTUAL
as at
28 February 2013
$m | 
ACTUAL
as at
31 Ma",
federal_mfs_balance_sheet,Balance Sheet,raw/federal/federal_mfs_balance_sheet/snapshots/20260724T190604Z/files/2.-balance-sheet.xlsx,bd0610b18724c6c6dc786a72d612b0af7ae4ae7038082cf4f68dab85d8bebf7d,2.-balance-sheet.xlsx,https://data.gov.au/data/dataset/2b690e28-8239-48c6-a71d-2658f37d51d7/resource/840f704f-8a29-4f2d-bd03-cc3b4000a9d8/download/2.-balance-sheet.xlsx,not supported - no extractor; out of scope for this milestone's load,2013-14,49,12,2013-14 Australian Government general government sector balance sheet,"
ACTUAL
as at
31 July 2013
$m | 
ACTUAL
as at
31 August 2013
$m | 
ACTUAL
as at
30 September 2013
$m | 
ACTUAL
as at
31 October 2013
$m | 
ACTUAL
as at
30 November 2013
$m | 
ACTUAL
as at
31 December 2013
$m | 
ACTUAL
as at
31 January 2014
$m | 
ACTUAL
as at
28 February 2014
$m | 
ACTUAL
as at
31 Ma",
federal_mfs_balance_sheet,Balance Sheet,raw/federal/federal_mfs_balance_sheet/snapshots/20260724T190604Z/files/2.-balance-sheet.xlsx,bd0610b18724c6c6dc786a72d612b0af7ae4ae7038082cf4f68dab85d8bebf7d,2.-balance-sheet.xlsx,https://data.gov.au/data/dataset/2b690e28-8239-48c6-a71d-2658f37d51d7/resource/840f704f-8a29-4f2d-bd03-cc3b4000a9d8/download/2.-balance-sheet.xlsx,not supported - no extractor; out of scope for this milestone's load,2014-15,49,12,2014-15 Australian Government general government sector balance sheet,"
ACTUAL
as at
31 July 2014
$m | 
ACTUAL
as at
31 August 2014
$m | 
ACTUAL
as at
30 September 2014
$m | 
ACTUAL
as at
31 October 2014
$m | 
ACTUAL
as at
30 November 2014
$m | 
ACTUAL
as at
31 December 2014
$m | 
ACTUAL
as at
31 January 2015
$m | 
ACTUAL
as at
28 February 2015
$m | 
ACTUAL
as at
31 Ma",
federal_mfs_balance_sheet,Balance Sheet,raw/federal/federal_mfs_balance_sheet/snapshots/20260724T190604Z/files/2.-balance-sheet.xlsx,bd0610b18724c6c6dc786a72d612b0af7ae4ae7038082cf4f68dab85d8bebf7d,2.-balance-sheet.xlsx,https://data.gov.au/data/dataset/2b690e28-8239-48c6-a71d-2658f37d51d7/resource/840f704f-8a29-4f2d-bd03-cc3b4000a9d8/download/2.-balance-sheet.xlsx,not supported - no extractor; out of scope for this milestone's load,2015-16,49,12,2015-16 Australian Government general government sector balance sheet,"
ACTUAL
as at
31 July 2015
$m | 
ACTUAL
as at
31 August 2015
$m | 
ACTUAL
as at
30 September 2015
$m | 
ACTUAL
as at
31 October 2015
$m | 
ACTUAL
as at
30 November 2015
$m | 
ACTUAL
as at
31 December 2015
$m | 
ACTUAL
as at
31 January 2016
$m | 
ACTUAL
as at
29 February 2016
$m | 
ACTUAL
as at
31 Ma",
federal_mfs_balance_sheet,Balance Sheet,raw/federal/federal_mfs_balance_sheet/snapshots/20260724T190604Z/files/2.-balance-sheet.xlsx,bd0610b18724c6c6dc786a72d612b0af7ae4ae7038082cf4f68dab85d8bebf7d,2.-balance-sheet.xlsx,https://data.gov.au/data/dataset/2b690e28-8239-48c6-a71d-2658f37d51d7/resource/840f704f-8a29-4f2d-bd03-cc3b4000a9d8/download/2.-balance-sheet.xlsx,not supported - no extractor; out of scope for this milestone's load,2016-17,49,12,2016-17 Australian Government general government sector balance sheet,"ACTUAL
as at
31 July 2016
$m | ACTUAL
as at
31 August 2016
$m | ACTUAL
as at
30 September 2016
$m | ACTUAL
as at
31 October 2016
$m | ACTUAL
as at
30 November 2016
$m | ACTUAL
as at
31 December 2016
$m | ACTUAL
as at
31 January 2017
$m | ACTUAL
as at
28 February 2017
$m | ACTUAL
as at
31 March 2017
",
federal_mfs_balance_sheet,Balance Sheet,raw/federal/federal_mfs_balance_sheet/snapshots/20260724T190604Z/files/2.-balance-sheet.xlsx,bd0610b18724c6c6dc786a72d612b0af7ae4ae7038082cf4f68dab85d8bebf7d,2.-balance-sheet.xlsx,https://data.gov.au/data/dataset/2b690e28-8239-48c6-a71d-2658f37d51d7/resource/840f704f-8a29-4f2d-bd03-cc3b4000a9d8/download/2.-balance-sheet.xlsx,not supported - no extractor; out of scope for this milestone's load,2017-18,49,12,2017-18 Australian Government general government sector balance sheet,"ACTUAL
as at
31 July 2017
$m | ACTUAL
as at
31 August 2017
$m | ACTUAL
as at
30 September 2017
$m | ACTUAL
as at
31 October 2017
$m | ACTUAL
as at
30 November 2017
$m | ACTUAL
as at
31 December 2017
$m | ACTUAL
as at
31 January 2018
$m | ACTUAL
as at
28 February 2018
$m | ACTUAL
as at
31 March 2018
",
federal_mfs_balance_sheet,Balance Sheet,raw/federal/federal_mfs_balance_sheet/snapshots/20260724T190604Z/files/2.-balance-sheet.xlsx,bd0610b18724c6c6dc786a72d612b0af7ae4ae7038082cf4f68dab85d8bebf7d,2.-balance-sheet.xlsx,https://data.gov.au/data/dataset/2b690e28-8239-48c6-a71d-2658f37d51d7/resource/840f704f-8a29-4f2d-bd03-cc3b4000a9d8/download/2.-balance-sheet.xlsx,not supported - no extractor; out of scope for this milestone's load,2018-19,49,12,2018-19 Australian Government general government sector balance sheet,"ACTUAL
as at
31 July 2018
$m | ACTUAL
as at
31 August 2018
$m | ACTUAL
as at
30 September 2018
$m | ACTUAL
as at
31 October 2018
$m | ACTUAL
as at
30 November 2018
$m | ACTUAL
as at
31 December 2018
$m | ACTUAL
as at
31 January 2019
$m | ACTUAL
as at
28 February 2019
$m | ACTUAL
as at
31 March 2019
",
federal_mfs_balance_sheet,Balance Sheet,raw/federal/federal_mfs_balance_sheet/snapshots/20260724T190604Z/files/2.-balance-sheet.xlsx,bd0610b18724c6c6dc786a72d612b0af7ae4ae7038082cf4f68dab85d8bebf7d,2.-balance-sheet.xlsx,https://data.gov.au/data/dataset/2b690e28-8239-48c6-a71d-2658f37d51d7/resource/840f704f-8a29-4f2d-bd03-cc3b4000a9d8/download/2.-balance-sheet.xlsx,not supported - no extractor; out of scope for this milestone's load,2019-20,49,12,2019-20 Australian Government general government sector balance sheet,"ACTUAL
as at
31 July 2019
$m | ACTUAL
as at
31 August 2019
$m | ACTUAL
as at
30 September 2019
$m | ACTUAL
as at
31 October 2019
$m | ACTUAL
as at
30 November 2019
$m | ACTUAL
as at
31 December 2019 (a)
$m | ACTUAL
as at
31 January 2020
$m | ACTUAL
as at
29 February 2020
$m | ACTUAL
as at
31 March 2",
federal_mfs_balance_sheet,Balance Sheet,raw/federal/federal_mfs_balance_sheet/snapshots/20260724T190604Z/files/2.-balance-sheet.xlsx,bd0610b18724c6c6dc786a72d612b0af7ae4ae7038082cf4f68dab85d8bebf7d,2.-balance-sheet.xlsx,https://data.gov.au/data/dataset/2b690e28-8239-48c6-a71d-2658f37d51d7/resource/840f704f-8a29-4f2d-bd03-cc3b4000a9d8/download/2.-balance-sheet.xlsx,not supported - no extractor; out of scope for this milestone's load,2020-21,49,12,2020-21 Australian Government general government sector balance sheet,"ACTUAL
as at
31 July 2020
$m | ACTUAL
as at
31 August 2020
$m | ACTUAL
as at
30 September 2020
$m | ACTUAL
as at
31 October 2020
$m | ACTUAL
as at
30 November 2020
$m | ACTUAL
as at
31 December 2020
$m | ACTUAL
as at
31 January 2021
$m | ACTUAL
as at
28 February 2021
$m | ACTUAL
as at
31 March 2021
",
federal_mfs_balance_sheet,Balance Sheet,raw/federal/federal_mfs_balance_sheet/snapshots/20260724T190604Z/files/2.-balance-sheet.xlsx,bd0610b18724c6c6dc786a72d612b0af7ae4ae7038082cf4f68dab85d8bebf7d,2.-balance-sheet.xlsx,https://data.gov.au/data/dataset/2b690e28-8239-48c6-a71d-2658f37d51d7/resource/840f704f-8a29-4f2d-bd03-cc3b4000a9d8/download/2.-balance-sheet.xlsx,not supported - no extractor; out of scope for this milestone's load,2021-22,49,12,2021-22 Australian Government general government sector balance sheet,"ACTUAL
as at
31 July 2021
$m | ACTUAL
as at
31 August 2021
$m | ACTUAL
as at
30 September 2021
$m | ACTUAL
as at
31 October 2021
$m | ACTUAL
as at
30 November 2021
$m | ACTUAL
as at
31 December 2021
$m | ACTUAL
as at
31 January 2022
$m | ACTUAL
as at
28 February 2022
$m | ACTUAL
as at
31 March 2022
",
federal_mfs_balance_sheet,Balance Sheet,raw/federal/federal_mfs_balance_sheet/snapshots/20260724T190604Z/files/2.-balance-sheet.xlsx,bd0610b18724c6c6dc786a72d612b0af7ae4ae7038082cf4f68dab85d8bebf7d,2.-balance-sheet.xlsx,https://data.gov.au/data/dataset/2b690e28-8239-48c6-a71d-2658f37d51d7/resource/840f704f-8a29-4f2d-bd03-cc3b4000a9d8/download/2.-balance-sheet.xlsx,not supported - no extractor; out of scope for this milestone's load,2022-23,49,12,2022-23 Australian Government general government sector balance sheet,"ACTUAL
as at
31 July 2022
$m | ACTUAL
as at
31 August 2022
$m | ACTUAL
as at
30 September 2022
$m | ACTUAL
as at
31 October 2022
$m | ACTUAL
as at
30 November 2022
$m | ACTUAL
as at
31 December 2022
$m | ACTUAL
as at
31 January 2023
$m | ACTUAL
as at
28 February 2023
$m | ACTUAL
as at
31 March 2023
",
federal_mfs_balance_sheet,Balance Sheet,raw/federal/federal_mfs_balance_sheet/snapshots/20260724T190604Z/files/2.-balance-sheet.xlsx,bd0610b18724c6c6dc786a72d612b0af7ae4ae7038082cf4f68dab85d8bebf7d,2.-balance-sheet.xlsx,https://data.gov.au/data/dataset/2b690e28-8239-48c6-a71d-2658f37d51d7/resource/840f704f-8a29-4f2d-bd03-cc3b4000a9d8/download/2.-balance-sheet.xlsx,not supported - no extractor; out of scope for this milestone's load,2023-24,49,12,2023-24 Australian Government general government sector balance sheet,"ACTUAL
as at
31 July 2023
$m | ACTUAL
as at
31 August 2023
$m | ACTUAL
as at
30 September 2023
$m | ACTUAL
as at
31 October 2023
$m | ACTUAL
as at
30 November 2023
$m | ACTUAL
as at
31 December 2023
$m | ACTUAL
as at
31 January 2024
$m | ACTUAL
as at
29 February 2024
$m | ACTUAL
as at
31 March 2024
",
federal_mfs_balance_sheet,Balance Sheet,raw/federal/federal_mfs_balance_sheet/snapshots/20260724T190604Z/files/2.-balance-sheet.xlsx,bd0610b18724c6c6dc786a72d612b0af7ae4ae7038082cf4f68dab85d8bebf7d,2.-balance-sheet.xlsx,https://data.gov.au/data/dataset/2b690e28-8239-48c6-a71d-2658f37d51d7/resource/840f704f-8a29-4f2d-bd03-cc3b4000a9d8/download/2.-balance-sheet.xlsx,not supported - no extractor; out of scope for this milestone's load,2024-25,49,12,2024-25 Australian Government general government sector balance sheet,"ACTUAL
as at
31 July 2024
$m | ACTUAL
as at
31 August 2024
$m | ACTUAL
as at
30 September 2024
$m | ACTUAL
as at
31 October 2024
$m | ACTUAL
as at
30 November 2024
$m | ACTUAL
as at
31 December 2024
$m | ACTUAL
as at
31 January 2025
$m | ACTUAL
as at
28 February 2025
$m | ACTUAL
as at
31 March 2025
",
federal_mfs_balance_sheet,Balance Sheet,raw/federal/federal_mfs_balance_sheet/snapshots/20260724T190604Z/files/2.-balance-sheet.xlsx,bd0610b18724c6c6dc786a72d612b0af7ae4ae7038082cf4f68dab85d8bebf7d,2.-balance-sheet.xlsx,https://data.gov.au/data/dataset/2b690e28-8239-48c6-a71d-2658f37d51d7/resource/840f704f-8a29-4f2d-bd03-cc3b4000a9d8/download/2.-balance-sheet.xlsx,not supported - no extractor; out of scope for this milestone's load,2025-26,49,12,2025-26 Australian Government general government sector balance sheet,"ACTUAL
as at
31 July 2025
$m | ACTUAL
as at
31 August 2025
$m | ACTUAL
as at
30 September 2025
$m | ACTUAL
as at
31 October 2025
$m | ACTUAL
as at
30 November 2025
$m | ACTUAL
as at
31 December 2025
$m | ACTUAL
as at
31 January 2026
$m | ACTUAL
as at
28 February 2026
$m | ACTUAL
as at
31 March 2026
",
federal_mfs_note3_function,Notes or supplementary schedules (functional expense breakdown),raw/federal/federal_mfs_note3_function/snapshots/20260724T190530Z/files/5.-note-3-function-statement.xlsx,27cbf361203029fb48100a63ce7534f34d86e817cf5904a0d3a9203fafb7180e,5.-note-3-function-statement.xlsx,https://data.gov.au/data/dataset/2b690e28-8239-48c6-a71d-2658f37d51d7/resource/e720e678-68cd-4639-8339-e22c0453d319/download/5.-note-3-function-statement.xlsx,not supported - no extractor; out of scope for this milestone's load,2005-06,27,12,2005-06 Australian Government general government sector - Expense by Function,ACTUAL | ACTUAL | ACTUAL | ACTUAL | ACTUAL | ACTUAL | ACTUAL | ACTUAL | ACTUAL | ACTUAL | ACTUAL,
federal_mfs_note3_function,Notes or supplementary schedules (functional expense breakdown),raw/federal/federal_mfs_note3_function/snapshots/20260724T190530Z/files/5.-note-3-function-statement.xlsx,27cbf361203029fb48100a63ce7534f34d86e817cf5904a0d3a9203fafb7180e,5.-note-3-function-statement.xlsx,https://data.gov.au/data/dataset/2b690e28-8239-48c6-a71d-2658f37d51d7/resource/e720e678-68cd-4639-8339-e22c0453d319/download/5.-note-3-function-statement.xlsx,not supported - no extractor; out of scope for this milestone's load,2006-07,27,12,2006-07 Australian Government general government sector - Expense by Function,ACTUAL | ACTUAL | ACTUAL | ACTUAL | ACTUAL | ACTUAL | ACTUAL | ACTUAL | ACTUAL | ACTUAL | ACTUAL,
federal_mfs_note3_function,Notes or supplementary schedules (functional expense breakdown),raw/federal/federal_mfs_note3_function/snapshots/20260724T190530Z/files/5.-note-3-function-statement.xlsx,27cbf361203029fb48100a63ce7534f34d86e817cf5904a0d3a9203fafb7180e,5.-note-3-function-statement.xlsx,https://data.gov.au/data/dataset/2b690e28-8239-48c6-a71d-2658f37d51d7/resource/e720e678-68cd-4639-8339-e22c0453d319/download/5.-note-3-function-statement.xlsx,not supported - no extractor; out of scope for this milestone's load,2007-08,28,12,2007-08 Australian Government general government sector - Expense by Function,ACTUAL | ACTUAL | ACTUAL | ACTUAL | ACTUAL | ACTUAL | ACTUAL | ACTUAL | ACTUAL | ACTUAL | ACTUAL,
federal_mfs_note3_function,Notes or supplementary schedules (functional expense breakdown),raw/federal/federal_mfs_note3_function/snapshots/20260724T190530Z/files/5.-note-3-function-statement.xlsx,27cbf361203029fb48100a63ce7534f34d86e817cf5904a0d3a9203fafb7180e,5.-note-3-function-statement.xlsx,https://data.gov.au/data/dataset/2b690e28-8239-48c6-a71d-2658f37d51d7/resource/e720e678-68cd-4639-8339-e22c0453d319/download/5.-note-3-function-statement.xlsx,not supported - no extractor; out of scope for this milestone's load,2008-09,27,12,2008-09 Australian Government general government sector - Expense by Function,ACTUAL | ACTUAL | ACTUAL | ACTUAL | ACTUAL | ACTUAL | ACTUAL | ACTUAL | ACTUAL | ACTUAL | ACTUAL,
federal_mfs_note3_function,Notes or supplementary schedules (functional expense breakdown),raw/federal/federal_mfs_note3_function/snapshots/20260724T190530Z/files/5.-note-3-function-statement.xlsx,27cbf361203029fb48100a63ce7534f34d86e817cf5904a0d3a9203fafb7180e,5.-note-3-function-statement.xlsx,https://data.gov.au/data/dataset/2b690e28-8239-48c6-a71d-2658f37d51d7/resource/e720e678-68cd-4639-8339-e22c0453d319/download/5.-note-3-function-statement.xlsx,not supported - no extractor; out of scope for this milestone's load,2009-10,27,12,2009-10 Australian Government general government sector - Expense by Function,ACTUAL | ACTUAL | ACTUAL | ACTUAL | ACTUAL | ACTUAL | ACTUAL | ACTUAL | ACTUAL | ACTUAL | ACTUAL,
federal_mfs_note3_function,Notes or supplementary schedules (functional expense breakdown),raw/federal/federal_mfs_note3_function/snapshots/20260724T190530Z/files/5.-note-3-function-statement.xlsx,27cbf361203029fb48100a63ce7534f34d86e817cf5904a0d3a9203fafb7180e,5.-note-3-function-statement.xlsx,https://data.gov.au/data/dataset/2b690e28-8239-48c6-a71d-2658f37d51d7/resource/e720e678-68cd-4639-8339-e22c0453d319/download/5.-note-3-function-statement.xlsx,not supported - no extractor; out of scope for this milestone's load,2010-11,26,12,2010-11 Australian Government general government sector - Expense by Function,ACTUAL | ACTUAL | ACTUAL | ACTUAL | ACTUAL | ACTUAL | ACTUAL | ACTUAL | ACTUAL | ACTUAL | ACTUAL,
federal_mfs_note3_function,Notes or supplementary schedules (functional expense breakdown),raw/federal/federal_mfs_note3_function/snapshots/20260724T190530Z/files/5.-note-3-function-statement.xlsx,27cbf361203029fb48100a63ce7534f34d86e817cf5904a0d3a9203fafb7180e,5.-note-3-function-statement.xlsx,https://data.gov.au/data/dataset/2b690e28-8239-48c6-a71d-2658f37d51d7/resource/e720e678-68cd-4639-8339-e22c0453d319/download/5.-note-3-function-statement.xlsx,not supported - no extractor; out of scope for this milestone's load,2011-12,26,12,2011-12 Australian Government general government sector - Expense by Function,ACTUAL | ACTUAL | ACTUAL | ACTUAL | ACTUAL | ACTUAL | ACTUAL | ACTUAL | ACTUAL | ACTUAL | ACTUAL,
federal_mfs_note3_function,Notes or supplementary schedules (functional expense breakdown),raw/federal/federal_mfs_note3_function/snapshots/20260724T190530Z/files/5.-note-3-function-statement.xlsx,27cbf361203029fb48100a63ce7534f34d86e817cf5904a0d3a9203fafb7180e,5.-note-3-function-statement.xlsx,https://data.gov.au/data/dataset/2b690e28-8239-48c6-a71d-2658f37d51d7/resource/e720e678-68cd-4639-8339-e22c0453d319/download/5.-note-3-function-statement.xlsx,not supported - no extractor; out of scope for this milestone's load,2012-13,23,12,2012-13 Australian Government general government sector - Expense by Function,"
ACTUAL
2012-2013
YTD July
$m | 
ACTUAL
2012-2013
YTD August
$m | 
ACTUAL
2012-2013
YTD September
$m | 
ACTUAL
2012-2013
YTD October
$m | 
ACTUAL
2012-2013
YTD November
$m | 
ACTUAL
2012-2013
YTD December
$m | 
ACTUAL
2012-2013
YTD January
$m | 
ACTUAL
2012-2013
YTD February
$m | 
ACTUAL
2012-2013
Y",
federal_mfs_note3_function,Notes or supplementary schedules (functional expense breakdown),raw/federal/federal_mfs_note3_function/snapshots/20260724T190530Z/files/5.-note-3-function-statement.xlsx,27cbf361203029fb48100a63ce7534f34d86e817cf5904a0d3a9203fafb7180e,5.-note-3-function-statement.xlsx,https://data.gov.au/data/dataset/2b690e28-8239-48c6-a71d-2658f37d51d7/resource/e720e678-68cd-4639-8339-e22c0453d319/download/5.-note-3-function-statement.xlsx,not supported - no extractor; out of scope for this milestone's load,2013-14,23,12,2013-14 Australian Government general government sector - Note 3 - Total expense by function,"
ACTUAL
2013-2014
 July
$m | 
ACTUAL
2013-2014
YTD August
$m | 
ACTUAL
2013-2014
YTD September
$m | 
ACTUAL
2013-2014
YTD October
$m | 
ACTUAL
2013-2014
YTD November
$m | 
ACTUAL
2013-2014
YTD December
$m | 
ACTUAL
2013-2014
YTD January
$m | 
ACTUAL
2013-2014
YTD February
$m | 
ACTUAL
2013-2014
YTD ",
federal_mfs_note3_function,Notes or supplementary schedules (functional expense breakdown),raw/federal/federal_mfs_note3_function/snapshots/20260724T190530Z/files/5.-note-3-function-statement.xlsx,27cbf361203029fb48100a63ce7534f34d86e817cf5904a0d3a9203fafb7180e,5.-note-3-function-statement.xlsx,https://data.gov.au/data/dataset/2b690e28-8239-48c6-a71d-2658f37d51d7/resource/e720e678-68cd-4639-8339-e22c0453d319/download/5.-note-3-function-statement.xlsx,not supported - no extractor; out of scope for this milestone's load,2014-15,23,12,2014-15 Australian Government general government sector - Note 3 - Total expense by function,"
ACTUAL
2014-2015
 July
$m | 
ACTUAL
2014-2015
YTD August
$m | 
ACTUAL
2014-2015
YTD September
$m | 
ACTUAL
2014-2015
YTD October
$m | 
ACTUAL
2014-2015
YTD November
$m | 
ACTUAL
2014-2015
YTD December
$m | 
ACTUAL
2014-2015
YTD January
$m | 
ACTUAL
2014-2015
YTD February
$m | 
ACTUAL
2014-2015
YTD ",
federal_mfs_note3_function,Notes or supplementary schedules (functional expense breakdown),raw/federal/federal_mfs_note3_function/snapshots/20260724T190530Z/files/5.-note-3-function-statement.xlsx,27cbf361203029fb48100a63ce7534f34d86e817cf5904a0d3a9203fafb7180e,5.-note-3-function-statement.xlsx,https://data.gov.au/data/dataset/2b690e28-8239-48c6-a71d-2658f37d51d7/resource/e720e678-68cd-4639-8339-e22c0453d319/download/5.-note-3-function-statement.xlsx,not supported - no extractor; out of scope for this milestone's load,2015-16,23,12,2015-16 Australian Government general government sector - Note 3 - Total expense by function,"
ACTUAL
2015-2016
 July
$m | 
ACTUAL
2015-2016
YTD August
$m | 
ACTUAL
2015-2016
YTD September
$m | 
ACTUAL
2015-2016
YTD October
$m | 
ACTUAL
2015-2016
YTD November
$m | 
ACTUAL
2015-2016
YTD December
$m | 
ACTUAL
2015-2016
YTD January
$m | 
ACTUAL
2015-2016
YTD February
$m | 
ACTUAL
2015-2016
YTD ",
federal_mfs_note3_function,Notes or supplementary schedules (functional expense breakdown),raw/federal/federal_mfs_note3_function/snapshots/20260724T190530Z/files/5.-note-3-function-statement.xlsx,27cbf361203029fb48100a63ce7534f34d86e817cf5904a0d3a9203fafb7180e,5.-note-3-function-statement.xlsx,https://data.gov.au/data/dataset/2b690e28-8239-48c6-a71d-2658f37d51d7/resource/e720e678-68cd-4639-8339-e22c0453d319/download/5.-note-3-function-statement.xlsx,not supported - no extractor; out of scope for this milestone's load,2016-17,23,12,2016-17 Australian Government general government sector - Note 3 - Total expense by function,"ACTUAL
2016-2017
July
$m | ACTUAL
2016-2017
YTD August
$m | ACTUAL
2016-2017
YTD September
$m | ACTUAL
2016-2017
YTD October
$m | ACTUAL
2016-2017
YTD November
$m | ACTUAL
2016-2017
YTD December
$m | ACTUAL
2016-2017
YTD January
$m | ACTUAL
2016-2017
YTD February
$m | ACTUAL
2016-2017
YTD March
$m |",
federal_mfs_note3_function,Notes or supplementary schedules (functional expense breakdown),raw/federal/federal_mfs_note3_function/snapshots/20260724T190530Z/files/5.-note-3-function-statement.xlsx,27cbf361203029fb48100a63ce7534f34d86e817cf5904a0d3a9203fafb7180e,5.-note-3-function-statement.xlsx,https://data.gov.au/data/dataset/2b690e28-8239-48c6-a71d-2658f37d51d7/resource/e720e678-68cd-4639-8339-e22c0453d319/download/5.-note-3-function-statement.xlsx,not supported - no extractor; out of scope for this milestone's load,2017-18,23,12,2017-18 Australian Government general government sector - Note 3 - Total expense by function,"ACTUAL
2017-2018
July
$m | ACTUAL
2017-2018
YTD August
$m | ACTUAL
2017-2018
YTD September
$m | ACTUAL
2017-2018
YTD October
$m | ACTUAL
2017-2018
YTD November
$m | ACTUAL
2017-2018
YTD December
$m | ACTUAL
2017-2018
YTD January
$m | ACTUAL
2017-2018
YTD February
$m | ACTUAL
2017-2018
YTD March
$m |",
federal_mfs_note3_function,Notes or supplementary schedules (functional expense breakdown),raw/federal/federal_mfs_note3_function/snapshots/20260724T190530Z/files/5.-note-3-function-statement.xlsx,27cbf361203029fb48100a63ce7534f34d86e817cf5904a0d3a9203fafb7180e,5.-note-3-function-statement.xlsx,https://data.gov.au/data/dataset/2b690e28-8239-48c6-a71d-2658f37d51d7/resource/e720e678-68cd-4639-8339-e22c0453d319/download/5.-note-3-function-statement.xlsx,not supported - no extractor; out of scope for this milestone's load,2018-19,23,12,2018-19 Australian Government general government sector - Note 3 - Total expense by function,"ACTUAL
2018-2019
July
$m | ACTUAL
2018-2019
YTD August
$m | ACTUAL
2018-2019
YTD September
$m | ACTUAL
2018-2019
YTD October
$m | ACTUAL
2018-2019
YTD November
$m | ACTUAL
2018-2019
YTD December
$m | ACTUAL
2018-2019
YTD January
$m | ACTUAL
2018-2019
YTD February
$m | ACTUAL
2018-2019
YTD March
$m |",
federal_mfs_note3_function,Notes or supplementary schedules (functional expense breakdown),raw/federal/federal_mfs_note3_function/snapshots/20260724T190530Z/files/5.-note-3-function-statement.xlsx,27cbf361203029fb48100a63ce7534f34d86e817cf5904a0d3a9203fafb7180e,5.-note-3-function-statement.xlsx,https://data.gov.au/data/dataset/2b690e28-8239-48c6-a71d-2658f37d51d7/resource/e720e678-68cd-4639-8339-e22c0453d319/download/5.-note-3-function-statement.xlsx,not supported - no extractor; out of scope for this milestone's load,2019-20,23,12,2019-20 Australian Government general government sector - Note 3 - Total expense by function,"ACTUAL
2019-2020
July
$m | ACTUAL
2019-2020
YTD August
$m | ACTUAL
2019-2020
YTD September
$m | ACTUAL
2019-2020
YTD October
$m | ACTUAL
2019-2020
YTD November
$m | ACTUAL
2019-2020
YTD December
$m | ACTUAL
2019-2020
YTD January
$m | ACTUAL
2019-2020
YTD February
$m | ACTUAL
2019-2020
YTD March
$m |",
federal_mfs_note3_function,Notes or supplementary schedules (functional expense breakdown),raw/federal/federal_mfs_note3_function/snapshots/20260724T190530Z/files/5.-note-3-function-statement.xlsx,27cbf361203029fb48100a63ce7534f34d86e817cf5904a0d3a9203fafb7180e,5.-note-3-function-statement.xlsx,https://data.gov.au/data/dataset/2b690e28-8239-48c6-a71d-2658f37d51d7/resource/e720e678-68cd-4639-8339-e22c0453d319/download/5.-note-3-function-statement.xlsx,not supported - no extractor; out of scope for this milestone's load,2020-21,23,12,2020-21 Australian Government general government sector - Note 3 - Total expense by function,"ACTUAL
2020-2021
July
$m | ACTUAL
2020-2021
YTD August
$m | ACTUAL
2020-2021
YTD September
$m | ACTUAL
2020-2021
YTD October
$m | ACTUAL
2020-2021
YTD November
$m | ACTUAL
2020-2021
YTD December
$m | ACTUAL
2020-2021
YTD January
$m | ACTUAL
2020-2021
YTD February
$m | ACTUAL
2020-2021
YTD March
$m |",
federal_mfs_note3_function,Notes or supplementary schedules (functional expense breakdown),raw/federal/federal_mfs_note3_function/snapshots/20260724T190530Z/files/5.-note-3-function-statement.xlsx,27cbf361203029fb48100a63ce7534f34d86e817cf5904a0d3a9203fafb7180e,5.-note-3-function-statement.xlsx,https://data.gov.au/data/dataset/2b690e28-8239-48c6-a71d-2658f37d51d7/resource/e720e678-68cd-4639-8339-e22c0453d319/download/5.-note-3-function-statement.xlsx,not supported - no extractor; out of scope for this milestone's load,2021-22,23,12,2021-22 Australian Government general government sector - Note 3 - Total expense by function,"ACTUAL
2021-2022
July
$m | ACTUAL
2021-2022
YTD August
$m | ACTUAL
2021-2022
YTD September
$m | ACTUAL
2021-2022
YTD October
$m | ACTUAL
2021-2022
YTD November
$m | ACTUAL
2021-2022
YTD December
$m | ACTUAL
2021-2022
YTD January
$m | ACTUAL
2021-2022
YTD February
$m | ACTUAL
2021-2022
YTD March
$m |",
federal_mfs_note3_function,Notes or supplementary schedules (functional expense breakdown),raw/federal/federal_mfs_note3_function/snapshots/20260724T190530Z/files/5.-note-3-function-statement.xlsx,27cbf361203029fb48100a63ce7534f34d86e817cf5904a0d3a9203fafb7180e,5.-note-3-function-statement.xlsx,https://data.gov.au/data/dataset/2b690e28-8239-48c6-a71d-2658f37d51d7/resource/e720e678-68cd-4639-8339-e22c0453d319/download/5.-note-3-function-statement.xlsx,not supported - no extractor; out of scope for this milestone's load,2022-23,23,12,2022-23 Australian Government general government sector - Note 3 - Total expense by function,"ACTUAL
2022-2023
July
$m | ACTUAL
2022-2023
YTD August
$m | ACTUAL
2022-2023
YTD September
$m | ACTUAL
2022-2023
YTD October
$m | ACTUAL
2022-2023
YTD November
$m | ACTUAL
2022-2023
YTD December
$m | ACTUAL
2022-2023
YTD January
$m | ACTUAL
2022-2023
YTD February
$m | ACTUAL
2022-2023
YTD March
$m |",
federal_mfs_note3_function,Notes or supplementary schedules (functional expense breakdown),raw/federal/federal_mfs_note3_function/snapshots/20260724T190530Z/files/5.-note-3-function-statement.xlsx,27cbf361203029fb48100a63ce7534f34d86e817cf5904a0d3a9203fafb7180e,5.-note-3-function-statement.xlsx,https://data.gov.au/data/dataset/2b690e28-8239-48c6-a71d-2658f37d51d7/resource/e720e678-68cd-4639-8339-e22c0453d319/download/5.-note-3-function-statement.xlsx,not supported - no extractor; out of scope for this milestone's load,2023-24,23,12,2023-24 Australian Government general government sector - Note 3 - Total expense by function,"ACTUAL
2023-2024
July
$m | ACTUAL
2023-2024
YTD August
$m | ACTUAL
2023-2024
YTD September
$m | ACTUAL
2023-2024
YTD October
$m | ACTUAL
2023-2024
YTD November
$m | ACTUAL
2023-2024
YTD December
$m | ACTUAL
2023-2024
YTD January
$m | ACTUAL
2023-2024
YTD February
$m | ACTUAL
2023-2024
YTD March
$m |",
federal_mfs_note3_function,Notes or supplementary schedules (functional expense breakdown),raw/federal/federal_mfs_note3_function/snapshots/20260724T190530Z/files/5.-note-3-function-statement.xlsx,27cbf361203029fb48100a63ce7534f34d86e817cf5904a0d3a9203fafb7180e,5.-note-3-function-statement.xlsx,https://data.gov.au/data/dataset/2b690e28-8239-48c6-a71d-2658f37d51d7/resource/e720e678-68cd-4639-8339-e22c0453d319/download/5.-note-3-function-statement.xlsx,not supported - no extractor; out of scope for this milestone's load,2024-25,23,12,2024-25 Australian Government general government sector - Note 3 - Total expense by function,"ACTUAL
2024-2025
July
$m | ACTUAL
2024-2025
YTD August
$m | ACTUAL
2024-2025
YTD September
$m | ACTUAL
2024-2025
YTD October
$m | ACTUAL
2024-2025
YTD November
$m | ACTUAL
2024-2025
YTD December
$m | ACTUAL
2024-2025
YTD January
$m | ACTUAL
2024-2025
YTD February
$m | ACTUAL
2024-2025
YTD March
$m |",
federal_mfs_note3_function,Notes or supplementary schedules (functional expense breakdown),raw/federal/federal_mfs_note3_function/snapshots/20260724T190530Z/files/5.-note-3-function-statement.xlsx,27cbf361203029fb48100a63ce7534f34d86e817cf5904a0d3a9203fafb7180e,5.-note-3-function-statement.xlsx,https://data.gov.au/data/dataset/2b690e28-8239-48c6-a71d-2658f37d51d7/resource/e720e678-68cd-4639-8339-e22c0453d319/download/5.-note-3-function-statement.xlsx,not supported - no extractor; out of scope for this milestone's load,2025-26,23,12,2025-26 Australian Government general government sector - Note 3 - Total expense by function,"ACTUAL
2025-2026
July
$m | ACTUAL
2025-2026
YTD August
$m | ACTUAL
2025-2026
YTD September
$m | ACTUAL
2025-2026
YTD October
$m | ACTUAL
2025-2026
YTD November
$m | ACTUAL
2025-2026
YTD December
$m | ACTUAL
2025-2026
YTD January
$m | ACTUAL
2025-2026
YTD February
$m | ACTUAL
2025-2026
YTD March
$m |",
federal_mfs_tax_notes_1_2,Notes or supplementary schedules (taxation revenue detail),raw/federal/federal_mfs_tax_notes_1_2/snapshots/20260724T190604Z/files/4.-note-1-and-2.xlsx,7c17e4df44ab2147f0c04ee5050e7c38ed43e8d00847cb61968e08e5175bf0f6,4.-note-1-and-2.xlsx,https://data.gov.au/data/dataset/2b690e28-8239-48c6-a71d-2658f37d51d7/resource/e5f442b8-af05-43f2-9b6d-bc9217cf3972/download/4.-note-1-and-2.xlsx,not supported - no extractor; out of scope for this milestone's load,2005-06,29,12,2005-06 Australian Government general government sector - Tax Note 1 - Income Tax,ACTUAL | ACTUAL | ACTUAL | ACTUAL | ACTUAL | ACTUAL | ACTUAL | ACTUAL | ACTUAL | ACTUAL | ACTUAL,
federal_mfs_tax_notes_1_2,Notes or supplementary schedules (taxation revenue detail),raw/federal/federal_mfs_tax_notes_1_2/snapshots/20260724T190604Z/files/4.-note-1-and-2.xlsx,7c17e4df44ab2147f0c04ee5050e7c38ed43e8d00847cb61968e08e5175bf0f6,4.-note-1-and-2.xlsx,https://data.gov.au/data/dataset/2b690e28-8239-48c6-a71d-2658f37d51d7/resource/e5f442b8-af05-43f2-9b6d-bc9217cf3972/download/4.-note-1-and-2.xlsx,not supported - no extractor; out of scope for this milestone's load,2006-07,28,12,2006-07 Australian Government general government sector - Tax Note 1 - Income Tax,ACTUAL | ACTUAL | ACTUAL | ACTUAL | ACTUAL | ACTUAL | ACTUAL | ACTUAL | ACTUAL | ACTUAL | ACTUAL,
federal_mfs_tax_notes_1_2,Notes or supplementary schedules (taxation revenue detail),raw/federal/federal_mfs_tax_notes_1_2/snapshots/20260724T190604Z/files/4.-note-1-and-2.xlsx,7c17e4df44ab2147f0c04ee5050e7c38ed43e8d00847cb61968e08e5175bf0f6,4.-note-1-and-2.xlsx,https://data.gov.au/data/dataset/2b690e28-8239-48c6-a71d-2658f37d51d7/resource/e5f442b8-af05-43f2-9b6d-bc9217cf3972/download/4.-note-1-and-2.xlsx,not supported - no extractor; out of scope for this milestone's load,2007-08,27,12,2007-08 Australian Government general government sector - Tax Note 1 - Income Tax,ACTUAL | ACTUAL | ACTUAL | ACTUAL | ACTUAL | ACTUAL | ACTUAL | ACTUAL | ACTUAL | ACTUAL | ACTUAL,
federal_mfs_tax_notes_1_2,Notes or supplementary schedules (taxation revenue detail),raw/federal/federal_mfs_tax_notes_1_2/snapshots/20260724T190604Z/files/4.-note-1-and-2.xlsx,7c17e4df44ab2147f0c04ee5050e7c38ed43e8d00847cb61968e08e5175bf0f6,4.-note-1-and-2.xlsx,https://data.gov.au/data/dataset/2b690e28-8239-48c6-a71d-2658f37d51d7/resource/e5f442b8-af05-43f2-9b6d-bc9217cf3972/download/4.-note-1-and-2.xlsx,not supported - no extractor; out of scope for this milestone's load,2008-09,29,12,2008-09 Australian Government general government sector - Tax Note 1 - Income Tax,ACTUAL | ACTUAL | ACTUAL | ACTUAL | ACTUAL | ACTUAL | ACTUAL | ACTUAL | ACTUAL | ACTUAL | ACTUAL,
federal_mfs_tax_notes_1_2,Notes or supplementary schedules (taxation revenue detail),raw/federal/federal_mfs_tax_notes_1_2/snapshots/20260724T190604Z/files/4.-note-1-and-2.xlsx,7c17e4df44ab2147f0c04ee5050e7c38ed43e8d00847cb61968e08e5175bf0f6,4.-note-1-and-2.xlsx,https://data.gov.au/data/dataset/2b690e28-8239-48c6-a71d-2658f37d51d7/resource/e5f442b8-af05-43f2-9b6d-bc9217cf3972/download/4.-note-1-and-2.xlsx,not supported - no extractor; out of scope for this milestone's load,2009-10,30,12,2009-10 Australian Government general government sector - Tax Note 1 - Income Tax,ACTUAL | ACTUAL | ACTUAL | ACTUAL | ACTUAL | ACTUAL | ACTUAL | ACTUAL | ACTUAL | ACTUAL | ACTUAL,
federal_mfs_tax_notes_1_2,Notes or supplementary schedules (taxation revenue detail),raw/federal/federal_mfs_tax_notes_1_2/snapshots/20260724T190604Z/files/4.-note-1-and-2.xlsx,7c17e4df44ab2147f0c04ee5050e7c38ed43e8d00847cb61968e08e5175bf0f6,4.-note-1-and-2.xlsx,https://data.gov.au/data/dataset/2b690e28-8239-48c6-a71d-2658f37d51d7/resource/e5f442b8-af05-43f2-9b6d-bc9217cf3972/download/4.-note-1-and-2.xlsx,not supported - no extractor; out of scope for this milestone's load,2010-11,28,12,2010-11 Australian Government general government sector - Tax Note 1 - Income Tax,ACTUAL | ACTUAL | ACTUAL | ACTUAL | ACTUAL | ACTUAL | ACTUAL | ACTUAL | ACTUAL | ACTUAL | ACTUAL,
federal_mfs_tax_notes_1_2,Notes or supplementary schedules (taxation revenue detail),raw/federal/federal_mfs_tax_notes_1_2/snapshots/20260724T190604Z/files/4.-note-1-and-2.xlsx,7c17e4df44ab2147f0c04ee5050e7c38ed43e8d00847cb61968e08e5175bf0f6,4.-note-1-and-2.xlsx,https://data.gov.au/data/dataset/2b690e28-8239-48c6-a71d-2658f37d51d7/resource/e5f442b8-af05-43f2-9b6d-bc9217cf3972/download/4.-note-1-and-2.xlsx,not supported - no extractor; out of scope for this milestone's load,2011-12,22,12,2011-12 Australian Government general government sector - Tax Note 1 - Income Tax,"ACTUAL
2011-12
July
$m | ACTUAL
2011-12
YTD August
$m | 
ACTUAL
2011-2012
YTD September
$m | 
ACTUAL
2011-2012
YTD October
$m | 
ACTUAL
2011-2012
YTD November
$m | 
ACTUAL
2011-2012
YTD December
$m | 
ACTUAL
2011-2012
YTD January
$m | 
ACTUAL
2011-2012
YTD February
$m | 
ACTUAL
2011-2012
YTD March
$",
federal_mfs_tax_notes_1_2,Notes or supplementary schedules (taxation revenue detail),raw/federal/federal_mfs_tax_notes_1_2/snapshots/20260724T190604Z/files/4.-note-1-and-2.xlsx,7c17e4df44ab2147f0c04ee5050e7c38ed43e8d00847cb61968e08e5175bf0f6,4.-note-1-and-2.xlsx,https://data.gov.au/data/dataset/2b690e28-8239-48c6-a71d-2658f37d51d7/resource/e5f442b8-af05-43f2-9b6d-bc9217cf3972/download/4.-note-1-and-2.xlsx,not supported - no extractor; out of scope for this milestone's load,2012-13,25,12,2012-13 Australian Government general government sector - Tax Note 1 - Income Tax,"
ACTUAL
2012-2013
YTD July
$m | 
ACTUAL
2012-2013
YTD August
$m | 
ACTUAL
2012-2013
YTD September
$m | 
ACTUAL
2012-2013
YTD October
$m | 
ACTUAL
2012-2013
YTD November
$m | 
ACTUAL
2012-2013
YTD December
$m | 
ACTUAL
2012-2013
YTD January
$m | 
ACTUAL
2012-2013
YTD February
$m | 
ACTUAL
2012-2013
Y",
federal_mfs_tax_notes_1_2,Notes or supplementary schedules (taxation revenue detail),raw/federal/federal_mfs_tax_notes_1_2/snapshots/20260724T190604Z/files/4.-note-1-and-2.xlsx,7c17e4df44ab2147f0c04ee5050e7c38ed43e8d00847cb61968e08e5175bf0f6,4.-note-1-and-2.xlsx,https://data.gov.au/data/dataset/2b690e28-8239-48c6-a71d-2658f37d51d7/resource/e5f442b8-af05-43f2-9b6d-bc9217cf3972/download/4.-note-1-and-2.xlsx,not supported - no extractor; out of scope for this milestone's load,2013-14,27,12,2013-14 Australian Government general government sector - Tax Note 1 - Income Tax,"
ACTUAL
2013-2014
 July
$m | 
ACTUAL
2013-2014
YTD August
$m | 
ACTUAL
2013-2014
YTD September
$m | 
ACTUAL
2013-2014
YTD October
$m | 
ACTUAL
2013-2014
YTD November
$m | 
ACTUAL
2013-2014
YTD December
$m | 
ACTUAL
2013-2014
YTD January
$m | 
ACTUAL
2013-2014
YTD February
$m | 
ACTUAL
2013-2014
YTD ",
federal_mfs_tax_notes_1_2,Notes or supplementary schedules (taxation revenue detail),raw/federal/federal_mfs_tax_notes_1_2/snapshots/20260724T190604Z/files/4.-note-1-and-2.xlsx,7c17e4df44ab2147f0c04ee5050e7c38ed43e8d00847cb61968e08e5175bf0f6,4.-note-1-and-2.xlsx,https://data.gov.au/data/dataset/2b690e28-8239-48c6-a71d-2658f37d51d7/resource/e5f442b8-af05-43f2-9b6d-bc9217cf3972/download/4.-note-1-and-2.xlsx,not supported - no extractor; out of scope for this milestone's load,2014-15,23,12,2014-15 Australian Government general government sector - Tax Note 1 - Income Tax,"
ACTUAL
2014-2015
 July
$m | 
ACTUAL
2014-2015
YTD August
$m | 
ACTUAL
2014-2015
YTD September
$m | 
ACTUAL
2014-2015
YTD October
$m | 
ACTUAL
2014-2015
YTD November
$m | 
ACTUAL
2014-2015
YTD December
$m | 
ACTUAL
2014-2015
YTD January
$m | 
ACTUAL
2014-2015
YTD February
$m | 
ACTUAL
2014-2015
YTD ",
federal_mfs_tax_notes_1_2,Notes or supplementary schedules (taxation revenue detail),raw/federal/federal_mfs_tax_notes_1_2/snapshots/20260724T190604Z/files/4.-note-1-and-2.xlsx,7c17e4df44ab2147f0c04ee5050e7c38ed43e8d00847cb61968e08e5175bf0f6,4.-note-1-and-2.xlsx,https://data.gov.au/data/dataset/2b690e28-8239-48c6-a71d-2658f37d51d7/resource/e5f442b8-af05-43f2-9b6d-bc9217cf3972/download/4.-note-1-and-2.xlsx,not supported - no extractor; out of scope for this milestone's load,2015-16,23,12,2015-16 Australian Government general government sector - Tax Note 1 - Income Tax,"
ACTUAL
2015-2016
 July
$m | 
ACTUAL
2015-2016
YTD August
$m | 
ACTUAL
2015-2016
YTD September
$m | 
ACTUAL
2015-2016
YTD October
$m | 
ACTUAL
2015-2016
YTD November
$m | 
ACTUAL
2015-2016
YTD December
$m | 
ACTUAL
2015-2016
YTD January
$m | 
ACTUAL
2015-2016
YTD February
$m | 
ACTUAL
2015-2016
YTD ",
federal_mfs_tax_notes_1_2,Notes or supplementary schedules (taxation revenue detail),raw/federal/federal_mfs_tax_notes_1_2/snapshots/20260724T190604Z/files/4.-note-1-and-2.xlsx,7c17e4df44ab2147f0c04ee5050e7c38ed43e8d00847cb61968e08e5175bf0f6,4.-note-1-and-2.xlsx,https://data.gov.au/data/dataset/2b690e28-8239-48c6-a71d-2658f37d51d7/resource/e5f442b8-af05-43f2-9b6d-bc9217cf3972/download/4.-note-1-and-2.xlsx,not supported - no extractor; out of scope for this milestone's load,2016-17,23,12,2016-17 Australian Government general government sector - Tax Note 1 - Income Tax,"ACTUAL
2016-2017
July
$m | ACTUAL
2016-2017
YTD August
$m | ACTUAL
2016-2017
YTD September
$m | ACTUAL
2016-2017
YTD October
$m | ACTUAL
2016-2017
YTD November
$m | ACTUAL
2016-2017
YTD December
$m | ACTUAL
2016-2017
YTD January
$m | ACTUAL
2016-2017
YTD February
$m | ACTUAL
2016-2017
YTD March
$m |",
federal_mfs_tax_notes_1_2,Notes or supplementary schedules (taxation revenue detail),raw/federal/federal_mfs_tax_notes_1_2/snapshots/20260724T190604Z/files/4.-note-1-and-2.xlsx,7c17e4df44ab2147f0c04ee5050e7c38ed43e8d00847cb61968e08e5175bf0f6,4.-note-1-and-2.xlsx,https://data.gov.au/data/dataset/2b690e28-8239-48c6-a71d-2658f37d51d7/resource/e5f442b8-af05-43f2-9b6d-bc9217cf3972/download/4.-note-1-and-2.xlsx,not supported - no extractor; out of scope for this milestone's load,2017-18,23,12,2017-18 Australian Government general government sector - Tax Note 1 - Income Tax,"ACTUAL
2017-2018
July
$m | ACTUAL
2017-2018
YTD August
$m | ACTUAL
2017-2018
YTD September
$m | ACTUAL
2017-2018
YTD October
$m | ACTUAL
2017-2018
YTD November
$m | ACTUAL
2017-2018
YTD December
$m | ACTUAL
2017-2018
YTD January
$m | ACTUAL
2017-2018
YTD February
$m | ACTUAL
2017-2018
YTD March
$m |",
federal_mfs_tax_notes_1_2,Notes or supplementary schedules (taxation revenue detail),raw/federal/federal_mfs_tax_notes_1_2/snapshots/20260724T190604Z/files/4.-note-1-and-2.xlsx,7c17e4df44ab2147f0c04ee5050e7c38ed43e8d00847cb61968e08e5175bf0f6,4.-note-1-and-2.xlsx,https://data.gov.au/data/dataset/2b690e28-8239-48c6-a71d-2658f37d51d7/resource/e5f442b8-af05-43f2-9b6d-bc9217cf3972/download/4.-note-1-and-2.xlsx,not supported - no extractor; out of scope for this milestone's load,2018-19,23,12,2018-19 Australian Government general government sector - Tax Note 1 - Income Tax,"ACTUAL
2018-2019
July
$m | ACTUAL
2018-2019
YTD August
$m | ACTUAL
2018-2019
YTD September
$m | ACTUAL
2018-2019
YTD October
$m | ACTUAL
2018-2019
YTD November
$m | ACTUAL
2018-2019
YTD December
$m | ACTUAL
2018-2019
YTD January
$m | ACTUAL
2018-2019
YTD February
$m | ACTUAL
2018-2019
YTD March
$m |",
federal_mfs_tax_notes_1_2,Notes or supplementary schedules (taxation revenue detail),raw/federal/federal_mfs_tax_notes_1_2/snapshots/20260724T190604Z/files/4.-note-1-and-2.xlsx,7c17e4df44ab2147f0c04ee5050e7c38ed43e8d00847cb61968e08e5175bf0f6,4.-note-1-and-2.xlsx,https://data.gov.au/data/dataset/2b690e28-8239-48c6-a71d-2658f37d51d7/resource/e5f442b8-af05-43f2-9b6d-bc9217cf3972/download/4.-note-1-and-2.xlsx,not supported - no extractor; out of scope for this milestone's load,2019-20,23,12,2019-20 Australian Government general government sector - Tax Note 1 - Income Tax,"ACTUAL
2019-2020
July
$m | ACTUAL
2019-2020
YTD August
$m | ACTUAL
2019-2020
YTD September
$m | ACTUAL
2019-2020
YTD October
$m | ACTUAL
2019-2020
YTD November
$m | ACTUAL
2019-2020
YTD December
$m | ACTUAL
2019-2020
YTD January
$m | ACTUAL
2019-2020
YTD February
$m | ACTUAL
2019-2020
YTD March
$m |",
federal_mfs_tax_notes_1_2,Notes or supplementary schedules (taxation revenue detail),raw/federal/federal_mfs_tax_notes_1_2/snapshots/20260724T190604Z/files/4.-note-1-and-2.xlsx,7c17e4df44ab2147f0c04ee5050e7c38ed43e8d00847cb61968e08e5175bf0f6,4.-note-1-and-2.xlsx,https://data.gov.au/data/dataset/2b690e28-8239-48c6-a71d-2658f37d51d7/resource/e5f442b8-af05-43f2-9b6d-bc9217cf3972/download/4.-note-1-and-2.xlsx,not supported - no extractor; out of scope for this milestone's load,2020-21,23,12,2020-21 Australian Government general government sector - Tax Note 1 - Income Tax,"ACTUAL
2020-2021
July
$m | ACTUAL
2020-2021
YTD August
$m | ACTUAL
2020-2021
YTD September
$m | ACTUAL
2020-2021
YTD October
$m | ACTUAL
2020-2021
YTD November
$m | ACTUAL
2020-2021
YTD December
$m | ACTUAL
2020-2021
YTD January
$m | ACTUAL
2020-2021
YTD February
$m | ACTUAL
2020-2021
YTD March
$m |",
federal_mfs_tax_notes_1_2,Notes or supplementary schedules (taxation revenue detail),raw/federal/federal_mfs_tax_notes_1_2/snapshots/20260724T190604Z/files/4.-note-1-and-2.xlsx,7c17e4df44ab2147f0c04ee5050e7c38ed43e8d00847cb61968e08e5175bf0f6,4.-note-1-and-2.xlsx,https://data.gov.au/data/dataset/2b690e28-8239-48c6-a71d-2658f37d51d7/resource/e5f442b8-af05-43f2-9b6d-bc9217cf3972/download/4.-note-1-and-2.xlsx,not supported - no extractor; out of scope for this milestone's load,2021-22,24,12,2021-22 Australian Government general government sector - Tax Note 1 - Income Tax,"ACTUAL
2021-2022
July
$m | ACTUAL
2021-2022
YTD August
$m | ACTUAL
2021-2022
YTD September
$m | ACTUAL
2021-2022
YTD October
$m | ACTUAL
2021-2022
YTD November
$m | ACTUAL
2021-2022
YTD December
$m | ACTUAL
2021-2022
YTD January
$m | ACTUAL
2021-2022
YTD February
$m | ACTUAL
2021-2022
YTD March
$m |",
federal_mfs_tax_notes_1_2,Notes or supplementary schedules (taxation revenue detail),raw/federal/federal_mfs_tax_notes_1_2/snapshots/20260724T190604Z/files/4.-note-1-and-2.xlsx,7c17e4df44ab2147f0c04ee5050e7c38ed43e8d00847cb61968e08e5175bf0f6,4.-note-1-and-2.xlsx,https://data.gov.au/data/dataset/2b690e28-8239-48c6-a71d-2658f37d51d7/resource/e5f442b8-af05-43f2-9b6d-bc9217cf3972/download/4.-note-1-and-2.xlsx,not supported - no extractor; out of scope for this milestone's load,2022-23,23,12,2022-23 Australian Government general government sector - Tax Note 1 - Income Tax,"ACTUAL
2022-2023
July
$m | ACTUAL
2022-2023
YTD August
$m | ACTUAL
2022-2023
YTD September
$m | ACTUAL
2022-2023
YTD October
$m | ACTUAL
2022-2023
YTD November
$m | ACTUAL
2022-2023
YTD December
$m | ACTUAL
2022-2023
YTD January
$m | ACTUAL
2022-2023
YTD February
$m | ACTUAL
2022-2023
YTD March
$m |",
federal_mfs_tax_notes_1_2,Notes or supplementary schedules (taxation revenue detail),raw/federal/federal_mfs_tax_notes_1_2/snapshots/20260724T190604Z/files/4.-note-1-and-2.xlsx,7c17e4df44ab2147f0c04ee5050e7c38ed43e8d00847cb61968e08e5175bf0f6,4.-note-1-and-2.xlsx,https://data.gov.au/data/dataset/2b690e28-8239-48c6-a71d-2658f37d51d7/resource/e5f442b8-af05-43f2-9b6d-bc9217cf3972/download/4.-note-1-and-2.xlsx,not supported - no extractor; out of scope for this milestone's load,2023-24,23,12,2023-24 Australian Government general government sector - Tax Note 1 - Income Tax,"ACTUAL
2023-2024
July
$m | ACTUAL
2023-2024
YTD August
$m | ACTUAL
2023-2024
YTD September
$m | ACTUAL
2023-2024
YTD October
$m | ACTUAL
2023-2024
YTD November
$m | ACTUAL
2023-2024
YTD December
$m | ACTUAL
2023-2024
YTD January
$m | ACTUAL
2023-2024
YTD February
$m | ACTUAL
2023-2024
YTD March
$m |",
federal_mfs_tax_notes_1_2,Notes or supplementary schedules (taxation revenue detail),raw/federal/federal_mfs_tax_notes_1_2/snapshots/20260724T190604Z/files/4.-note-1-and-2.xlsx,7c17e4df44ab2147f0c04ee5050e7c38ed43e8d00847cb61968e08e5175bf0f6,4.-note-1-and-2.xlsx,https://data.gov.au/data/dataset/2b690e28-8239-48c6-a71d-2658f37d51d7/resource/e5f442b8-af05-43f2-9b6d-bc9217cf3972/download/4.-note-1-and-2.xlsx,not supported - no extractor; out of scope for this milestone's load,2024-25,23,12,2024-25 Australian Government general government sector - Tax Note 1 - Income Tax,"ACTUAL
2024-2025
July
$m | ACTUAL
2024-2025
YTD August
$m | ACTUAL
2024-2025
YTD September
$m | ACTUAL
2024-2025
YTD October
$m | ACTUAL
2024-2025
YTD November
$m | ACTUAL
2024-2025
YTD December
$m | ACTUAL
2024-2025
YTD January
$m | ACTUAL
2024-2025
YTD February
$m | ACTUAL
2024-2025
YTD March
$m |",
federal_mfs_tax_notes_1_2,Notes or supplementary schedules (taxation revenue detail),raw/federal/federal_mfs_tax_notes_1_2/snapshots/20260724T190604Z/files/4.-note-1-and-2.xlsx,7c17e4df44ab2147f0c04ee5050e7c38ed43e8d00847cb61968e08e5175bf0f6,4.-note-1-and-2.xlsx,https://data.gov.au/data/dataset/2b690e28-8239-48c6-a71d-2658f37d51d7/resource/e5f442b8-af05-43f2-9b6d-bc9217cf3972/download/4.-note-1-and-2.xlsx,not supported - no extractor; out of scope for this milestone's load,2025-26,23,12,2025-26 Australian Government general government sector - Tax Note 1 - Income Tax,"ACTUAL
2025-2026
July
$m | ACTUAL
2025-2026
YTD August
$m | ACTUAL
2025-2026
YTD September
$m | ACTUAL
2025-2026
YTD October
$m | ACTUAL
2025-2026
YTD November
$m | ACTUAL
2025-2026
YTD December
$m | ACTUAL
2025-2026
YTD January
$m | ACTUAL
2025-2026
YTD February
$m | ACTUAL
2025-2026
YTD March
$m |",
federal_mfs_monthly_profiles,Monthly Profiles,raw/federal/federal_mfs_monthly_profiles/snapshots/20260724T190530Z/files/1.-aggregates-mp.xlsx,729258ecea395230b1f4db5f502c238c80d26dea0324b965c96c36da0a7d47ab,1.-aggregates-mp.xlsx,https://data.gov.au/data/dataset/2b690e28-8239-48c6-a71d-2658f37d51d7/resource/67519e13-bc0e-4ccc-a09b-520bdf19f8ce/download/1.-aggregates-mp.xlsx,not supported - no extractor; out of scope for this milestone's load,2009-10,10,12,2009-2010 Australian Government general government sector - Aggregates,"AGGREGATES | ACTUAL*
2009-2010
July
$m | ACTUAL*
2009-2010
YTD August
$m | ACTUAL*
2009-2010
YTD September
$m | MYEFO Profile
YTD October 
2009
$m | MYEFO Profile
YTD November  2009
$m | MYEFO Profile
YTD December  2009
$m | MYEFO Profile
YTD January 
2010
$m | MYEFO Profile
YTD February 
2010
$m | ",
federal_mfs_monthly_profiles,Monthly Profiles,raw/federal/federal_mfs_monthly_profiles/snapshots/20260724T190530Z/files/1.-aggregates-mp.xlsx,729258ecea395230b1f4db5f502c238c80d26dea0324b965c96c36da0a7d47ab,1.-aggregates-mp.xlsx,https://data.gov.au/data/dataset/2b690e28-8239-48c6-a71d-2658f37d51d7/resource/67519e13-bc0e-4ccc-a09b-520bdf19f8ce/download/1.-aggregates-mp.xlsx,not supported - no extractor; out of scope for this milestone's load,2011-12,12,12,2011-2012 Australian Government general government sector - Aggregates,"AGGREGATES | 
ACTUAL*
2011-2012
July
$m | Budget 
Profile
2011-2012
YTD August
$m | Budget
Profile
2011-2012
YTD September
$m | Budget
Profile
2011-2012
YTD October
$m | MYEFO
Profile
2011-2012
YTD November
$m | MYEFO
Profile
2011-2012
YTD December
$m | MYEFO
Profile
2011-2012
YTD January
$m | MYEFO",
federal_mfs_monthly_profiles,Monthly Profiles,raw/federal/federal_mfs_monthly_profiles/snapshots/20260724T190530Z/files/1.-aggregates-mp.xlsx,729258ecea395230b1f4db5f502c238c80d26dea0324b965c96c36da0a7d47ab,1.-aggregates-mp.xlsx,https://data.gov.au/data/dataset/2b690e28-8239-48c6-a71d-2658f37d51d7/resource/67519e13-bc0e-4ccc-a09b-520bdf19f8ce/download/1.-aggregates-mp.xlsx,not supported - no extractor; out of scope for this milestone's load,2010-11,10,12,2010-2011 Australian Government general government sector - Aggregates,"AGGREGATES | 
ACTUAL*
2010-2011
July
$m | 
Budget Profile
2010-2011
YTD August
$m | 
Budget Profile
2010-2011
YTD September
$m | MYEFO 
Profile
2010-2011
YTD October
$m | MYEFO
 Profile
2010-2011
YTD November
$m | MYEFO 
Profile
2010-2011
YTD December
$m | MYEFO 
Profile
2010-2011
YTD January
$m | M",
federal_mfs_monthly_profiles,Monthly Profiles,raw/federal/federal_mfs_monthly_profiles/snapshots/20260724T190530Z/files/1.-aggregates-mp.xlsx,729258ecea395230b1f4db5f502c238c80d26dea0324b965c96c36da0a7d47ab,1.-aggregates-mp.xlsx,https://data.gov.au/data/dataset/2b690e28-8239-48c6-a71d-2658f37d51d7/resource/67519e13-bc0e-4ccc-a09b-520bdf19f8ce/download/1.-aggregates-mp.xlsx,not supported - no extractor; out of scope for this milestone's load,2012-13,12,12,2012-2013 Australian Government general government sector - Aggregates,"AGGREGATES | 
ACTUAL*
2012-2013
YTD July
$m | Budget
Profile
2012-2013
YTD August
$m | Budget
Profile
2012-2013
YTD September
$m | Budget
Profile
2012-2013
YTD October
$m | MYEFO
Profile
2012-2013
YTD November
$m | MYEFO
Profile
2012-2013
YTD December
$m | MYEFO
Profile
2012-2013
YTD January
$m | MY",
federal_mfs_monthly_profiles,Monthly Profiles,raw/federal/federal_mfs_monthly_profiles/snapshots/20260724T190530Z/files/1.-aggregates-mp.xlsx,729258ecea395230b1f4db5f502c238c80d26dea0324b965c96c36da0a7d47ab,1.-aggregates-mp.xlsx,https://data.gov.au/data/dataset/2b690e28-8239-48c6-a71d-2658f37d51d7/resource/67519e13-bc0e-4ccc-a09b-520bdf19f8ce/download/1.-aggregates-mp.xlsx,not supported - no extractor; out of scope for this milestone's load,2013-14,13,12,2013-2014 Australian Government general government sector - Aggregates,"AGGREGATES | 
ACTUAL*
2013-2014
July
$m | Budget 
Profile
2013-2014
YTD August
$m | Budget 
Profile
2013-2014
YTD September
$m | Budget  
Profile
2013-2014
YTD October
$m | BUDGET
PROFILE
2013-2014
YTD November
$m | MYEFO
PROFILE
2013-2014
YTD December
$m | MYEFO
PROFILE
2013-2014
YTD January
$m | M",
federal_mfs_monthly_profiles,Monthly Profiles,raw/federal/federal_mfs_monthly_profiles/snapshots/20260724T190530Z/files/1.-aggregates-mp.xlsx,729258ecea395230b1f4db5f502c238c80d26dea0324b965c96c36da0a7d47ab,1.-aggregates-mp.xlsx,https://data.gov.au/data/dataset/2b690e28-8239-48c6-a71d-2658f37d51d7/resource/67519e13-bc0e-4ccc-a09b-520bdf19f8ce/download/1.-aggregates-mp.xlsx,not supported - no extractor; out of scope for this milestone's load,2014-15,13,12,2014-2015 Australian Government general government sector - Aggregates,"AGGREGATES | 
ACTUAL*
2014-2015
July
$m | Budget 
Profile
2014-2015
YTD August
$m | Budget
 Profile
2014-2015
YTD September
$m | Budget
 Profile
2014-2015
YTD October
$m | Budget 
Profile
2014-2015
YTD November
$m | MYEFO
 PROFILE
2014-2015
YTD December
$m | MYEFO 
PROFILE
2014-2015
YTD January
$m |",
federal_mfs_monthly_profiles,Monthly Profiles,raw/federal/federal_mfs_monthly_profiles/snapshots/20260724T190530Z/files/1.-aggregates-mp.xlsx,729258ecea395230b1f4db5f502c238c80d26dea0324b965c96c36da0a7d47ab,1.-aggregates-mp.xlsx,https://data.gov.au/data/dataset/2b690e28-8239-48c6-a71d-2658f37d51d7/resource/67519e13-bc0e-4ccc-a09b-520bdf19f8ce/download/1.-aggregates-mp.xlsx,not supported - no extractor; out of scope for this milestone's load,2015-16,13,12,2015-2016 Australian Government general government sector - Aggregates,"AGGREGATES | 
ACTUAL*
2015-2016
July
$m | Budget 
Profile
2015-2016
YTD August
$m | Budget 
Profile
2015-2016
YTD September
$m | Budget 
Profile
2015-2016
YTD October
$m | Budget 
Profile
2015-2016
YTD November
$m | MYEFO 
Profile
2015-2016
YTD December
$m | MYEFO 
Profile
2015-2016
YTD January
$m |",
federal_mfs_monthly_profiles,Monthly Profiles,raw/federal/federal_mfs_monthly_profiles/snapshots/20260724T190530Z/files/1.-aggregates-mp.xlsx,729258ecea395230b1f4db5f502c238c80d26dea0324b965c96c36da0a7d47ab,1.-aggregates-mp.xlsx,https://data.gov.au/data/dataset/2b690e28-8239-48c6-a71d-2658f37d51d7/resource/67519e13-bc0e-4ccc-a09b-520bdf19f8ce/download/1.-aggregates-mp.xlsx,not supported - no extractor; out of scope for this milestone's load,2016-17,13,12,2016-2017 Australian Government general government sector - Aggregates,"AGGREGATES | ACTUAL*
2016-2017
July
$m | Budget 
Profile
2016-2017
YTD August
$m | Budget 
Profile
2016-2017
YTD September
$m | Budget 
Profile
2016-2017
YTD October
$m | Budget 
Profile
2016-2017
YTD November
$m | MYEFO  
Profile
2016-2017
YTD December
$m | MYEFO 
Profile
2016-2017
YTD January
$m |",
federal_mfs_monthly_profiles,Monthly Profiles,raw/federal/federal_mfs_monthly_profiles/snapshots/20260724T190530Z/files/1.-aggregates-mp.xlsx,729258ecea395230b1f4db5f502c238c80d26dea0324b965c96c36da0a7d47ab,1.-aggregates-mp.xlsx,https://data.gov.au/data/dataset/2b690e28-8239-48c6-a71d-2658f37d51d7/resource/67519e13-bc0e-4ccc-a09b-520bdf19f8ce/download/1.-aggregates-mp.xlsx,not supported - no extractor; out of scope for this milestone's load,2017-18,13,12,2017-2018 Australian Government general government sector - Aggregates,"AGGREGATES | 
ACTUAL*
2017-2018
July
$m | Budget 
Profile
2017-2018
YTD August
$m | Budget 
Profile
2017-2018
YTD September
$m | Budget 
Profile
2017-2018
YTD October
$m | Budget 
Profile
2017-2018
YTD November
$m | MYEFO 
Profile
2017-2018
YTD December
$m | MYEFO 
Profile
2017-2018
YTD January
$m |",
federal_mfs_monthly_profiles,Monthly Profiles,raw/federal/federal_mfs_monthly_profiles/snapshots/20260724T190530Z/files/1.-aggregates-mp.xlsx,729258ecea395230b1f4db5f502c238c80d26dea0324b965c96c36da0a7d47ab,1.-aggregates-mp.xlsx,https://data.gov.au/data/dataset/2b690e28-8239-48c6-a71d-2658f37d51d7/resource/67519e13-bc0e-4ccc-a09b-520bdf19f8ce/download/1.-aggregates-mp.xlsx,not supported - no extractor; out of scope for this milestone's load,2018-19,13,12,2018-2019 Australian Government general government sector - Aggregates,"AGGREGATES | 
ACTUAL*
2018-2019
July
$m | 
Budget 
Profile
2018-2019
YTD August
$m | Budget 
Profile
2018-2019
YTD September
$m | 
Budget 
Profile
2018-2019
YTD October
$m | Budget 
Profile
2018-2019
YTD November
$m | MYEFO 
Profile
2018-2019
YTD December
$m | 
MYEFO 
Profile
2018-2019
YTD January
$",
federal_mfs_monthly_profiles,Monthly Profiles,raw/federal/federal_mfs_monthly_profiles/snapshots/20260724T190530Z/files/1.-aggregates-mp.xlsx,729258ecea395230b1f4db5f502c238c80d26dea0324b965c96c36da0a7d47ab,1.-aggregates-mp.xlsx,https://data.gov.au/data/dataset/2b690e28-8239-48c6-a71d-2658f37d51d7/resource/67519e13-bc0e-4ccc-a09b-520bdf19f8ce/download/1.-aggregates-mp.xlsx,not supported - no extractor; out of scope for this milestone's load,2019-20,13,12,2019-2020 Australian Government general government sector - Aggregates,"AGGREGATES(a) | 
ACTUAL*
2019-2020
July
$m | Budget 
Profile
2019-2020
YTD August
$m | Budget 
Profile
2019-2020
YTD September
$m | Budget 
Profile
2019-2020
YTD October
$m | Budget 
Profile
2019-2020
YTD November
$m | MYEFO 
Profile
2019-2020
YTD December
$m | MYEFO 
Profile
2019-2020
YTD January
$",
federal_mfs_monthly_profiles,Monthly Profiles,raw/federal/federal_mfs_monthly_profiles/snapshots/20260724T190530Z/files/1.-aggregates-mp.xlsx,729258ecea395230b1f4db5f502c238c80d26dea0324b965c96c36da0a7d47ab,1.-aggregates-mp.xlsx,https://data.gov.au/data/dataset/2b690e28-8239-48c6-a71d-2658f37d51d7/resource/67519e13-bc0e-4ccc-a09b-520bdf19f8ce/download/1.-aggregates-mp.xlsx,not supported - no extractor; out of scope for this milestone's load,2020-21,12,12,2020-2021 Australian Government general government sector - Aggregates,"AGGREGATES | ACTUAL*
2020-2021
July
$b | 
ACTUAL*
2020-2021
YTD August
$b | Budget 
Profile
2020-2021
YTD September
$b | Budget 
Profile
2020-2021
YTD October
$b | Budget 
Profile
2020-2021
YTD November
$b | MYEFO 
Profile
2020-2021
YTD December
$b | MYEFO 
Profile
2020-2021
YTD January
$b | MYEFO 
",
federal_mfs_monthly_profiles,Monthly Profiles,raw/federal/federal_mfs_monthly_profiles/snapshots/20260724T190530Z/files/1.-aggregates-mp.xlsx,729258ecea395230b1f4db5f502c238c80d26dea0324b965c96c36da0a7d47ab,1.-aggregates-mp.xlsx,https://data.gov.au/data/dataset/2b690e28-8239-48c6-a71d-2658f37d51d7/resource/67519e13-bc0e-4ccc-a09b-520bdf19f8ce/download/1.-aggregates-mp.xlsx,not supported - no extractor; out of scope for this milestone's load,2021-22,12,12,2021-22 Australian Government general government sector - Aggregates,"AGGREGATES | ACTUAL*
2021-2022
July
$b | Budget 
Profile
2021-2022
YTD August
$b | Budget 
Profile
2021-2022
YTD September
$b | Budget 
Profile
2021-2022
YTD October
$b | Budget 
Profile
2021-2022
YTD November
$b | MYEFO 
Profile
2021-2022
YTD December
$b | MYEFO 
Profile
2021-2022
YTD January
$b | ",
federal_mfs_monthly_profiles,Monthly Profiles,raw/federal/federal_mfs_monthly_profiles/snapshots/20260724T190530Z/files/1.-aggregates-mp.xlsx,729258ecea395230b1f4db5f502c238c80d26dea0324b965c96c36da0a7d47ab,1.-aggregates-mp.xlsx,https://data.gov.au/data/dataset/2b690e28-8239-48c6-a71d-2658f37d51d7/resource/67519e13-bc0e-4ccc-a09b-520bdf19f8ce/download/1.-aggregates-mp.xlsx,not supported - no extractor; out of scope for this milestone's load,2022-23,12,12,2022-23 Australian Government general government sector - Aggregates,"AGGREGATES(a) | ACTUAL*
2022-2023
July
$b | ACTUAL*
2022-2023
YTD August
$b | ACTUAL*
2022-2023
YTD September
$b | ACTUAL*
2022-2023
YTD October
$b | October 
Budget 
Profile
2022-2023
YTD November
$b | October 
Budget 
Profile
2022-2023
YTD December
$b | October 
Budget 
Profile
2022-2023
YTD Janua",
federal_mfs_monthly_profiles,Monthly Profiles,raw/federal/federal_mfs_monthly_profiles/snapshots/20260724T190530Z/files/1.-aggregates-mp.xlsx,729258ecea395230b1f4db5f502c238c80d26dea0324b965c96c36da0a7d47ab,1.-aggregates-mp.xlsx,https://data.gov.au/data/dataset/2b690e28-8239-48c6-a71d-2658f37d51d7/resource/67519e13-bc0e-4ccc-a09b-520bdf19f8ce/download/1.-aggregates-mp.xlsx,not supported - no extractor; out of scope for this milestone's load,2023-24,12,12,2023-24 Australian Government general government sector - Aggregates,"AGGREGATES(a) | ACTUAL*
2023-2024
July
$b | Budget 
Profile
2023-2024
YTD August
$b | Budget 
Profile
2023-2024
YTD September
$b | Budget 
Profile
2023-2024
YTD October
$b | ACTUAL*
2023-2024
YTD November
$b | ACTUAL*
2023-2024
YTD December
$b | MYEFO 
Profile
2023-2024
YTD January
$b | MYEFO 
Profi",
federal_mfs_monthly_profiles,Monthly Profiles,raw/federal/federal_mfs_monthly_profiles/snapshots/20260724T190530Z/files/1.-aggregates-mp.xlsx,729258ecea395230b1f4db5f502c238c80d26dea0324b965c96c36da0a7d47ab,1.-aggregates-mp.xlsx,https://data.gov.au/data/dataset/2b690e28-8239-48c6-a71d-2658f37d51d7/resource/67519e13-bc0e-4ccc-a09b-520bdf19f8ce/download/1.-aggregates-mp.xlsx,not supported - no extractor; out of scope for this milestone's load,2024-25,12,12,2024-25 Australian Government general government sector - Aggregates,"AGGREGATES(a) | ACTUAL*
2024-2025
July
$b | Budget 
Profile
2024-2025
YTD August
$b | Budget Profile
2024-2025
YTD September
$b | Budget Profile
2024-2025
YTD October
$b | Budget Profile
2024-2025
YTD November
$b | Budget Profile
2024-2025
YTD December
$b | MYEFO Profile
2024-2025
YTD January
$b | M",
federal_mfs_monthly_profiles,Monthly Profiles,raw/federal/federal_mfs_monthly_profiles/snapshots/20260724T190530Z/files/1.-aggregates-mp.xlsx,729258ecea395230b1f4db5f502c238c80d26dea0324b965c96c36da0a7d47ab,1.-aggregates-mp.xlsx,https://data.gov.au/data/dataset/2b690e28-8239-48c6-a71d-2658f37d51d7/resource/67519e13-bc0e-4ccc-a09b-520bdf19f8ce/download/1.-aggregates-mp.xlsx,not supported - no extractor; out of scope for this milestone's load,2025-26,12,12,2025-26 Australian Government general government sector - Aggregates,"AGGREGATES(a) | ACTUAL*
2025-2026
July
$b | Budget 
Profile
2025-2026
YTD August
$b | Budget Profile
2025-2026
YTD September
$b | Budget Profile
2025-2026
YTD October
$b | Budget Profile
2025-2026
YTD November
$b | Budget Profile
2025-2026
YTD December
$b | MYEFO Profile
2025-2026
YTD January
$b | M",
federal_monthly_financial_statements,legacy bulk acquisition (pre-split),raw/federal/federal_monthly_financial_statements/snapshots/20260720T215815Z/files/6.-aggregates.xlsx,8b74f69be62ff34a04a18ac4455cc0c706034368d22dbcf3126200d3a0c6ca96,6.-aggregates.xlsx,https://data.gov.au/data/dataset/2b690e28-8239-48c6-a71d-2658f37d51d7/resource/1e1e039e-c54d-4c59-973b-7b15cde2ed63/download/6.-aggregates.xlsx,"not supported - superseded by the per-file sources above (except cash flow statement, which has no dedicated source_id yet); the 288-fact stray preload from this source was removed in Task 1",2000-01,13,12,2000-2001 Australian Government general government sector - Aggregates,"AGGREGATES | 
ACTUAL
2000-2001
July
$m | 
ACTUAL
2000-2001
August
$m | 
ACTUAL
2000-2001
YTD September
$m | 
ACTUAL
2000-2001
YTD October
$m | 
ACTUAL
2000-2001
YTD November
$m | 
ACTUAL
2000-2001
YTD December
$m | 
ACTUAL
2000-2001
YTD January
$m | 
ACTUAL
2000-2001
YTD February
$m | 
ACTUAL
2000-2",
federal_monthly_financial_statements,legacy bulk acquisition (pre-split),raw/federal/federal_monthly_financial_statements/snapshots/20260720T215815Z/files/6.-aggregates.xlsx,8b74f69be62ff34a04a18ac4455cc0c706034368d22dbcf3126200d3a0c6ca96,6.-aggregates.xlsx,https://data.gov.au/data/dataset/2b690e28-8239-48c6-a71d-2658f37d51d7/resource/1e1e039e-c54d-4c59-973b-7b15cde2ed63/download/6.-aggregates.xlsx,"not supported - superseded by the per-file sources above (except cash flow statement, which has no dedicated source_id yet); the 288-fact stray preload from this source was removed in Task 1",2001-02,12,12,2001-2002 Australian Government general government sector - Aggregates,"AGGREGATES | 
ACTUAL
2001-2002
YTD July
$m | 
ACTUAL
2001-2002
YTD August
$m | 
ACTUAL
2001-2002
YTD September
$m | 
ACTUAL
2001-2002
YTD October
$m | 
ACTUAL
2001-2002
YTD November
$m | 
ACTUAL
2001-2002
YTD December
$m | 
ACTUAL
2001-2002
YTD January
$m | 
ACTUAL
2001-2002
YTD February
$m | 
ACTUA",
federal_monthly_financial_statements,legacy bulk acquisition (pre-split),raw/federal/federal_monthly_financial_statements/snapshots/20260720T215815Z/files/6.-aggregates.xlsx,8b74f69be62ff34a04a18ac4455cc0c706034368d22dbcf3126200d3a0c6ca96,6.-aggregates.xlsx,https://data.gov.au/data/dataset/2b690e28-8239-48c6-a71d-2658f37d51d7/resource/1e1e039e-c54d-4c59-973b-7b15cde2ed63/download/6.-aggregates.xlsx,"not supported - superseded by the per-file sources above (except cash flow statement, which has no dedicated source_id yet); the 288-fact stray preload from this source was removed in Task 1",2002-03,12,12,2002-2003 Australian Government general government sector - Aggregates,"AGGREGATES | 
ACTUAL
2002-2003
YTD July
$m | 
ACTUAL
2002-2003
YTD August
$m | 
ACTUAL
2002-2003
September
$m | 
ACTUAL
2002-2003
YTD October
$m | 
ACTUAL
2002-2003
YTD November
$m | 
ACTUAL
2002-2003
YTD December
$m | 
ACTUAL
2002-2003
YTD January
$m | 
ACTUAL
2002-2003
YTD February
$m | 
ACTUAL
20",
federal_monthly_financial_statements,legacy bulk acquisition (pre-split),raw/federal/federal_monthly_financial_statements/snapshots/20260720T215815Z/files/6.-aggregates.xlsx,8b74f69be62ff34a04a18ac4455cc0c706034368d22dbcf3126200d3a0c6ca96,6.-aggregates.xlsx,https://data.gov.au/data/dataset/2b690e28-8239-48c6-a71d-2658f37d51d7/resource/1e1e039e-c54d-4c59-973b-7b15cde2ed63/download/6.-aggregates.xlsx,"not supported - superseded by the per-file sources above (except cash flow statement, which has no dedicated source_id yet); the 288-fact stray preload from this source was removed in Task 1",2003-04,12,12,2003-2004 Australian Government general government sector - Aggregates,"AGGREGATES | 
ACTUAL
2003-2004
YTD July
$m | 
ACTUAL
2003-2004
YTD August
$m | 
ACTUAL
2003-2004
YTD September
$m | 
ACTUAL
2003-2004
YTD October
$m | 
ACTUAL
2003-2004
YTD November
$m | 
ACTUAL
2003-2004
YTD December
$m | 
ACTUAL
2003-2004
YTD January
$m | 
ACTUAL
2003-2004
YTD February
$m | 
ACTUA",
federal_monthly_financial_statements,legacy bulk acquisition (pre-split),raw/federal/federal_monthly_financial_statements/snapshots/20260720T215815Z/files/6.-aggregates.xlsx,8b74f69be62ff34a04a18ac4455cc0c706034368d22dbcf3126200d3a0c6ca96,6.-aggregates.xlsx,https://data.gov.au/data/dataset/2b690e28-8239-48c6-a71d-2658f37d51d7/resource/1e1e039e-c54d-4c59-973b-7b15cde2ed63/download/6.-aggregates.xlsx,"not supported - superseded by the per-file sources above (except cash flow statement, which has no dedicated source_id yet); the 288-fact stray preload from this source was removed in Task 1",2004-05,12,12,2004-2005 Australian Government general government sector - Aggregates,"AGGREGATES | 
ACTUAL
2004-2005
YTD July
$m | 
ACTUAL
2004-2005
YTD August
$m | 
ACTUAL
2004-2005
YTD September
$m | 
ACTUAL
2004-2005
YTD October
$m | 
ACTUAL
2004-2005
YTD November
$m | 
ACTUAL
2004-2005
YTD December
$m | 
ACTUAL
2004-2005
YTD January
$m | 
ACTUAL
2004-2005
YTD February
$m | 
ACTUA",
federal_monthly_financial_statements,legacy bulk acquisition (pre-split),raw/federal/federal_monthly_financial_statements/snapshots/20260720T215815Z/files/6.-aggregates.xlsx,8b74f69be62ff34a04a18ac4455cc0c706034368d22dbcf3126200d3a0c6ca96,6.-aggregates.xlsx,https://data.gov.au/data/dataset/2b690e28-8239-48c6-a71d-2658f37d51d7/resource/1e1e039e-c54d-4c59-973b-7b15cde2ed63/download/6.-aggregates.xlsx,"not supported - superseded by the per-file sources above (except cash flow statement, which has no dedicated source_id yet); the 288-fact stray preload from this source was removed in Task 1",2005-06,11,12,2005-2006 Australian Government general government sector - Aggregates,"AGGREGATES | 
ACTUAL
2005-2006
YTD July
$m | 
ACTUAL
2005-2006
YTD August
$m | 
ACTUAL
2005-2006
YTD September
$m | 
ACTUAL
2005-2006
YTD October
$m | 
ACTUAL
2005-2006
YTD November
$m | 
ACTUAL
2005-2006
YTD December
$m | 
ACTUAL
2005-2006
YTD January
$m | 
ACTUAL
2005-2006
YTD February
$m | 
ACTUA",
federal_monthly_financial_statements,legacy bulk acquisition (pre-split),raw/federal/federal_monthly_financial_statements/snapshots/20260720T215815Z/files/6.-aggregates.xlsx,8b74f69be62ff34a04a18ac4455cc0c706034368d22dbcf3126200d3a0c6ca96,6.-aggregates.xlsx,https://data.gov.au/data/dataset/2b690e28-8239-48c6-a71d-2658f37d51d7/resource/1e1e039e-c54d-4c59-973b-7b15cde2ed63/download/6.-aggregates.xlsx,"not supported - superseded by the per-file sources above (except cash flow statement, which has no dedicated source_id yet); the 288-fact stray preload from this source was removed in Task 1",2006-07,12,12,2006-2007 Australian Government general government sector - Aggregates,"AGGREGATES | 
ACTUAL
2006-2007
YTD July
$m | 
ACTUAL
2006-2007
YTD August
$m | 
ACTUAL
2006-2007
YTD September
$m | 
ACTUAL
2006-2007
YTD October
$m | 
ACTUAL
2006-2007
YTD November
$m | 
ACTUAL
2006-2007
YTD December
$m | 
ACTUAL
2006-2007
YTD January
$m | 
ACTUAL
2006-2007
YTD February
$m | 
ACTUA",
federal_monthly_financial_statements,legacy bulk acquisition (pre-split),raw/federal/federal_monthly_financial_statements/snapshots/20260720T215815Z/files/6.-aggregates.xlsx,8b74f69be62ff34a04a18ac4455cc0c706034368d22dbcf3126200d3a0c6ca96,6.-aggregates.xlsx,https://data.gov.au/data/dataset/2b690e28-8239-48c6-a71d-2658f37d51d7/resource/1e1e039e-c54d-4c59-973b-7b15cde2ed63/download/6.-aggregates.xlsx,"not supported - superseded by the per-file sources above (except cash flow statement, which has no dedicated source_id yet); the 288-fact stray preload from this source was removed in Task 1",2007-08,13,12,2007-2008 Australian Government general government sector - Aggregates,"AGGREGATES | 
ACTUAL
2007-2008
YTD July
$m | 
ACTUAL
2007-2008
YTD August
$m | 
ACTUAL
2007-2008
YTD September
$m | 
ACTUAL
2007-2008
YTD October
$m | 
ACTUAL
2007-2008
YTD November
$m | 
ACTUAL
2007-2008
YTD December
$m | 
ACTUAL
2007-2008
YTD January
$m | 
ACTUAL
2007-2008
YTD February
$m | 
ACTUA",
federal_monthly_financial_statements,legacy bulk acquisition (pre-split),raw/federal/federal_monthly_financial_statements/snapshots/20260720T215815Z/files/6.-aggregates.xlsx,8b74f69be62ff34a04a18ac4455cc0c706034368d22dbcf3126200d3a0c6ca96,6.-aggregates.xlsx,https://data.gov.au/data/dataset/2b690e28-8239-48c6-a71d-2658f37d51d7/resource/1e1e039e-c54d-4c59-973b-7b15cde2ed63/download/6.-aggregates.xlsx,"not supported - superseded by the per-file sources above (except cash flow statement, which has no dedicated source_id yet); the 288-fact stray preload from this source was removed in Task 1",2008-09,13,12,2008-2009 Australian Government general government sector - Aggregates,"AGGREGATES | 
ACTUAL
2008-2009
YTD July
$m | 
ACTUAL
2008-2009
YTD August
$m | 
ACTUAL
2008-2009
YTD September
$m | 
ACTUAL
2008-2009
YTD October
$m | 
ACTUAL
2008-2009
YTD November
$m | 
ACTUAL
2008-2009
YTD December
$m | 
ACTUAL
2008-2009
YTD January
$m | 
ACTUAL
2008-2009
YTD February
$m | 
ACTUA",
federal_monthly_financial_statements,legacy bulk acquisition (pre-split),raw/federal/federal_monthly_financial_statements/snapshots/20260720T215815Z/files/6.-aggregates.xlsx,8b74f69be62ff34a04a18ac4455cc0c706034368d22dbcf3126200d3a0c6ca96,6.-aggregates.xlsx,https://data.gov.au/data/dataset/2b690e28-8239-48c6-a71d-2658f37d51d7/resource/1e1e039e-c54d-4c59-973b-7b15cde2ed63/download/6.-aggregates.xlsx,"not supported - superseded by the per-file sources above (except cash flow statement, which has no dedicated source_id yet); the 288-fact stray preload from this source was removed in Task 1",2009-10,13,12,2009-2010 Australian Government general government sector - Aggregates,"AGGREGATES | 
ACTUAL
2009-2010
YTD July
$m | 
ACTUAL
2009-2010
YTD August
$m | 
ACTUAL
2009-2010
YTD September
$m | 
ACTUAL
2009-2010
YTD October
$m | 
ACTUAL
2009-2010
YTD November
$m | 
ACTUAL
2009-2010
YTD December
$m | 
ACTUAL
2009-2010
YTD January
$m | 
ACTUAL
2009-2010
YTD February
$m | 
ACTUA",
federal_monthly_financial_statements,legacy bulk acquisition (pre-split),raw/federal/federal_monthly_financial_statements/snapshots/20260720T215815Z/files/6.-aggregates.xlsx,8b74f69be62ff34a04a18ac4455cc0c706034368d22dbcf3126200d3a0c6ca96,6.-aggregates.xlsx,https://data.gov.au/data/dataset/2b690e28-8239-48c6-a71d-2658f37d51d7/resource/1e1e039e-c54d-4c59-973b-7b15cde2ed63/download/6.-aggregates.xlsx,"not supported - superseded by the per-file sources above (except cash flow statement, which has no dedicated source_id yet); the 288-fact stray preload from this source was removed in Task 1",2010-11,14,12,2010-2011 Australian Government general government sector - Aggregates,"AGGREGATES | 
ACTUAL
2010-2011
YTD July
$m | 
ACTUAL
2010-2011
YTD August
$m | 
ACTUAL
2010-2011
YTD September
$m | 
ACTUAL
2010-2011
YTD October
$m | 
ACTUAL
2010-2011
YTD November
$m | 
ACTUAL
2010-2011
YTD December
$m | 
ACTUAL
2010-2011
YTD January
$m | 
ACTUAL
2010-2011
YTD February
$m | 
ACTUA",
federal_monthly_financial_statements,legacy bulk acquisition (pre-split),raw/federal/federal_monthly_financial_statements/snapshots/20260720T215815Z/files/6.-aggregates.xlsx,8b74f69be62ff34a04a18ac4455cc0c706034368d22dbcf3126200d3a0c6ca96,6.-aggregates.xlsx,https://data.gov.au/data/dataset/2b690e28-8239-48c6-a71d-2658f37d51d7/resource/1e1e039e-c54d-4c59-973b-7b15cde2ed63/download/6.-aggregates.xlsx,"not supported - superseded by the per-file sources above (except cash flow statement, which has no dedicated source_id yet); the 288-fact stray preload from this source was removed in Task 1",2011-12,16,12,2011-2012 Australian Government general government sector - Aggregates,"AGGREGATES | 
ACTUAL
2011-2012
YTD July
$m | 
ACTUAL
2011-2012
YTD August
$m | 
ACTUAL
2011-2012
YTD September
$m | 
ACTUAL
2011-2012
YTD October
$m | 
ACTUAL
2011-2012
YTD November
$m | 
ACTUAL
2011-2012
YTD December
$m | 
ACTUAL
2011-2012
YTD January
$m | 
ACTUAL
2011-2012
YTD February
$m | 
ACTUA",
federal_monthly_financial_statements,legacy bulk acquisition (pre-split),raw/federal/federal_monthly_financial_statements/snapshots/20260720T215815Z/files/6.-aggregates.xlsx,8b74f69be62ff34a04a18ac4455cc0c706034368d22dbcf3126200d3a0c6ca96,6.-aggregates.xlsx,https://data.gov.au/data/dataset/2b690e28-8239-48c6-a71d-2658f37d51d7/resource/1e1e039e-c54d-4c59-973b-7b15cde2ed63/download/6.-aggregates.xlsx,"not supported - superseded by the per-file sources above (except cash flow statement, which has no dedicated source_id yet); the 288-fact stray preload from this source was removed in Task 1",2012-13,16,12,2012-2013 Australian Government general government sector - Aggregates,"AGGREGATES | 
ACTUAL
2012-2013
YTD July
$m | 
ACTUAL
2012-2013
YTD August
$m | 
ACTUAL
2012-2013
YTD September
$m | 
ACTUAL
2012-2013
YTD October
$m | 
ACTUAL
2012-2013
YTD November
$m | 
ACTUAL
2012-2013
YTD December
$m | 
ACTUAL
2012-2013
YTD January
$m | 
ACTUAL
2012-2013
YTD February
$m | 
ACTUA",
federal_monthly_financial_statements,legacy bulk acquisition (pre-split),raw/federal/federal_monthly_financial_statements/snapshots/20260720T215815Z/files/6.-aggregates.xlsx,8b74f69be62ff34a04a18ac4455cc0c706034368d22dbcf3126200d3a0c6ca96,6.-aggregates.xlsx,https://data.gov.au/data/dataset/2b690e28-8239-48c6-a71d-2658f37d51d7/resource/1e1e039e-c54d-4c59-973b-7b15cde2ed63/download/6.-aggregates.xlsx,"not supported - superseded by the per-file sources above (except cash flow statement, which has no dedicated source_id yet); the 288-fact stray preload from this source was removed in Task 1",2013-14,17,12,2013-2014 Australian Government general government sector - Aggregates,"AGGREGATES | 
ACTUAL
2013-2014
YTD July
$m | 
ACTUAL
2013-2014
YTD August
$m | 
ACTUAL
2013-2014
YTD September
$m | 
ACTUAL
2013-2014
YTD October
$m | 
ACTUAL
2013-2014
YTD November
$m | 
ACTUAL
2013-2014
YTD December
$m | 
ACTUAL
2013-2014
YTD January
$m | 
ACTUAL
2013-2014
YTD February
$m | 
ACTUA",
federal_monthly_financial_statements,legacy bulk acquisition (pre-split),raw/federal/federal_monthly_financial_statements/snapshots/20260720T215815Z/files/6.-aggregates.xlsx,8b74f69be62ff34a04a18ac4455cc0c706034368d22dbcf3126200d3a0c6ca96,6.-aggregates.xlsx,https://data.gov.au/data/dataset/2b690e28-8239-48c6-a71d-2658f37d51d7/resource/1e1e039e-c54d-4c59-973b-7b15cde2ed63/download/6.-aggregates.xlsx,"not supported - superseded by the per-file sources above (except cash flow statement, which has no dedicated source_id yet); the 288-fact stray preload from this source was removed in Task 1",2014-15,17,12,2014-2015 Australian Government general government sector - Aggregates,"AGGREGATES | 
ACTUAL
2014-2015
YTD July
$m | 
ACTUAL
2014-2015
YTD August
$m | 
ACTUAL
2014-2015
YTD September
$m | 
ACTUAL
2014-2015
YTD October
$m | 
ACTUAL
2014-2015
YTD November
$m | 
ACTUAL
2014-2015
YTD December
$m | 
ACTUAL
2014-2015
YTD January
$m | 
ACTUAL
2014-2015
YTD February
$m | 
ACTUA",
federal_monthly_financial_statements,legacy bulk acquisition (pre-split),raw/federal/federal_monthly_financial_statements/snapshots/20260720T215815Z/files/6.-aggregates.xlsx,8b74f69be62ff34a04a18ac4455cc0c706034368d22dbcf3126200d3a0c6ca96,6.-aggregates.xlsx,https://data.gov.au/data/dataset/2b690e28-8239-48c6-a71d-2658f37d51d7/resource/1e1e039e-c54d-4c59-973b-7b15cde2ed63/download/6.-aggregates.xlsx,"not supported - superseded by the per-file sources above (except cash flow statement, which has no dedicated source_id yet); the 288-fact stray preload from this source was removed in Task 1",2015-16,17,12,2015-2016 Australian Government general government sector - Aggregates,"AGGREGATES | 
ACTUAL
2015-2016
YTD July
$m | 
ACTUAL
2015-2016
YTD August
$m | 
ACTUAL
2015-2016
YTD September
$m | 
ACTUAL
2015-2016
YTD October
$m | 
ACTUAL
2015-2016
YTD November
$m | 
ACTUAL
2015-2016
YTD December
$m | 
ACTUAL
2015-2016
YTD January
$m | 
ACTUAL
2015-2016
YTD February
$m | 
ACTUA",
federal_monthly_financial_statements,legacy bulk acquisition (pre-split),raw/federal/federal_monthly_financial_statements/snapshots/20260720T215815Z/files/6.-aggregates.xlsx,8b74f69be62ff34a04a18ac4455cc0c706034368d22dbcf3126200d3a0c6ca96,6.-aggregates.xlsx,https://data.gov.au/data/dataset/2b690e28-8239-48c6-a71d-2658f37d51d7/resource/1e1e039e-c54d-4c59-973b-7b15cde2ed63/download/6.-aggregates.xlsx,"not supported - superseded by the per-file sources above (except cash flow statement, which has no dedicated source_id yet); the 288-fact stray preload from this source was removed in Task 1",2016-17,17,12,2016-2017 Australian Government general government sector - Aggregates,"AGGREGATES | 
ACTUAL
2016-2017
YTD July
$m | ACTUAL
2016-2017
YTD August
$m | ACTUAL
2016-2017
YTD September
$m | ACTUAL
2016-2017
YTD October
$m | ACTUAL
2016-2017
YTD November
$m | ACTUAL
2016-2017
YTD December
$m | ACTUAL
2016-2017
YTD January
$m | ACTUAL
2016-2017
YTD February
$m | ACTUAL
2016-2",
federal_monthly_financial_statements,legacy bulk acquisition (pre-split),raw/federal/federal_monthly_financial_statements/snapshots/20260720T215815Z/files/6.-aggregates.xlsx,8b74f69be62ff34a04a18ac4455cc0c706034368d22dbcf3126200d3a0c6ca96,6.-aggregates.xlsx,https://data.gov.au/data/dataset/2b690e28-8239-48c6-a71d-2658f37d51d7/resource/1e1e039e-c54d-4c59-973b-7b15cde2ed63/download/6.-aggregates.xlsx,"not supported - superseded by the per-file sources above (except cash flow statement, which has no dedicated source_id yet); the 288-fact stray preload from this source was removed in Task 1",2017-18,17,12,2017-2018 Australian Government general government sector - Aggregates,"AGGREGATES | ACTUAL
2017-2018
YTD July
$m | ACTUAL
2017-2018
YTD August
$m | ACTUAL
2017-2018
YTD September
$m | ACTUAL
2017-2018
YTD October
$m | 
ACTUAL
2017-2018
YTD November
$m | 
ACTUAL
2017-2018
YTD December
$m | 
ACTUAL
2017-2018
YTD January
$m | 
ACTUAL
2017-2018
YTD February
$m | 
ACTUAL
20",
federal_monthly_financial_statements,legacy bulk acquisition (pre-split),raw/federal/federal_monthly_financial_statements/snapshots/20260720T215815Z/files/6.-aggregates.xlsx,8b74f69be62ff34a04a18ac4455cc0c706034368d22dbcf3126200d3a0c6ca96,6.-aggregates.xlsx,https://data.gov.au/data/dataset/2b690e28-8239-48c6-a71d-2658f37d51d7/resource/1e1e039e-c54d-4c59-973b-7b15cde2ed63/download/6.-aggregates.xlsx,"not supported - superseded by the per-file sources above (except cash flow statement, which has no dedicated source_id yet); the 288-fact stray preload from this source was removed in Task 1",2018-19,17,12,2018-2019 Australian Government general government sector - Aggregates,"AGGREGATES | 
ACTUAL
2018-2019
YTD July
$m | 
ACTUAL
2018-2019
YTD August
$m | 
ACTUAL
2018-2019
YTD September
$m | 
ACTUAL
2018-2019
YTD October
$m | 
ACTUAL
2018-2019
YTD November
$m | 
ACTUAL
2018-2019
YTD December
$m | 
ACTUAL
2018-2019
YTD January
$m | 
ACTUAL
2018-2019
YTD February
$m | 
ACTUA",
federal_monthly_financial_statements,legacy bulk acquisition (pre-split),raw/federal/federal_monthly_financial_statements/snapshots/20260720T215815Z/files/6.-aggregates.xlsx,8b74f69be62ff34a04a18ac4455cc0c706034368d22dbcf3126200d3a0c6ca96,6.-aggregates.xlsx,https://data.gov.au/data/dataset/2b690e28-8239-48c6-a71d-2658f37d51d7/resource/1e1e039e-c54d-4c59-973b-7b15cde2ed63/download/6.-aggregates.xlsx,"not supported - superseded by the per-file sources above (except cash flow statement, which has no dedicated source_id yet); the 288-fact stray preload from this source was removed in Task 1",2019-20,17,12,2019-2020 Australian Government general government sector - Aggregates,"AGGREGATES(a) | 
ACTUAL
2019-2020
YTD July
$m | 
ACTUAL
2019-2020
YTD August
$m | 
ACTUAL
2019-2020
YTD September
$m | ACTUAL
2019-2020
YTD October
$m | ACTUAL
2019-2020
YTD November
$m | ACTUAL
2019-2020
YTD December
$m | ACTUAL
2019-2020
YTD January
$m | ACTUAL
2019-2020
YTD February
$m | ACTUAL
2",
federal_monthly_financial_statements,legacy bulk acquisition (pre-split),raw/federal/federal_monthly_financial_statements/snapshots/20260720T215815Z/files/6.-aggregates.xlsx,8b74f69be62ff34a04a18ac4455cc0c706034368d22dbcf3126200d3a0c6ca96,6.-aggregates.xlsx,https://data.gov.au/data/dataset/2b690e28-8239-48c6-a71d-2658f37d51d7/resource/1e1e039e-c54d-4c59-973b-7b15cde2ed63/download/6.-aggregates.xlsx,"not supported - superseded by the per-file sources above (except cash flow statement, which has no dedicated source_id yet); the 288-fact stray preload from this source was removed in Task 1",2020-21,16,12,2020-2021 Australian Government general government sector - Aggregates,"AGGREGATES | ACTUAL
2020-2021
YTD July
$b | ACTUAL
2020-2021
YTD August
$b | ACTUAL
2020-2021
YTD September
$b | ACTUAL
2020-2021
YTD October
$b | ACTUAL
2020-2021
YTD November
$b | ACTUAL
2020-2021
YTD December
$b | ACTUAL
2020-2021
YTD January
$b | ACTUAL
2020-2021
YTD February
$b | ACTUAL
2020-20",
federal_monthly_financial_statements,legacy bulk acquisition (pre-split),raw/federal/federal_monthly_financial_statements/snapshots/20260720T215815Z/files/6.-aggregates.xlsx,8b74f69be62ff34a04a18ac4455cc0c706034368d22dbcf3126200d3a0c6ca96,6.-aggregates.xlsx,https://data.gov.au/data/dataset/2b690e28-8239-48c6-a71d-2658f37d51d7/resource/1e1e039e-c54d-4c59-973b-7b15cde2ed63/download/6.-aggregates.xlsx,"not supported - superseded by the per-file sources above (except cash flow statement, which has no dedicated source_id yet); the 288-fact stray preload from this source was removed in Task 1",2021-22,16,12,2021-22 Australian Government general government sector - Aggregates,"AGGREGATES | ACTUAL
2021-2022
YTD July
$b | ACTUAL
2021-2022
YTD August
$b | ACTUAL
2021-2022
YTD September
$b | ACTUAL
2021-2022
YTD October
$b | ACTUAL
2021-2022
YTD November
$b | ACTUAL
2021-2022
YTD December
$b | ACTUAL
2021-2022
YTD January
$b | ACTUAL
2021-2022
YTD February
$b | ACTUAL
2021-20",
federal_monthly_financial_statements,legacy bulk acquisition (pre-split),raw/federal/federal_monthly_financial_statements/snapshots/20260720T215815Z/files/6.-aggregates.xlsx,8b74f69be62ff34a04a18ac4455cc0c706034368d22dbcf3126200d3a0c6ca96,6.-aggregates.xlsx,https://data.gov.au/data/dataset/2b690e28-8239-48c6-a71d-2658f37d51d7/resource/1e1e039e-c54d-4c59-973b-7b15cde2ed63/download/6.-aggregates.xlsx,"not supported - superseded by the per-file sources above (except cash flow statement, which has no dedicated source_id yet); the 288-fact stray preload from this source was removed in Task 1",2022-23,16,12,2022-23 Australian Government general government sector - Aggregates,"AGGREGATES(a) | ACTUAL
2022-2023
YTD July
$b | ACTUAL
2022-2023
YTD August
$b | ACTUAL
2022-2023
YTD September
$b | ACTUAL
2022-2023
YTD October
$b | ACTUAL
2022-2023
YTD November
$b | ACTUAL
2022-2023
YTD December
$b | ACTUAL
2022-2023
YTD January
$b | ACTUAL
2022-2023
YTD February
$b | ACTUAL
2022",
federal_monthly_financial_statements,legacy bulk acquisition (pre-split),raw/federal/federal_monthly_financial_statements/snapshots/20260720T215815Z/files/6.-aggregates.xlsx,8b74f69be62ff34a04a18ac4455cc0c706034368d22dbcf3126200d3a0c6ca96,6.-aggregates.xlsx,https://data.gov.au/data/dataset/2b690e28-8239-48c6-a71d-2658f37d51d7/resource/1e1e039e-c54d-4c59-973b-7b15cde2ed63/download/6.-aggregates.xlsx,"not supported - superseded by the per-file sources above (except cash flow statement, which has no dedicated source_id yet); the 288-fact stray preload from this source was removed in Task 1",2023-24,16,12,2023-24 Australian Government general government sector - Aggregates,"AGGREGATES(a) | ACTUAL
2023-2024
YTD July
$b | ACTUAL
2023-2024
YTD August
$b | ACTUAL
2023-2024
YTD September
$b | ACTUAL
2023-2024
YTD October
$b | ACTUAL
2023-2024
YTD November
$b | ACTUAL
2023-2024
YTD December
$b | ACTUAL
2023-2024
YTD January
$b | ACTUAL
2023-2024
YTD February
$b | ACTUAL
2023",
federal_monthly_financial_statements,legacy bulk acquisition (pre-split),raw/federal/federal_monthly_financial_statements/snapshots/20260720T215815Z/files/6.-aggregates.xlsx,8b74f69be62ff34a04a18ac4455cc0c706034368d22dbcf3126200d3a0c6ca96,6.-aggregates.xlsx,https://data.gov.au/data/dataset/2b690e28-8239-48c6-a71d-2658f37d51d7/resource/1e1e039e-c54d-4c59-973b-7b15cde2ed63/download/6.-aggregates.xlsx,"not supported - superseded by the per-file sources above (except cash flow statement, which has no dedicated source_id yet); the 288-fact stray preload from this source was removed in Task 1",2024-25,16,12,2024-25 Australian Government general government sector - Aggregates,"AGGREGATES(a) | ACTUAL
2024-2025
YTD July
$b | ACTUAL
2024-2025
YTD August
$b | ACTUAL
2024-2025
YTD September
$b | ACTUAL
2024-2025
YTD October
$b | ACTUAL
2024-2025
YTD November
$b | ACTUAL
2024-2025
YTD December
$b | ACTUAL
2024-2025
YTD January
$b | ACTUAL
2024-2025
YTD February
$b | ACTUAL
2024",
federal_monthly_financial_statements,legacy bulk acquisition (pre-split),raw/federal/federal_monthly_financial_statements/snapshots/20260720T215815Z/files/6.-aggregates.xlsx,8b74f69be62ff34a04a18ac4455cc0c706034368d22dbcf3126200d3a0c6ca96,6.-aggregates.xlsx,https://data.gov.au/data/dataset/2b690e28-8239-48c6-a71d-2658f37d51d7/resource/1e1e039e-c54d-4c59-973b-7b15cde2ed63/download/6.-aggregates.xlsx,"not supported - superseded by the per-file sources above (except cash flow statement, which has no dedicated source_id yet); the 288-fact stray preload from this source was removed in Task 1",2025-26,16,12,2025-26 Australian Government general government sector - Aggregates,"AGGREGATES(a) | ACTUAL
2025-2026
YTD July
$b | ACTUAL
2025-2026
YTD August
$b | ACTUAL
2025-2026
YTD September
$b | ACTUAL
2025-2026
YTD October
$b | ACTUAL
2025-2026
YTD November
$b | ACTUAL
2025-2026
YTD December
$b | ACTUAL
2025-2026
YTD January
$b | ACTUAL
2025-2026
YTD February
$b | ACTUAL
2025",
federal_monthly_financial_statements,legacy bulk acquisition (pre-split),raw/federal/federal_monthly_financial_statements/snapshots/20260721T030430Z/files/1.-operating-statement.xlsx,f46645d762e6a270a3194920be5ccdd642c474e6a342d31ebc73ae85c478c70e,1.-operating-statement.xlsx,https://data.gov.au/data/dataset/2b690e28-8239-48c6-a71d-2658f37d51d7/resource/c21aa248-ec4c-4b5b-9b1b-6d545a55e399/download/1.-operating-statement.xlsx,"not supported - superseded by the per-file sources above (except cash flow statement, which has no dedicated source_id yet); the 288-fact stray preload from this source was removed in Task 1",2005-06,76,14,2005-06 Australian Government general government sector - Income Statement,ACTUAL | ACTUAL | ACTUAL | ACTUAL | ACTUAL | ACTUAL | ACTUAL | ACTUAL | ACTUAL | ACTUAL | ACTUAL,
federal_monthly_financial_statements,legacy bulk acquisition (pre-split),raw/federal/federal_monthly_financial_statements/snapshots/20260721T030430Z/files/1.-operating-statement.xlsx,f46645d762e6a270a3194920be5ccdd642c474e6a342d31ebc73ae85c478c70e,1.-operating-statement.xlsx,https://data.gov.au/data/dataset/2b690e28-8239-48c6-a71d-2658f37d51d7/resource/c21aa248-ec4c-4b5b-9b1b-6d545a55e399/download/1.-operating-statement.xlsx,"not supported - superseded by the per-file sources above (except cash flow statement, which has no dedicated source_id yet); the 288-fact stray preload from this source was removed in Task 1",2006-07,85,14,2006-07 Australian Government general government sector - Income Statement,ACTUAL | ACTUAL | ACTUAL | ACTUAL | ACTUAL | ACTUAL | ACTUAL | ACTUAL | ACTUAL | ACTUAL | ACTUAL,
federal_monthly_financial_statements,legacy bulk acquisition (pre-split),raw/federal/federal_monthly_financial_statements/snapshots/20260721T030430Z/files/1.-operating-statement.xlsx,f46645d762e6a270a3194920be5ccdd642c474e6a342d31ebc73ae85c478c70e,1.-operating-statement.xlsx,https://data.gov.au/data/dataset/2b690e28-8239-48c6-a71d-2658f37d51d7/resource/c21aa248-ec4c-4b5b-9b1b-6d545a55e399/download/1.-operating-statement.xlsx,"not supported - superseded by the per-file sources above (except cash flow statement, which has no dedicated source_id yet); the 288-fact stray preload from this source was removed in Task 1",2007-08,46,12,2007-08 Australian Government general government sector - Income Statement,ACTUAL | ACTUAL | ACTUAL | ACTUAL | ACTUAL | ACTUAL | ACTUAL | ACTUAL | ACTUAL | ACTUAL | ACTUAL,
federal_monthly_financial_statements,legacy bulk acquisition (pre-split),raw/federal/federal_monthly_financial_statements/snapshots/20260721T030430Z/files/1.-operating-statement.xlsx,f46645d762e6a270a3194920be5ccdd642c474e6a342d31ebc73ae85c478c70e,1.-operating-statement.xlsx,https://data.gov.au/data/dataset/2b690e28-8239-48c6-a71d-2658f37d51d7/resource/c21aa248-ec4c-4b5b-9b1b-6d545a55e399/download/1.-operating-statement.xlsx,"not supported - superseded by the per-file sources above (except cash flow statement, which has no dedicated source_id yet); the 288-fact stray preload from this source was removed in Task 1",2008-09,58,12,2008-09 Australian Government general government sector - Income Statement,ACTUAL | ACTUAL | ACTUAL | ACTUAL | ACTUAL | ACTUAL | ACTUAL | ACTUAL | ACTUAL | ACTUAL | ACTUAL,
federal_monthly_financial_statements,legacy bulk acquisition (pre-split),raw/federal/federal_monthly_financial_statements/snapshots/20260721T030430Z/files/1.-operating-statement.xlsx,f46645d762e6a270a3194920be5ccdd642c474e6a342d31ebc73ae85c478c70e,1.-operating-statement.xlsx,https://data.gov.au/data/dataset/2b690e28-8239-48c6-a71d-2658f37d51d7/resource/c21aa248-ec4c-4b5b-9b1b-6d545a55e399/download/1.-operating-statement.xlsx,"not supported - superseded by the per-file sources above (except cash flow statement, which has no dedicated source_id yet); the 288-fact stray preload from this source was removed in Task 1",2009-10,58,12,2009-10 Australian Government general government sector - Income Statement,ACTUAL | ACTUAL | ACTUAL | ACTUAL | ACTUAL | ACTUAL | ACTUAL | ACTUAL | ACTUAL | ACTUAL | ACTUAL,
federal_monthly_financial_statements,legacy bulk acquisition (pre-split),raw/federal/federal_monthly_financial_statements/snapshots/20260721T030430Z/files/1.-operating-statement.xlsx,f46645d762e6a270a3194920be5ccdd642c474e6a342d31ebc73ae85c478c70e,1.-operating-statement.xlsx,https://data.gov.au/data/dataset/2b690e28-8239-48c6-a71d-2658f37d51d7/resource/c21aa248-ec4c-4b5b-9b1b-6d545a55e399/download/1.-operating-statement.xlsx,"not supported - superseded by the per-file sources above (except cash flow statement, which has no dedicated source_id yet); the 288-fact stray preload from this source was removed in Task 1",2010-11,58,12,2010-11 Australian Government general government sector - Income Statement,ACTUAL | ACTUAL | ACTUAL | ACTUAL | ACTUAL | ACTUAL | ACTUAL | ACTUAL | ACTUAL | ACTUAL | ACTUAL,
federal_monthly_financial_statements,legacy bulk acquisition (pre-split),raw/federal/federal_monthly_financial_statements/snapshots/20260721T030430Z/files/1.-operating-statement.xlsx,f46645d762e6a270a3194920be5ccdd642c474e6a342d31ebc73ae85c478c70e,1.-operating-statement.xlsx,https://data.gov.au/data/dataset/2b690e28-8239-48c6-a71d-2658f37d51d7/resource/c21aa248-ec4c-4b5b-9b1b-6d545a55e399/download/1.-operating-statement.xlsx,"not supported - superseded by the per-file sources above (except cash flow statement, which has no dedicated source_id yet); the 288-fact stray preload from this source was removed in Task 1",2011-12,54,12,2011-12 Australian Government general government sector - Income Statement,"
ACTUAL
2011-2012
July
$m | 
ACTUAL
2011-2012
YTD August
$m | 
ACTUAL
2011-2012
YTD September
$m | 
ACTUAL
2011-2012
YTD October
$m | 
ACTUAL
2011-2012
YTD November
$m | 
ACTUAL
2011-2012
YTD December
$m | 
ACTUAL
2011-2012
YTD January
$m | 
ACTUAL
2011-2012
YTD February
$m | 
ACTUAL
2011-2012
YTD M",
federal_monthly_financial_statements,legacy bulk acquisition (pre-split),raw/federal/federal_monthly_financial_statements/snapshots/20260721T030430Z/files/1.-operating-statement.xlsx,f46645d762e6a270a3194920be5ccdd642c474e6a342d31ebc73ae85c478c70e,1.-operating-statement.xlsx,https://data.gov.au/data/dataset/2b690e28-8239-48c6-a71d-2658f37d51d7/resource/c21aa248-ec4c-4b5b-9b1b-6d545a55e399/download/1.-operating-statement.xlsx,"not supported - superseded by the per-file sources above (except cash flow statement, which has no dedicated source_id yet); the 288-fact stray preload from this source was removed in Task 1",2012-13,54,12,2012-13 Australian Government general government sector - Income Statement,"
ACTUAL
2012-2013
July
$m | 
ACTUAL
2012-2013
YTD August
$m | 
ACTUAL
2012-2013
YTD September
$m | 
ACTUAL
2012-2013
YTD October
$m | 
ACTUAL
2012-2013
YTD November
$m | 
ACTUAL
2012-2013
YTD December
$m | 
ACTUAL
2012-2013
YTD January
$m | 
ACTUAL
2012-2013
YTD February
$m | 
ACTUAL
2012-2013
YTD M",
federal_monthly_financial_statements,legacy bulk acquisition (pre-split),raw/federal/federal_monthly_financial_statements/snapshots/20260721T030430Z/files/1.-operating-statement.xlsx,f46645d762e6a270a3194920be5ccdd642c474e6a342d31ebc73ae85c478c70e,1.-operating-statement.xlsx,https://data.gov.au/data/dataset/2b690e28-8239-48c6-a71d-2658f37d51d7/resource/c21aa248-ec4c-4b5b-9b1b-6d545a55e399/download/1.-operating-statement.xlsx,"not supported - superseded by the per-file sources above (except cash flow statement, which has no dedicated source_id yet); the 288-fact stray preload from this source was removed in Task 1",2013-14,62,12,2013-14 Australian Government general government sector operating statement,"
ACTUAL
2013-2014
July
$m | 
ACTUAL
2013-2014
YTD August
$m | 
ACTUAL
2013-2014
 YTD September
$m | 
ACTUAL
2013-2014
YTD October
$m | 
ACTUAL
2013-2014
YTD November
$m | 
ACTUAL
2013-2014
YTD December
$m | 
ACTUAL
2013-2014
YTD January
$m | 
ACTUAL
2013-2014
YTD February
$m | 
ACTUAL
2013-2014
YTD ",
federal_monthly_financial_statements,legacy bulk acquisition (pre-split),raw/federal/federal_monthly_financial_statements/snapshots/20260721T030430Z/files/1.-operating-statement.xlsx,f46645d762e6a270a3194920be5ccdd642c474e6a342d31ebc73ae85c478c70e,1.-operating-statement.xlsx,https://data.gov.au/data/dataset/2b690e28-8239-48c6-a71d-2658f37d51d7/resource/c21aa248-ec4c-4b5b-9b1b-6d545a55e399/download/1.-operating-statement.xlsx,"not supported - superseded by the per-file sources above (except cash flow statement, which has no dedicated source_id yet); the 288-fact stray preload from this source was removed in Task 1",2014-15,63,12,2014-15 Australian Government general government sector operating statement,"
ACTUAL
2014-2015
 July
$m | 
ACTUAL
2014-2015
YTD August
$m | 
ACTUAL
2014-2015
YTD September
$m | 
ACTUAL
2014-2015
YTD October
$m | 
ACTUAL
2014-2015
YTD November
$m | 
ACTUAL
2014-2015
YTD December
$m | 
ACTUAL
2014-2015
YTD January
$m | 
ACTUAL
2014-2015
YTD February
$m | 
ACTUAL
2014-2015
YTD ",
federal_monthly_financial_statements,legacy bulk acquisition (pre-split),raw/federal/federal_monthly_financial_statements/snapshots/20260721T030430Z/files/1.-operating-statement.xlsx,f46645d762e6a270a3194920be5ccdd642c474e6a342d31ebc73ae85c478c70e,1.-operating-statement.xlsx,https://data.gov.au/data/dataset/2b690e28-8239-48c6-a71d-2658f37d51d7/resource/c21aa248-ec4c-4b5b-9b1b-6d545a55e399/download/1.-operating-statement.xlsx,"not supported - superseded by the per-file sources above (except cash flow statement, which has no dedicated source_id yet); the 288-fact stray preload from this source was removed in Task 1",2015-16,64,12,2015-16 Australian Government general government sector operating statement,"
ACTUAL
2015-2016
 July
$m | 
ACTUAL
2015-2016
YTD August
$m | 
ACTUAL
2015-2016
YTD September
$m | 
ACTUAL
2015-2016
YTD October
$m | 
ACTUAL
2015-2016
YTD November
$m | 
ACTUAL
2015-2016
YTD December
$m | 
ACTUAL
2015-2016
YTD January
$m | 
ACTUAL
2015-2016
YTD February
$m | 
ACTUAL
2015-2016
YTD ",
federal_monthly_financial_statements,legacy bulk acquisition (pre-split),raw/federal/federal_monthly_financial_statements/snapshots/20260721T030430Z/files/1.-operating-statement.xlsx,f46645d762e6a270a3194920be5ccdd642c474e6a342d31ebc73ae85c478c70e,1.-operating-statement.xlsx,https://data.gov.au/data/dataset/2b690e28-8239-48c6-a71d-2658f37d51d7/resource/c21aa248-ec4c-4b5b-9b1b-6d545a55e399/download/1.-operating-statement.xlsx,"not supported - superseded by the per-file sources above (except cash flow statement, which has no dedicated source_id yet); the 288-fact stray preload from this source was removed in Task 1",2016-17,59,12,2016-17 Australian Government general government sector operating statement,"ACTUAL
2016-2017
July
$m | ACTUAL
2016-2017
YTD August
$m | ACTUAL
2016-2017
YTD September
$m | ACTUAL
2016-2017
YTD October
$m | ACTUAL
2016-2017
YTD November
$m | ACTUAL
2016-2017
YTD December
$m | ACTUAL
2016-2017
YTD January
$m | ACTUAL
2016-2017
YTD February
$m | ACTUAL
2016-2017
YTD March
$m |",
federal_monthly_financial_statements,legacy bulk acquisition (pre-split),raw/federal/federal_monthly_financial_statements/snapshots/20260721T030430Z/files/1.-operating-statement.xlsx,f46645d762e6a270a3194920be5ccdd642c474e6a342d31ebc73ae85c478c70e,1.-operating-statement.xlsx,https://data.gov.au/data/dataset/2b690e28-8239-48c6-a71d-2658f37d51d7/resource/c21aa248-ec4c-4b5b-9b1b-6d545a55e399/download/1.-operating-statement.xlsx,"not supported - superseded by the per-file sources above (except cash flow statement, which has no dedicated source_id yet); the 288-fact stray preload from this source was removed in Task 1",2017-18,59,12,2017-18 Australian Government general government sector operating statement,"ACTUAL
2017-2018
July
$m | ACTUAL
2017-2018
YTD August
$m | ACTUAL
2017-2018
YTD September
$m | ACTUAL
2017-2018
YTD October
$m | ACTUAL
2017-2018
YTD November
$m | ACTUAL
2017-2018
YTD December
$m | ACTUAL
2017-2018
YTD January
$m | ACTUAL
2017-2018
YTD February
$m | ACTUAL
2017-2018
YTD March
$m |",
federal_monthly_financial_statements,legacy bulk acquisition (pre-split),raw/federal/federal_monthly_financial_statements/snapshots/20260721T030430Z/files/1.-operating-statement.xlsx,f46645d762e6a270a3194920be5ccdd642c474e6a342d31ebc73ae85c478c70e,1.-operating-statement.xlsx,https://data.gov.au/data/dataset/2b690e28-8239-48c6-a71d-2658f37d51d7/resource/c21aa248-ec4c-4b5b-9b1b-6d545a55e399/download/1.-operating-statement.xlsx,"not supported - superseded by the per-file sources above (except cash flow statement, which has no dedicated source_id yet); the 288-fact stray preload from this source was removed in Task 1",2018-19,59,12,2018-19 Australian Government general government sector operating statement,"ACTUAL
2018-2019
July
$m | ACTUAL
2018-2019
YTD August
$m | ACTUAL
2018-2019
YTD September
$m | ACTUAL
2018-2019
YTD October
$m | ACTUAL
2018-2019
YTD November
$m | ACTUAL
2018-2019
YTD December
$m | ACTUAL
2018-2019
YTD January
$m | ACTUAL
2018-2019
YTD February
$m | ACTUAL
2018-2019
YTD March
$m |",
federal_monthly_financial_statements,legacy bulk acquisition (pre-split),raw/federal/federal_monthly_financial_statements/snapshots/20260721T030430Z/files/1.-operating-statement.xlsx,f46645d762e6a270a3194920be5ccdd642c474e6a342d31ebc73ae85c478c70e,1.-operating-statement.xlsx,https://data.gov.au/data/dataset/2b690e28-8239-48c6-a71d-2658f37d51d7/resource/c21aa248-ec4c-4b5b-9b1b-6d545a55e399/download/1.-operating-statement.xlsx,"not supported - superseded by the per-file sources above (except cash flow statement, which has no dedicated source_id yet); the 288-fact stray preload from this source was removed in Task 1",2019-20,59,12,2019-20 Australian Government general government sector operating statement,"ACTUAL
2019-2020
July
$m | ACTUAL
2019-2020
YTD August
$m | ACTUAL
2019-2020
YTD September
$m | ACTUAL
2019-2020
YTD October
$m | ACTUAL
2019-2020
YTD November
$m | ACTUAL
2019-2020
YTD December (a)
$m | ACTUAL
2019-2020
YTD January
$m | ACTUAL
2019-2020
YTD February
$m | ACTUAL
2019-2020
YTD March
",
federal_monthly_financial_statements,legacy bulk acquisition (pre-split),raw/federal/federal_monthly_financial_statements/snapshots/20260721T030430Z/files/1.-operating-statement.xlsx,f46645d762e6a270a3194920be5ccdd642c474e6a342d31ebc73ae85c478c70e,1.-operating-statement.xlsx,https://data.gov.au/data/dataset/2b690e28-8239-48c6-a71d-2658f37d51d7/resource/c21aa248-ec4c-4b5b-9b1b-6d545a55e399/download/1.-operating-statement.xlsx,"not supported - superseded by the per-file sources above (except cash flow statement, which has no dedicated source_id yet); the 288-fact stray preload from this source was removed in Task 1",2020-21,58,12,2020-21 Australian Government general government sector operating statement,"ACTUAL
2020-2021
July
$m | ACTUAL
2020-2021
YTD August
$m | ACTUAL
2020-2021
YTD September
$m | ACTUAL
2020-2021
YTD October
$m | ACTUAL
2020-2021
YTD November
$m | ACTUAL
2020-2021
YTD December
$m | ACTUAL
2020-2021
YTD January
$m | ACTUAL
2020-2021
YTD February
$m | ACTUAL
2020-2021
YTD March
$m |",
federal_monthly_financial_statements,legacy bulk acquisition (pre-split),raw/federal/federal_monthly_financial_statements/snapshots/20260721T030430Z/files/1.-operating-statement.xlsx,f46645d762e6a270a3194920be5ccdd642c474e6a342d31ebc73ae85c478c70e,1.-operating-statement.xlsx,https://data.gov.au/data/dataset/2b690e28-8239-48c6-a71d-2658f37d51d7/resource/c21aa248-ec4c-4b5b-9b1b-6d545a55e399/download/1.-operating-statement.xlsx,"not supported - superseded by the per-file sources above (except cash flow statement, which has no dedicated source_id yet); the 288-fact stray preload from this source was removed in Task 1",2021-22,58,12,2021-22 Australian Government general government sector operating statement,"ACTUAL
2021-2022
July
$m | ACTUAL
2021-2022
YTD August
$m | ACTUAL
2021-2022
YTD September
$m | ACTUAL
2021-2022
YTD October
$m | ACTUAL
2021-2022
YTD November
$m | ACTUAL
2021-2022
YTD December
$m | ACTUAL
2021-2022
YTD January
$m | ACTUAL
2021-2022
YTD February
$m | ACTUAL
2021-2022
YTD March
$m |",
federal_monthly_financial_statements,legacy bulk acquisition (pre-split),raw/federal/federal_monthly_financial_statements/snapshots/20260721T030430Z/files/1.-operating-statement.xlsx,f46645d762e6a270a3194920be5ccdd642c474e6a342d31ebc73ae85c478c70e,1.-operating-statement.xlsx,https://data.gov.au/data/dataset/2b690e28-8239-48c6-a71d-2658f37d51d7/resource/c21aa248-ec4c-4b5b-9b1b-6d545a55e399/download/1.-operating-statement.xlsx,"not supported - superseded by the per-file sources above (except cash flow statement, which has no dedicated source_id yet); the 288-fact stray preload from this source was removed in Task 1",2022-23,58,12,2022-23 Australian Government general government sector operating statement,"ACTUAL
2022-2023
July
$m | ACTUAL
2022-2023
YTD August
$m | ACTUAL
2022-2023
YTD September
$m | ACTUAL
2022-2023
YTD October
$m | ACTUAL
2022-2023
YTD November
$m | ACTUAL
2022-2023
YTD December
$m | ACTUAL
2022-2023
YTD January
$m | ACTUAL
2022-2023
YTD February
$m | ACTUAL
2022-2023
YTD March
$m |",
federal_monthly_financial_statements,legacy bulk acquisition (pre-split),raw/federal/federal_monthly_financial_statements/snapshots/20260721T030430Z/files/1.-operating-statement.xlsx,f46645d762e6a270a3194920be5ccdd642c474e6a342d31ebc73ae85c478c70e,1.-operating-statement.xlsx,https://data.gov.au/data/dataset/2b690e28-8239-48c6-a71d-2658f37d51d7/resource/c21aa248-ec4c-4b5b-9b1b-6d545a55e399/download/1.-operating-statement.xlsx,"not supported - superseded by the per-file sources above (except cash flow statement, which has no dedicated source_id yet); the 288-fact stray preload from this source was removed in Task 1",2023-24,57,12,2023-24 Australian Government general government sector operating statement,"ACTUAL
2023-2024
July
$m | ACTUAL
2023-2024
YTD August
$m | ACTUAL
2023-2024
YTD September
$m | ACTUAL
2023-2024
YTD October
$m | ACTUAL
2023-2024
YTD November
$m | ACTUAL
2023-2024
YTD December
$m | ACTUAL
2023-2024
YTD January
$m | ACTUAL
2023-2024
YTD February
$m | ACTUAL
2023-2024
YTD March
$m |",
federal_monthly_financial_statements,legacy bulk acquisition (pre-split),raw/federal/federal_monthly_financial_statements/snapshots/20260721T030430Z/files/1.-operating-statement.xlsx,f46645d762e6a270a3194920be5ccdd642c474e6a342d31ebc73ae85c478c70e,1.-operating-statement.xlsx,https://data.gov.au/data/dataset/2b690e28-8239-48c6-a71d-2658f37d51d7/resource/c21aa248-ec4c-4b5b-9b1b-6d545a55e399/download/1.-operating-statement.xlsx,"not supported - superseded by the per-file sources above (except cash flow statement, which has no dedicated source_id yet); the 288-fact stray preload from this source was removed in Task 1",2024-25,57,12,2024-25 Australian Government general government sector operating statement,"ACTUAL
2024-2025
July
$m | ACTUAL
2024-2025
YTD August
$m | ACTUAL
2024-2025
YTD September
$m | ACTUAL
2024-2025
YTD October
$m | ACTUAL
2024-2025
YTD November
$m | ACTUAL
2024-2025
YTD December
$m | ACTUAL
2024-2025
YTD January
$m | ACTUAL
2024-2025
YTD February
$m | ACTUAL
2024-2025
YTD March
$m |",
federal_monthly_financial_statements,legacy bulk acquisition (pre-split),raw/federal/federal_monthly_financial_statements/snapshots/20260721T030430Z/files/1.-operating-statement.xlsx,f46645d762e6a270a3194920be5ccdd642c474e6a342d31ebc73ae85c478c70e,1.-operating-statement.xlsx,https://data.gov.au/data/dataset/2b690e28-8239-48c6-a71d-2658f37d51d7/resource/c21aa248-ec4c-4b5b-9b1b-6d545a55e399/download/1.-operating-statement.xlsx,"not supported - superseded by the per-file sources above (except cash flow statement, which has no dedicated source_id yet); the 288-fact stray preload from this source was removed in Task 1",2025-26,57,12,2025-26 Australian Government general government sector operating statement,"ACTUAL
2025-2026
July
$m | ACTUAL
2025-2026
YTD August
$m | ACTUAL
2025-2026
YTD September
$m | ACTUAL
2025-2026
YTD October
$m | ACTUAL
2025-2026
YTD November
$m | ACTUAL
2025-2026
YTD December
$m | ACTUAL
2025-2026
YTD January
$m | ACTUAL
2025-2026
YTD February
$m | ACTUAL
2025-2026
YTD March
$m |",
federal_monthly_financial_statements,legacy bulk acquisition (pre-split),raw/federal/federal_monthly_financial_statements/snapshots/20260721T030430Z/files/2.-balance-sheet.xlsx,bd0610b18724c6c6dc786a72d612b0af7ae4ae7038082cf4f68dab85d8bebf7d,2.-balance-sheet.xlsx,https://data.gov.au/data/dataset/2b690e28-8239-48c6-a71d-2658f37d51d7/resource/840f704f-8a29-4f2d-bd03-cc3b4000a9d8/download/2.-balance-sheet.xlsx,"not supported - superseded by the per-file sources above (except cash flow statement, which has no dedicated source_id yet); the 288-fact stray preload from this source was removed in Task 1",2005-06,63,13,2005-06 Australian Government general government sector - Balance Sheet,ACTUAL | ACTUAL | ACTUAL | ACTUAL | ACTUAL | ACTUAL | ACTUAL | ACTUAL | ACTUAL | ACTUAL | ACTUAL,
federal_monthly_financial_statements,legacy bulk acquisition (pre-split),raw/federal/federal_monthly_financial_statements/snapshots/20260721T030430Z/files/2.-balance-sheet.xlsx,bd0610b18724c6c6dc786a72d612b0af7ae4ae7038082cf4f68dab85d8bebf7d,2.-balance-sheet.xlsx,https://data.gov.au/data/dataset/2b690e28-8239-48c6-a71d-2658f37d51d7/resource/840f704f-8a29-4f2d-bd03-cc3b4000a9d8/download/2.-balance-sheet.xlsx,"not supported - superseded by the per-file sources above (except cash flow statement, which has no dedicated source_id yet); the 288-fact stray preload from this source was removed in Task 1",2006-07,61,13,2006-07 Australian Government general government sector - Balance Sheet,ACTUAL | ACTUAL | ACTUAL | ACTUAL | ACTUAL | ACTUAL | ACTUAL | ACTUAL | ACTUAL | ACTUAL | ACTUAL,
federal_monthly_financial_statements,legacy bulk acquisition (pre-split),raw/federal/federal_monthly_financial_statements/snapshots/20260721T030430Z/files/2.-balance-sheet.xlsx,bd0610b18724c6c6dc786a72d612b0af7ae4ae7038082cf4f68dab85d8bebf7d,2.-balance-sheet.xlsx,https://data.gov.au/data/dataset/2b690e28-8239-48c6-a71d-2658f37d51d7/resource/840f704f-8a29-4f2d-bd03-cc3b4000a9d8/download/2.-balance-sheet.xlsx,"not supported - superseded by the per-file sources above (except cash flow statement, which has no dedicated source_id yet); the 288-fact stray preload from this source was removed in Task 1",2007-08,38,12,2007-08 Australian Government general government sector - Balance Sheet,ACTUAL | ACTUAL | ACTUAL | ACTUAL | ACTUAL | ACTUAL | ACTUAL | ACTUAL | ACTUAL | ACTUAL | ACTUAL,
federal_monthly_financial_statements,legacy bulk acquisition (pre-split),raw/federal/federal_monthly_financial_statements/snapshots/20260721T030430Z/files/2.-balance-sheet.xlsx,bd0610b18724c6c6dc786a72d612b0af7ae4ae7038082cf4f68dab85d8bebf7d,2.-balance-sheet.xlsx,https://data.gov.au/data/dataset/2b690e28-8239-48c6-a71d-2658f37d51d7/resource/840f704f-8a29-4f2d-bd03-cc3b4000a9d8/download/2.-balance-sheet.xlsx,"not supported - superseded by the per-file sources above (except cash flow statement, which has no dedicated source_id yet); the 288-fact stray preload from this source was removed in Task 1",2008-09,53,12,2008-09 Australian Government general government sector - Balance Sheet,"
ACTUAL
as at
31 July 2008
$m | 
ACTUAL
as at
31 August 2008
$m | 
ACTUAL
as at
30 September 2008
$m | 
ACTUAL
as at
31 October 2008
$m | 
ACTUAL
as at
30 November 2008
$m | 
ACTUAL
as at
31 December 2008
$m | 
ACTUAL
as at
31 January 2009
$m | 
ACTUAL
as at
28 February 2009
$m | 
ACTUAL
as at
31 Ma",
federal_monthly_financial_statements,legacy bulk acquisition (pre-split),raw/federal/federal_monthly_financial_statements/snapshots/20260721T030430Z/files/2.-balance-sheet.xlsx,bd0610b18724c6c6dc786a72d612b0af7ae4ae7038082cf4f68dab85d8bebf7d,2.-balance-sheet.xlsx,https://data.gov.au/data/dataset/2b690e28-8239-48c6-a71d-2658f37d51d7/resource/840f704f-8a29-4f2d-bd03-cc3b4000a9d8/download/2.-balance-sheet.xlsx,"not supported - superseded by the per-file sources above (except cash flow statement, which has no dedicated source_id yet); the 288-fact stray preload from this source was removed in Task 1",2009-10,53,12,2009-10 Australian Government general government sector - Balance Sheet,"
ACTUAL
as at
31 July 2009
$m | 
ACTUAL
as at
31 August 2009
$m | 
ACTUAL
as at
30 September 2009
$m | 
ACTUAL
as at
31 October 2009
$m | 
ACTUAL
as at
30 November 2009
$m | 
ACTUAL
as at
31 December 2009
$m | 
ACTUAL
as at
31 January 2010
$m | 
ACTUAL
as at
28 February 2010
$m | 
ACTUAL
as at
31 Ma",
federal_monthly_financial_statements,legacy bulk acquisition (pre-split),raw/federal/federal_monthly_financial_statements/snapshots/20260721T030430Z/files/2.-balance-sheet.xlsx,bd0610b18724c6c6dc786a72d612b0af7ae4ae7038082cf4f68dab85d8bebf7d,2.-balance-sheet.xlsx,https://data.gov.au/data/dataset/2b690e28-8239-48c6-a71d-2658f37d51d7/resource/840f704f-8a29-4f2d-bd03-cc3b4000a9d8/download/2.-balance-sheet.xlsx,"not supported - superseded by the per-file sources above (except cash flow statement, which has no dedicated source_id yet); the 288-fact stray preload from this source was removed in Task 1",2010-11,53,12,2010-11 Australian Government general government sector - Balance Sheet,"
ACTUAL
as at
31 July 2010
$m | 
ACTUAL
as at
31 August 2010
$m | 
ACTUAL
as at
30 September 2010
$m | 
ACTUAL
as at
31 October 2010
$m | 
ACTUAL
as at
30 November 2010
$m | 
ACTUAL
as at
31 December 2010
$m | 
ACTUAL
as at
31 January 2011
$m | 
ACTUAL
as at
28 February 2011
$m | 
ACTUAL
as at
31 Ma",
federal_monthly_financial_statements,legacy bulk acquisition (pre-split),raw/federal/federal_monthly_financial_statements/snapshots/20260721T030430Z/files/2.-balance-sheet.xlsx,bd0610b18724c6c6dc786a72d612b0af7ae4ae7038082cf4f68dab85d8bebf7d,2.-balance-sheet.xlsx,https://data.gov.au/data/dataset/2b690e28-8239-48c6-a71d-2658f37d51d7/resource/840f704f-8a29-4f2d-bd03-cc3b4000a9d8/download/2.-balance-sheet.xlsx,"not supported - superseded by the per-file sources above (except cash flow statement, which has no dedicated source_id yet); the 288-fact stray preload from this source was removed in Task 1",2011-12,49,12,2011-12 Australian Government general government sector - Balance Sheet,"
ACTUAL
as at
31 July 2011
$m | 
ACTUAL
as at
31 August 2011
$m | 
ACTUAL
as at
30 September 2011
$m | 
ACTUAL
as at
31 October 2011
$m | 
ACTUAL
as at
30 November 2011
$m | 
ACTUAL
as at
31 December 2011
$m | 
ACTUAL
as at
31 January 2012
$m | 
ACTUAL
as at
29 February 2012
$m | 
ACTUAL
as at
31 Ma",
federal_monthly_financial_statements,legacy bulk acquisition (pre-split),raw/federal/federal_monthly_financial_statements/snapshots/20260721T030430Z/files/2.-balance-sheet.xlsx,bd0610b18724c6c6dc786a72d612b0af7ae4ae7038082cf4f68dab85d8bebf7d,2.-balance-sheet.xlsx,https://data.gov.au/data/dataset/2b690e28-8239-48c6-a71d-2658f37d51d7/resource/840f704f-8a29-4f2d-bd03-cc3b4000a9d8/download/2.-balance-sheet.xlsx,"not supported - superseded by the per-file sources above (except cash flow statement, which has no dedicated source_id yet); the 288-fact stray preload from this source was removed in Task 1",2012-13,49,12,2012-13 Australian Government general government sector - Balance Sheet,"
ACTUAL
as at
31 July 2012
$m | 
ACTUAL
as at
31 August 2012
$m | 
ACTUAL
as at
30 September 2012
$m | 
ACTUAL
as at
31 October 2012
$m | 
ACTUAL
as at
30 November 2012
$m | 
ACTUAL
as at
31 December 2012
$m | 
ACTUAL
as at
31 January 2013
$m | 
ACTUAL
as at
28 February 2013
$m | 
ACTUAL
as at
31 Ma",
federal_monthly_financial_statements,legacy bulk acquisition (pre-split),raw/federal/federal_monthly_financial_statements/snapshots/20260721T030430Z/files/2.-balance-sheet.xlsx,bd0610b18724c6c6dc786a72d612b0af7ae4ae7038082cf4f68dab85d8bebf7d,2.-balance-sheet.xlsx,https://data.gov.au/data/dataset/2b690e28-8239-48c6-a71d-2658f37d51d7/resource/840f704f-8a29-4f2d-bd03-cc3b4000a9d8/download/2.-balance-sheet.xlsx,"not supported - superseded by the per-file sources above (except cash flow statement, which has no dedicated source_id yet); the 288-fact stray preload from this source was removed in Task 1",2013-14,49,12,2013-14 Australian Government general government sector balance sheet,"
ACTUAL
as at
31 July 2013
$m | 
ACTUAL
as at
31 August 2013
$m | 
ACTUAL
as at
30 September 2013
$m | 
ACTUAL
as at
31 October 2013
$m | 
ACTUAL
as at
30 November 2013
$m | 
ACTUAL
as at
31 December 2013
$m | 
ACTUAL
as at
31 January 2014
$m | 
ACTUAL
as at
28 February 2014
$m | 
ACTUAL
as at
31 Ma",
federal_monthly_financial_statements,legacy bulk acquisition (pre-split),raw/federal/federal_monthly_financial_statements/snapshots/20260721T030430Z/files/2.-balance-sheet.xlsx,bd0610b18724c6c6dc786a72d612b0af7ae4ae7038082cf4f68dab85d8bebf7d,2.-balance-sheet.xlsx,https://data.gov.au/data/dataset/2b690e28-8239-48c6-a71d-2658f37d51d7/resource/840f704f-8a29-4f2d-bd03-cc3b4000a9d8/download/2.-balance-sheet.xlsx,"not supported - superseded by the per-file sources above (except cash flow statement, which has no dedicated source_id yet); the 288-fact stray preload from this source was removed in Task 1",2014-15,49,12,2014-15 Australian Government general government sector balance sheet,"
ACTUAL
as at
31 July 2014
$m | 
ACTUAL
as at
31 August 2014
$m | 
ACTUAL
as at
30 September 2014
$m | 
ACTUAL
as at
31 October 2014
$m | 
ACTUAL
as at
30 November 2014
$m | 
ACTUAL
as at
31 December 2014
$m | 
ACTUAL
as at
31 January 2015
$m | 
ACTUAL
as at
28 February 2015
$m | 
ACTUAL
as at
31 Ma",
federal_monthly_financial_statements,legacy bulk acquisition (pre-split),raw/federal/federal_monthly_financial_statements/snapshots/20260721T030430Z/files/2.-balance-sheet.xlsx,bd0610b18724c6c6dc786a72d612b0af7ae4ae7038082cf4f68dab85d8bebf7d,2.-balance-sheet.xlsx,https://data.gov.au/data/dataset/2b690e28-8239-48c6-a71d-2658f37d51d7/resource/840f704f-8a29-4f2d-bd03-cc3b4000a9d8/download/2.-balance-sheet.xlsx,"not supported - superseded by the per-file sources above (except cash flow statement, which has no dedicated source_id yet); the 288-fact stray preload from this source was removed in Task 1",2015-16,49,12,2015-16 Australian Government general government sector balance sheet,"
ACTUAL
as at
31 July 2015
$m | 
ACTUAL
as at
31 August 2015
$m | 
ACTUAL
as at
30 September 2015
$m | 
ACTUAL
as at
31 October 2015
$m | 
ACTUAL
as at
30 November 2015
$m | 
ACTUAL
as at
31 December 2015
$m | 
ACTUAL
as at
31 January 2016
$m | 
ACTUAL
as at
29 February 2016
$m | 
ACTUAL
as at
31 Ma",
federal_monthly_financial_statements,legacy bulk acquisition (pre-split),raw/federal/federal_monthly_financial_statements/snapshots/20260721T030430Z/files/2.-balance-sheet.xlsx,bd0610b18724c6c6dc786a72d612b0af7ae4ae7038082cf4f68dab85d8bebf7d,2.-balance-sheet.xlsx,https://data.gov.au/data/dataset/2b690e28-8239-48c6-a71d-2658f37d51d7/resource/840f704f-8a29-4f2d-bd03-cc3b4000a9d8/download/2.-balance-sheet.xlsx,"not supported - superseded by the per-file sources above (except cash flow statement, which has no dedicated source_id yet); the 288-fact stray preload from this source was removed in Task 1",2016-17,49,12,2016-17 Australian Government general government sector balance sheet,"ACTUAL
as at
31 July 2016
$m | ACTUAL
as at
31 August 2016
$m | ACTUAL
as at
30 September 2016
$m | ACTUAL
as at
31 October 2016
$m | ACTUAL
as at
30 November 2016
$m | ACTUAL
as at
31 December 2016
$m | ACTUAL
as at
31 January 2017
$m | ACTUAL
as at
28 February 2017
$m | ACTUAL
as at
31 March 2017
",
federal_monthly_financial_statements,legacy bulk acquisition (pre-split),raw/federal/federal_monthly_financial_statements/snapshots/20260721T030430Z/files/2.-balance-sheet.xlsx,bd0610b18724c6c6dc786a72d612b0af7ae4ae7038082cf4f68dab85d8bebf7d,2.-balance-sheet.xlsx,https://data.gov.au/data/dataset/2b690e28-8239-48c6-a71d-2658f37d51d7/resource/840f704f-8a29-4f2d-bd03-cc3b4000a9d8/download/2.-balance-sheet.xlsx,"not supported - superseded by the per-file sources above (except cash flow statement, which has no dedicated source_id yet); the 288-fact stray preload from this source was removed in Task 1",2017-18,49,12,2017-18 Australian Government general government sector balance sheet,"ACTUAL
as at
31 July 2017
$m | ACTUAL
as at
31 August 2017
$m | ACTUAL
as at
30 September 2017
$m | ACTUAL
as at
31 October 2017
$m | ACTUAL
as at
30 November 2017
$m | ACTUAL
as at
31 December 2017
$m | ACTUAL
as at
31 January 2018
$m | ACTUAL
as at
28 February 2018
$m | ACTUAL
as at
31 March 2018
",
federal_monthly_financial_statements,legacy bulk acquisition (pre-split),raw/federal/federal_monthly_financial_statements/snapshots/20260721T030430Z/files/2.-balance-sheet.xlsx,bd0610b18724c6c6dc786a72d612b0af7ae4ae7038082cf4f68dab85d8bebf7d,2.-balance-sheet.xlsx,https://data.gov.au/data/dataset/2b690e28-8239-48c6-a71d-2658f37d51d7/resource/840f704f-8a29-4f2d-bd03-cc3b4000a9d8/download/2.-balance-sheet.xlsx,"not supported - superseded by the per-file sources above (except cash flow statement, which has no dedicated source_id yet); the 288-fact stray preload from this source was removed in Task 1",2018-19,49,12,2018-19 Australian Government general government sector balance sheet,"ACTUAL
as at
31 July 2018
$m | ACTUAL
as at
31 August 2018
$m | ACTUAL
as at
30 September 2018
$m | ACTUAL
as at
31 October 2018
$m | ACTUAL
as at
30 November 2018
$m | ACTUAL
as at
31 December 2018
$m | ACTUAL
as at
31 January 2019
$m | ACTUAL
as at
28 February 2019
$m | ACTUAL
as at
31 March 2019
",
federal_monthly_financial_statements,legacy bulk acquisition (pre-split),raw/federal/federal_monthly_financial_statements/snapshots/20260721T030430Z/files/2.-balance-sheet.xlsx,bd0610b18724c6c6dc786a72d612b0af7ae4ae7038082cf4f68dab85d8bebf7d,2.-balance-sheet.xlsx,https://data.gov.au/data/dataset/2b690e28-8239-48c6-a71d-2658f37d51d7/resource/840f704f-8a29-4f2d-bd03-cc3b4000a9d8/download/2.-balance-sheet.xlsx,"not supported - superseded by the per-file sources above (except cash flow statement, which has no dedicated source_id yet); the 288-fact stray preload from this source was removed in Task 1",2019-20,49,12,2019-20 Australian Government general government sector balance sheet,"ACTUAL
as at
31 July 2019
$m | ACTUAL
as at
31 August 2019
$m | ACTUAL
as at
30 September 2019
$m | ACTUAL
as at
31 October 2019
$m | ACTUAL
as at
30 November 2019
$m | ACTUAL
as at
31 December 2019 (a)
$m | ACTUAL
as at
31 January 2020
$m | ACTUAL
as at
29 February 2020
$m | ACTUAL
as at
31 March 2",
federal_monthly_financial_statements,legacy bulk acquisition (pre-split),raw/federal/federal_monthly_financial_statements/snapshots/20260721T030430Z/files/2.-balance-sheet.xlsx,bd0610b18724c6c6dc786a72d612b0af7ae4ae7038082cf4f68dab85d8bebf7d,2.-balance-sheet.xlsx,https://data.gov.au/data/dataset/2b690e28-8239-48c6-a71d-2658f37d51d7/resource/840f704f-8a29-4f2d-bd03-cc3b4000a9d8/download/2.-balance-sheet.xlsx,"not supported - superseded by the per-file sources above (except cash flow statement, which has no dedicated source_id yet); the 288-fact stray preload from this source was removed in Task 1",2020-21,49,12,2020-21 Australian Government general government sector balance sheet,"ACTUAL
as at
31 July 2020
$m | ACTUAL
as at
31 August 2020
$m | ACTUAL
as at
30 September 2020
$m | ACTUAL
as at
31 October 2020
$m | ACTUAL
as at
30 November 2020
$m | ACTUAL
as at
31 December 2020
$m | ACTUAL
as at
31 January 2021
$m | ACTUAL
as at
28 February 2021
$m | ACTUAL
as at
31 March 2021
",
federal_monthly_financial_statements,legacy bulk acquisition (pre-split),raw/federal/federal_monthly_financial_statements/snapshots/20260721T030430Z/files/2.-balance-sheet.xlsx,bd0610b18724c6c6dc786a72d612b0af7ae4ae7038082cf4f68dab85d8bebf7d,2.-balance-sheet.xlsx,https://data.gov.au/data/dataset/2b690e28-8239-48c6-a71d-2658f37d51d7/resource/840f704f-8a29-4f2d-bd03-cc3b4000a9d8/download/2.-balance-sheet.xlsx,"not supported - superseded by the per-file sources above (except cash flow statement, which has no dedicated source_id yet); the 288-fact stray preload from this source was removed in Task 1",2021-22,49,12,2021-22 Australian Government general government sector balance sheet,"ACTUAL
as at
31 July 2021
$m | ACTUAL
as at
31 August 2021
$m | ACTUAL
as at
30 September 2021
$m | ACTUAL
as at
31 October 2021
$m | ACTUAL
as at
30 November 2021
$m | ACTUAL
as at
31 December 2021
$m | ACTUAL
as at
31 January 2022
$m | ACTUAL
as at
28 February 2022
$m | ACTUAL
as at
31 March 2022
",
federal_monthly_financial_statements,legacy bulk acquisition (pre-split),raw/federal/federal_monthly_financial_statements/snapshots/20260721T030430Z/files/2.-balance-sheet.xlsx,bd0610b18724c6c6dc786a72d612b0af7ae4ae7038082cf4f68dab85d8bebf7d,2.-balance-sheet.xlsx,https://data.gov.au/data/dataset/2b690e28-8239-48c6-a71d-2658f37d51d7/resource/840f704f-8a29-4f2d-bd03-cc3b4000a9d8/download/2.-balance-sheet.xlsx,"not supported - superseded by the per-file sources above (except cash flow statement, which has no dedicated source_id yet); the 288-fact stray preload from this source was removed in Task 1",2022-23,49,12,2022-23 Australian Government general government sector balance sheet,"ACTUAL
as at
31 July 2022
$m | ACTUAL
as at
31 August 2022
$m | ACTUAL
as at
30 September 2022
$m | ACTUAL
as at
31 October 2022
$m | ACTUAL
as at
30 November 2022
$m | ACTUAL
as at
31 December 2022
$m | ACTUAL
as at
31 January 2023
$m | ACTUAL
as at
28 February 2023
$m | ACTUAL
as at
31 March 2023
",
federal_monthly_financial_statements,legacy bulk acquisition (pre-split),raw/federal/federal_monthly_financial_statements/snapshots/20260721T030430Z/files/2.-balance-sheet.xlsx,bd0610b18724c6c6dc786a72d612b0af7ae4ae7038082cf4f68dab85d8bebf7d,2.-balance-sheet.xlsx,https://data.gov.au/data/dataset/2b690e28-8239-48c6-a71d-2658f37d51d7/resource/840f704f-8a29-4f2d-bd03-cc3b4000a9d8/download/2.-balance-sheet.xlsx,"not supported - superseded by the per-file sources above (except cash flow statement, which has no dedicated source_id yet); the 288-fact stray preload from this source was removed in Task 1",2023-24,49,12,2023-24 Australian Government general government sector balance sheet,"ACTUAL
as at
31 July 2023
$m | ACTUAL
as at
31 August 2023
$m | ACTUAL
as at
30 September 2023
$m | ACTUAL
as at
31 October 2023
$m | ACTUAL
as at
30 November 2023
$m | ACTUAL
as at
31 December 2023
$m | ACTUAL
as at
31 January 2024
$m | ACTUAL
as at
29 February 2024
$m | ACTUAL
as at
31 March 2024
",
federal_monthly_financial_statements,legacy bulk acquisition (pre-split),raw/federal/federal_monthly_financial_statements/snapshots/20260721T030430Z/files/2.-balance-sheet.xlsx,bd0610b18724c6c6dc786a72d612b0af7ae4ae7038082cf4f68dab85d8bebf7d,2.-balance-sheet.xlsx,https://data.gov.au/data/dataset/2b690e28-8239-48c6-a71d-2658f37d51d7/resource/840f704f-8a29-4f2d-bd03-cc3b4000a9d8/download/2.-balance-sheet.xlsx,"not supported - superseded by the per-file sources above (except cash flow statement, which has no dedicated source_id yet); the 288-fact stray preload from this source was removed in Task 1",2024-25,49,12,2024-25 Australian Government general government sector balance sheet,"ACTUAL
as at
31 July 2024
$m | ACTUAL
as at
31 August 2024
$m | ACTUAL
as at
30 September 2024
$m | ACTUAL
as at
31 October 2024
$m | ACTUAL
as at
30 November 2024
$m | ACTUAL
as at
31 December 2024
$m | ACTUAL
as at
31 January 2025
$m | ACTUAL
as at
28 February 2025
$m | ACTUAL
as at
31 March 2025
",
federal_monthly_financial_statements,legacy bulk acquisition (pre-split),raw/federal/federal_monthly_financial_statements/snapshots/20260721T030430Z/files/2.-balance-sheet.xlsx,bd0610b18724c6c6dc786a72d612b0af7ae4ae7038082cf4f68dab85d8bebf7d,2.-balance-sheet.xlsx,https://data.gov.au/data/dataset/2b690e28-8239-48c6-a71d-2658f37d51d7/resource/840f704f-8a29-4f2d-bd03-cc3b4000a9d8/download/2.-balance-sheet.xlsx,"not supported - superseded by the per-file sources above (except cash flow statement, which has no dedicated source_id yet); the 288-fact stray preload from this source was removed in Task 1",2025-26,49,12,2025-26 Australian Government general government sector balance sheet,"ACTUAL
as at
31 July 2025
$m | ACTUAL
as at
31 August 2025
$m | ACTUAL
as at
30 September 2025
$m | ACTUAL
as at
31 October 2025
$m | ACTUAL
as at
30 November 2025
$m | ACTUAL
as at
31 December 2025
$m | ACTUAL
as at
31 January 2026
$m | ACTUAL
as at
28 February 2026
$m | ACTUAL
as at
31 March 2026
",
federal_monthly_financial_statements,legacy bulk acquisition (pre-split),raw/federal/federal_monthly_financial_statements/snapshots/20260721T030430Z/files/3.-cashflow-statement.xlsx,095a05ffc1d3922d92e627f8ff53fc7cef303933986feeaa35c258fdecff20a2,3.-cashflow-statement.xlsx,https://data.gov.au/data/dataset/2b690e28-8239-48c6-a71d-2658f37d51d7/resource/2b0c8c9e-e3eb-4809-ab70-ed2b0cf95b1f/download/3.-cashflow-statement.xlsx,"not supported - superseded by the per-file sources above (except cash flow statement, which has no dedicated source_id yet); the 288-fact stray preload from this source was removed in Task 1",2005-06,69,13,2005-06 Australian Government general government sector - Cash Flow Statement,ACTUAL | ACTUAL | ACTUAL | ACTUAL | ACTUAL | ACTUAL | ACTUAL | ACTUAL | ACTUAL | ACTUAL | ACTUAL,
federal_monthly_financial_statements,legacy bulk acquisition (pre-split),raw/federal/federal_monthly_financial_statements/snapshots/20260721T030430Z/files/3.-cashflow-statement.xlsx,095a05ffc1d3922d92e627f8ff53fc7cef303933986feeaa35c258fdecff20a2,3.-cashflow-statement.xlsx,https://data.gov.au/data/dataset/2b690e28-8239-48c6-a71d-2658f37d51d7/resource/2b0c8c9e-e3eb-4809-ab70-ed2b0cf95b1f/download/3.-cashflow-statement.xlsx,"not supported - superseded by the per-file sources above (except cash flow statement, which has no dedicated source_id yet); the 288-fact stray preload from this source was removed in Task 1",2006-07,69,13,2006-07 Australian Government general government sector - Cash Flow Statement,ACTUAL | ACTUAL | ACTUAL | ACTUAL | ACTUAL | ACTUAL | ACTUAL | ACTUAL | ACTUAL | ACTUAL | ACTUAL,
federal_monthly_financial_statements,legacy bulk acquisition (pre-split),raw/federal/federal_monthly_financial_statements/snapshots/20260721T030430Z/files/3.-cashflow-statement.xlsx,095a05ffc1d3922d92e627f8ff53fc7cef303933986feeaa35c258fdecff20a2,3.-cashflow-statement.xlsx,https://data.gov.au/data/dataset/2b690e28-8239-48c6-a71d-2658f37d51d7/resource/2b0c8c9e-e3eb-4809-ab70-ed2b0cf95b1f/download/3.-cashflow-statement.xlsx,"not supported - superseded by the per-file sources above (except cash flow statement, which has no dedicated source_id yet); the 288-fact stray preload from this source was removed in Task 1",2007-08,62,12,2007-08 Australian Government general government sector - Cash Flow Statement,ACTUAL | ACTUAL | ACTUAL | ACTUAL | ACTUAL | ACTUAL | ACTUAL | ACTUAL | ACTUAL | ACTUAL | ACTUAL,
federal_monthly_financial_statements,legacy bulk acquisition (pre-split),raw/federal/federal_monthly_financial_statements/snapshots/20260721T030430Z/files/3.-cashflow-statement.xlsx,095a05ffc1d3922d92e627f8ff53fc7cef303933986feeaa35c258fdecff20a2,3.-cashflow-statement.xlsx,https://data.gov.au/data/dataset/2b690e28-8239-48c6-a71d-2658f37d51d7/resource/2b0c8c9e-e3eb-4809-ab70-ed2b0cf95b1f/download/3.-cashflow-statement.xlsx,"not supported - superseded by the per-file sources above (except cash flow statement, which has no dedicated source_id yet); the 288-fact stray preload from this source was removed in Task 1",2008-09,40,12,2008-09 Australian Government general government sector - Cash Flow Statement,"
ACTUAL
2008-2009
YTD July
$m | 
ACTUAL
2008-2009
YTD August
$m | 
ACTUAL
2008-2009
YTD September
$m | 
ACTUAL
2008-2009
YTD October
$m | 
ACTUAL
2008-2009
YTD November
$m | 
ACTUAL
2008-2009
YTD December
$m | 
ACTUAL
2008-2009
YTD January
$m | 
ACTUAL
2008-2009
YTD February
$m | 
ACTUAL
2008-2009
Y",
federal_monthly_financial_statements,legacy bulk acquisition (pre-split),raw/federal/federal_monthly_financial_statements/snapshots/20260721T030430Z/files/3.-cashflow-statement.xlsx,095a05ffc1d3922d92e627f8ff53fc7cef303933986feeaa35c258fdecff20a2,3.-cashflow-statement.xlsx,https://data.gov.au/data/dataset/2b690e28-8239-48c6-a71d-2658f37d51d7/resource/2b0c8c9e-e3eb-4809-ab70-ed2b0cf95b1f/download/3.-cashflow-statement.xlsx,"not supported - superseded by the per-file sources above (except cash flow statement, which has no dedicated source_id yet); the 288-fact stray preload from this source was removed in Task 1",2009-10,40,12,2009-10 Australian Government general government sector - Cash Flow Statement,"
ACTUAL
2009-2010
YTD July
$m | 
ACTUAL
2009-2010
YTD August
$m | 
ACTUAL
2009-2010
YTD September
$m | 
ACTUAL
2009-2010
YTD October
$m | 
ACTUAL
2009-2010
YTD November
$m | 
ACTUAL
2009-2010
YTD December
$m | 
ACTUAL
2009-2010
YTD January
$m | 
ACTUAL
2009-2010
YTD February
$m | 
ACTUAL
2009-2010
Y",
federal_monthly_financial_statements,legacy bulk acquisition (pre-split),raw/federal/federal_monthly_financial_statements/snapshots/20260721T030430Z/files/3.-cashflow-statement.xlsx,095a05ffc1d3922d92e627f8ff53fc7cef303933986feeaa35c258fdecff20a2,3.-cashflow-statement.xlsx,https://data.gov.au/data/dataset/2b690e28-8239-48c6-a71d-2658f37d51d7/resource/2b0c8c9e-e3eb-4809-ab70-ed2b0cf95b1f/download/3.-cashflow-statement.xlsx,"not supported - superseded by the per-file sources above (except cash flow statement, which has no dedicated source_id yet); the 288-fact stray preload from this source was removed in Task 1",2010-11,40,12,2010-11 Australian Government general government sector - Cash Flow Statement,"
ACTUAL
2010-2011
YTD July
$m | 
ACTUAL
2010-2011
YTD August
$m | 
ACTUAL
2010-2011
YTD September
$m | 
ACTUAL
2010-2011
YTD October
$m | 
ACTUAL
2010-2011
YTD November
$m | 
ACTUAL
2010-2011
YTD December
$m | 
ACTUAL
2010-2011
YTD January
$m | 
ACTUAL
2010-2011
YTD February
$m | 
ACTUAL
2010-2011
Y",
federal_monthly_financial_statements,legacy bulk acquisition (pre-split),raw/federal/federal_monthly_financial_statements/snapshots/20260721T030430Z/files/3.-cashflow-statement.xlsx,095a05ffc1d3922d92e627f8ff53fc7cef303933986feeaa35c258fdecff20a2,3.-cashflow-statement.xlsx,https://data.gov.au/data/dataset/2b690e28-8239-48c6-a71d-2658f37d51d7/resource/2b0c8c9e-e3eb-4809-ab70-ed2b0cf95b1f/download/3.-cashflow-statement.xlsx,"not supported - superseded by the per-file sources above (except cash flow statement, which has no dedicated source_id yet); the 288-fact stray preload from this source was removed in Task 1",2011-12,40,12,2011-12 Australian Government general government sector - Cash Flow Statement,"
ACTUAL
2011-2012
YTD July
$m | 
ACTUAL
2011-2012
YTD August
$m | 
ACTUAL
2011-2012
YTD September
$m | 
ACTUAL
2011-2012
YTD October
$m | 
ACTUAL
2011-2012
YTD November
$m | 
ACTUAL
2011-2012
YTD December
$m | 
ACTUAL
2011-2012
YTD January
$m | 
ACTUAL
2011-2012
YTD February
$m | 
ACTUAL
2011-2012
Y",
federal_monthly_financial_statements,legacy bulk acquisition (pre-split),raw/federal/federal_monthly_financial_statements/snapshots/20260721T030430Z/files/3.-cashflow-statement.xlsx,095a05ffc1d3922d92e627f8ff53fc7cef303933986feeaa35c258fdecff20a2,3.-cashflow-statement.xlsx,https://data.gov.au/data/dataset/2b690e28-8239-48c6-a71d-2658f37d51d7/resource/2b0c8c9e-e3eb-4809-ab70-ed2b0cf95b1f/download/3.-cashflow-statement.xlsx,"not supported - superseded by the per-file sources above (except cash flow statement, which has no dedicated source_id yet); the 288-fact stray preload from this source was removed in Task 1",2012-13,40,12,2012-13 Australian Government general government sector - Cash Flow Statement,"
ACTUAL
2012-2013
YTD July
$m | 
ACTUAL
2012-2013
YTD August
$m | 
ACTUAL
2012-2013
YTD September
$m | 
ACTUAL
2012-2013
YTD October
$m | 
ACTUAL
2012-2013
YTD November
$m | 
ACTUAL
2012-2013
YTD December
$m | 
ACTUAL
2012-2013
YTD January
$m | 
ACTUAL
2012-2013
YTD February
$m | 
ACTUAL
2012-2013
Y",
federal_monthly_financial_statements,legacy bulk acquisition (pre-split),raw/federal/federal_monthly_financial_statements/snapshots/20260721T030430Z/files/3.-cashflow-statement.xlsx,095a05ffc1d3922d92e627f8ff53fc7cef303933986feeaa35c258fdecff20a2,3.-cashflow-statement.xlsx,https://data.gov.au/data/dataset/2b690e28-8239-48c6-a71d-2658f37d51d7/resource/2b0c8c9e-e3eb-4809-ab70-ed2b0cf95b1f/download/3.-cashflow-statement.xlsx,"not supported - superseded by the per-file sources above (except cash flow statement, which has no dedicated source_id yet); the 288-fact stray preload from this source was removed in Task 1",2013-14,40,12,2013-14 Australian Government general government sector cash flow statement,"
ACTUAL
2013-2014
YTD July
$m | 
ACTUAL
2013-2014
YTD August
$m | 
ACTUAL
2013-2014
 YTD September
$m | 
ACTUAL
2013-2014
YTD October
$m | 
ACTUAL
2013-2014
YTD November
$m | 
ACTUAL
2013-2014
YTD December
$m | 
ACTUAL
2013-2014
YTD January
$m | 
ACTUAL
2013-2014
YTD February
$m | 
ACTUAL
2013-2014
",
federal_monthly_financial_statements,legacy bulk acquisition (pre-split),raw/federal/federal_monthly_financial_statements/snapshots/20260721T030430Z/files/3.-cashflow-statement.xlsx,095a05ffc1d3922d92e627f8ff53fc7cef303933986feeaa35c258fdecff20a2,3.-cashflow-statement.xlsx,https://data.gov.au/data/dataset/2b690e28-8239-48c6-a71d-2658f37d51d7/resource/2b0c8c9e-e3eb-4809-ab70-ed2b0cf95b1f/download/3.-cashflow-statement.xlsx,"not supported - superseded by the per-file sources above (except cash flow statement, which has no dedicated source_id yet); the 288-fact stray preload from this source was removed in Task 1",2014-15,40,12,2014-15 Australian Government general government sector cash flow statement,"
ACTUAL
2014-2015
 July
$m | 
ACTUAL
2014-2015
YTD August
$m | 
ACTUAL
2014-2015
YTD September
$m | 
ACTUAL
2014-2015
YTD October
$m | 
ACTUAL
2014-2015
YTD November
$m | 
ACTUAL
2014-2015
YTD December
$m | 
ACTUAL
2014-2015
YTD January
$m | 
ACTUAL
2014-2015
YTD February
$m | 
ACTUAL
2014-2015
YTD ",
federal_monthly_financial_statements,legacy bulk acquisition (pre-split),raw/federal/federal_monthly_financial_statements/snapshots/20260721T030430Z/files/3.-cashflow-statement.xlsx,095a05ffc1d3922d92e627f8ff53fc7cef303933986feeaa35c258fdecff20a2,3.-cashflow-statement.xlsx,https://data.gov.au/data/dataset/2b690e28-8239-48c6-a71d-2658f37d51d7/resource/2b0c8c9e-e3eb-4809-ab70-ed2b0cf95b1f/download/3.-cashflow-statement.xlsx,"not supported - superseded by the per-file sources above (except cash flow statement, which has no dedicated source_id yet); the 288-fact stray preload from this source was removed in Task 1",2015-16,40,12,2015-16 Australian Government general government sector cash flow statement(a) ,"
ACTUAL
2015-2016
 July
$m | 
ACTUAL
2015-2016
YTD August
$m | 
ACTUAL
2015-2016
YTD September
$m | 
ACTUAL
2015-2016
YTD October
$m | 
ACTUAL
2015-2016
YTD November
$m | 
ACTUAL
2015-2016
YTD December
$m | 
ACTUAL
2015-2016
YTD January
$m | 
ACTUAL
2015-2016
YTD February
$m | 
ACTUAL
2015-2016
YTD ",
federal_monthly_financial_statements,legacy bulk acquisition (pre-split),raw/federal/federal_monthly_financial_statements/snapshots/20260721T030430Z/files/3.-cashflow-statement.xlsx,095a05ffc1d3922d92e627f8ff53fc7cef303933986feeaa35c258fdecff20a2,3.-cashflow-statement.xlsx,https://data.gov.au/data/dataset/2b690e28-8239-48c6-a71d-2658f37d51d7/resource/2b0c8c9e-e3eb-4809-ab70-ed2b0cf95b1f/download/3.-cashflow-statement.xlsx,"not supported - superseded by the per-file sources above (except cash flow statement, which has no dedicated source_id yet); the 288-fact stray preload from this source was removed in Task 1",2016-17,40,11,2016-17 Australian Government general government sector cash flow statement(a) ,"ACTUAL
2016-2017
July
$m | ACTUAL
2016-2017
YTD August
$m | ACTUAL
2016-2017
YTD September
$m | ACTUAL
2016-2017
YTD October
$m | ACTUAL
2016-2017
YTD November
$m | ACTUAL
2016-2017
YTD December
$m | ACTUAL
2016-2017
YTD January
$m | ACTUAL
2016-2017
YTD February
$m | ACTUAL
2016-2017
YTD March
$m |",
federal_monthly_financial_statements,legacy bulk acquisition (pre-split),raw/federal/federal_monthly_financial_statements/snapshots/20260721T030430Z/files/3.-cashflow-statement.xlsx,095a05ffc1d3922d92e627f8ff53fc7cef303933986feeaa35c258fdecff20a2,3.-cashflow-statement.xlsx,https://data.gov.au/data/dataset/2b690e28-8239-48c6-a71d-2658f37d51d7/resource/2b0c8c9e-e3eb-4809-ab70-ed2b0cf95b1f/download/3.-cashflow-statement.xlsx,"not supported - superseded by the per-file sources above (except cash flow statement, which has no dedicated source_id yet); the 288-fact stray preload from this source was removed in Task 1",2016-17 May,39,2,2016-17 Australian Government general government sector cash flow statement(a) ,"ACTUAL
2016-2017
YTD May
$m",
federal_monthly_financial_statements,legacy bulk acquisition (pre-split),raw/federal/federal_monthly_financial_statements/snapshots/20260721T030430Z/files/3.-cashflow-statement.xlsx,095a05ffc1d3922d92e627f8ff53fc7cef303933986feeaa35c258fdecff20a2,3.-cashflow-statement.xlsx,https://data.gov.au/data/dataset/2b690e28-8239-48c6-a71d-2658f37d51d7/resource/2b0c8c9e-e3eb-4809-ab70-ed2b0cf95b1f/download/3.-cashflow-statement.xlsx,"not supported - superseded by the per-file sources above (except cash flow statement, which has no dedicated source_id yet); the 288-fact stray preload from this source was removed in Task 1",2017-18,39,12,2017-18 Australian Government general government sector cash flow statement(a) ,"ACTUAL
2017-2018
July
$m | ACTUAL
2017-2018
YTD August
$m | ACTUAL
2017-2018
YTD September
$m | ACTUAL
2017-2018
YTD October
$m | ACTUAL
2017-2018
YTD November
$m | ACTUAL
2017-2018
YTD December
$m | ACTUAL
2017-2018
YTD January
$m | ACTUAL
2017-2018
YTD February
$m | ACTUAL
2017-2018
YTD March
$m |",
federal_monthly_financial_statements,legacy bulk acquisition (pre-split),raw/federal/federal_monthly_financial_statements/snapshots/20260721T030430Z/files/3.-cashflow-statement.xlsx,095a05ffc1d3922d92e627f8ff53fc7cef303933986feeaa35c258fdecff20a2,3.-cashflow-statement.xlsx,https://data.gov.au/data/dataset/2b690e28-8239-48c6-a71d-2658f37d51d7/resource/2b0c8c9e-e3eb-4809-ab70-ed2b0cf95b1f/download/3.-cashflow-statement.xlsx,"not supported - superseded by the per-file sources above (except cash flow statement, which has no dedicated source_id yet); the 288-fact stray preload from this source was removed in Task 1",2018-19,39,12,2018-19 Australian Government general government sector cash flow statement(a) ,"ACTUAL
2018-2019
July
$m | ACTUAL
2018-2019
YTD August
$m | ACTUAL
2018-2019
YTD September
$m | ACTUAL
2018-2019
YTD October
$m | ACTUAL
2018-2019
YTD November
$m | ACTUAL
2018-2019
YTD December
$m | ACTUAL
2018-2019
YTD January
$m | ACTUAL
2018-2019
YTD February
$m | ACTUAL
2018-2019
YTD March
$m |",
federal_monthly_financial_statements,legacy bulk acquisition (pre-split),raw/federal/federal_monthly_financial_statements/snapshots/20260721T030430Z/files/3.-cashflow-statement.xlsx,095a05ffc1d3922d92e627f8ff53fc7cef303933986feeaa35c258fdecff20a2,3.-cashflow-statement.xlsx,https://data.gov.au/data/dataset/2b690e28-8239-48c6-a71d-2658f37d51d7/resource/2b0c8c9e-e3eb-4809-ab70-ed2b0cf95b1f/download/3.-cashflow-statement.xlsx,"not supported - superseded by the per-file sources above (except cash flow statement, which has no dedicated source_id yet); the 288-fact stray preload from this source was removed in Task 1",2019-20,38,12,2019-20 Australian Government general government sector cash flow statement(a) ,"ACTUAL
2019-2020
July
$m | ACTUAL
2019-2020
YTD August
$m | ACTUAL
2019-2020
YTD September
$m | ACTUAL
2019-2020
YTD October
$m | ACTUAL
2019-2020
YTD November
$m | ACTUAL
2019-2020
YTD December (b)
$m | ACTUAL
2019-2020
YTD January
$m | ACTUAL
2019-2020
YTD February
$m | ACTUAL
2019-2020
YTD March
",
federal_monthly_financial_statements,legacy bulk acquisition (pre-split),raw/federal/federal_monthly_financial_statements/snapshots/20260721T030430Z/files/3.-cashflow-statement.xlsx,095a05ffc1d3922d92e627f8ff53fc7cef303933986feeaa35c258fdecff20a2,3.-cashflow-statement.xlsx,https://data.gov.au/data/dataset/2b690e28-8239-48c6-a71d-2658f37d51d7/resource/2b0c8c9e-e3eb-4809-ab70-ed2b0cf95b1f/download/3.-cashflow-statement.xlsx,"not supported - superseded by the per-file sources above (except cash flow statement, which has no dedicated source_id yet); the 288-fact stray preload from this source was removed in Task 1",2020-21,35,12,2020-21 Australian Government general government sector cash flow statement(a) ,"ACTUAL
2020-2021
July
$m | ACTUAL
2020-2021
YTD August
$m | ACTUAL
2020-2021
YTD September
$m | ACTUAL
2020-2021
YTD October
$m | ACTUAL
2020-2021
YTD November
$m | ACTUAL
2020-2021
YTD December
$m | ACTUAL
2020-2021
YTD January
$m | ACTUAL
2020-2021
YTD February
$m | ACTUAL
2020-2021
YTD March
$m |",
federal_monthly_financial_statements,legacy bulk acquisition (pre-split),raw/federal/federal_monthly_financial_statements/snapshots/20260721T030430Z/files/3.-cashflow-statement.xlsx,095a05ffc1d3922d92e627f8ff53fc7cef303933986feeaa35c258fdecff20a2,3.-cashflow-statement.xlsx,https://data.gov.au/data/dataset/2b690e28-8239-48c6-a71d-2658f37d51d7/resource/2b0c8c9e-e3eb-4809-ab70-ed2b0cf95b1f/download/3.-cashflow-statement.xlsx,"not supported - superseded by the per-file sources above (except cash flow statement, which has no dedicated source_id yet); the 288-fact stray preload from this source was removed in Task 1",2021-22,35,12,2021-22 Australian Government general government sector cash flow statement(a) ,"ACTUAL
2021-2022
July
$m | ACTUAL
2021-2022
YTD August
$m | ACTUAL
2021-2022
YTD September
$m | ACTUAL
2021-2022
YTD October
$m | ACTUAL
2021-2022
YTD November
$m | ACTUAL
2021-2022
YTD December
$m | ACTUAL
2021-2022
YTD January
$m | ACTUAL
2021-2022
YTD February
$m | ACTUAL
2021-2022
YTD March
$m |",
federal_monthly_financial_statements,legacy bulk acquisition (pre-split),raw/federal/federal_monthly_financial_statements/snapshots/20260721T030430Z/files/3.-cashflow-statement.xlsx,095a05ffc1d3922d92e627f8ff53fc7cef303933986feeaa35c258fdecff20a2,3.-cashflow-statement.xlsx,https://data.gov.au/data/dataset/2b690e28-8239-48c6-a71d-2658f37d51d7/resource/2b0c8c9e-e3eb-4809-ab70-ed2b0cf95b1f/download/3.-cashflow-statement.xlsx,"not supported - superseded by the per-file sources above (except cash flow statement, which has no dedicated source_id yet); the 288-fact stray preload from this source was removed in Task 1",2022-23,35,12,2022-23 Australian Government general government sector cash flow statement(a) ,"ACTUAL
2022-2023
July
$m | ACTUAL
2022-2023
YTD August
$m | ACTUAL
2022-2023
YTD September
$m | ACTUAL
2022-2023
YTD October
$m | ACTUAL
2022-2023
YTD November
$m | ACTUAL
2022-2023
YTD December
$m | ACTUAL
2022-2023
YTD January
$m | ACTUAL
2022-2023
YTD February
$m | ACTUAL
2022-2023
YTD March
$m |",
federal_monthly_financial_statements,legacy bulk acquisition (pre-split),raw/federal/federal_monthly_financial_statements/snapshots/20260721T030430Z/files/3.-cashflow-statement.xlsx,095a05ffc1d3922d92e627f8ff53fc7cef303933986feeaa35c258fdecff20a2,3.-cashflow-statement.xlsx,https://data.gov.au/data/dataset/2b690e28-8239-48c6-a71d-2658f37d51d7/resource/2b0c8c9e-e3eb-4809-ab70-ed2b0cf95b1f/download/3.-cashflow-statement.xlsx,"not supported - superseded by the per-file sources above (except cash flow statement, which has no dedicated source_id yet); the 288-fact stray preload from this source was removed in Task 1",2023-24,35,12,2023-24 Australian Government general government sector cash flow statement(a) ,"ACTUAL
2023-2024
July
$m | ACTUAL
2023-2024
YTD August
$m | ACTUAL
2023-2024
YTD September
$m | ACTUAL
2023-2024
YTD October
$m | ACTUAL
2023-2024
YTD November
$m | ACTUAL
2023-2024
YTD December
$m | ACTUAL
2023-2024
YTD January
$m | ACTUAL
2023-2024
YTD February
$m | ACTUAL
2023-2024
YTD March
$m |",
federal_monthly_financial_statements,legacy bulk acquisition (pre-split),raw/federal/federal_monthly_financial_statements/snapshots/20260721T030430Z/files/3.-cashflow-statement.xlsx,095a05ffc1d3922d92e627f8ff53fc7cef303933986feeaa35c258fdecff20a2,3.-cashflow-statement.xlsx,https://data.gov.au/data/dataset/2b690e28-8239-48c6-a71d-2658f37d51d7/resource/2b0c8c9e-e3eb-4809-ab70-ed2b0cf95b1f/download/3.-cashflow-statement.xlsx,"not supported - superseded by the per-file sources above (except cash flow statement, which has no dedicated source_id yet); the 288-fact stray preload from this source was removed in Task 1",2024-25,35,12,2024-25 Australian Government general government sector cash flow statement(a) ,"ACTUAL
2024-2025
July
$m | ACTUAL
2024-2025
YTD August
$m | ACTUAL
2024-2025
YTD September
$m | ACTUAL
2024-2025
YTD October
$m | ACTUAL
2024-2025
YTD November
$m | ACTUAL
2024-2025
YTD December
$m | ACTUAL
2024-2025
YTD January
$m | ACTUAL
2024-2025
YTD February
$m | ACTUAL
2024-2025
YTD March
$m |",
federal_monthly_financial_statements,legacy bulk acquisition (pre-split),raw/federal/federal_monthly_financial_statements/snapshots/20260721T030430Z/files/3.-cashflow-statement.xlsx,095a05ffc1d3922d92e627f8ff53fc7cef303933986feeaa35c258fdecff20a2,3.-cashflow-statement.xlsx,https://data.gov.au/data/dataset/2b690e28-8239-48c6-a71d-2658f37d51d7/resource/2b0c8c9e-e3eb-4809-ab70-ed2b0cf95b1f/download/3.-cashflow-statement.xlsx,"not supported - superseded by the per-file sources above (except cash flow statement, which has no dedicated source_id yet); the 288-fact stray preload from this source was removed in Task 1",2025-26,35,12,2025-26 Australian Government general government sector cash flow statement(a) ,"ACTUAL
2025-2026
July
$m | ACTUAL
2025-2026
YTD August
$m | ACTUAL
2025-2026
YTD September
$m | ACTUAL
2025-2026
YTD October
$m | ACTUAL
2025-2026
YTD November
$m | ACTUAL
2025-2026
YTD December
$m | ACTUAL
2025-2026
YTD January
$m | ACTUAL
2025-2026
YTD February
$m | ACTUAL
2025-2026
YTD March
$m |",
federal_monthly_financial_statements,legacy bulk acquisition (pre-split),raw/federal/federal_monthly_financial_statements/snapshots/20260721T030430Z/files/4.-note-1-and-2.xlsx,7c17e4df44ab2147f0c04ee5050e7c38ed43e8d00847cb61968e08e5175bf0f6,4.-note-1-and-2.xlsx,https://data.gov.au/data/dataset/2b690e28-8239-48c6-a71d-2658f37d51d7/resource/e5f442b8-af05-43f2-9b6d-bc9217cf3972/download/4.-note-1-and-2.xlsx,"not supported - superseded by the per-file sources above (except cash flow statement, which has no dedicated source_id yet); the 288-fact stray preload from this source was removed in Task 1",2005-06,29,12,2005-06 Australian Government general government sector - Tax Note 1 - Income Tax,ACTUAL | ACTUAL | ACTUAL | ACTUAL | ACTUAL | ACTUAL | ACTUAL | ACTUAL | ACTUAL | ACTUAL | ACTUAL,
federal_monthly_financial_statements,legacy bulk acquisition (pre-split),raw/federal/federal_monthly_financial_statements/snapshots/20260721T030430Z/files/4.-note-1-and-2.xlsx,7c17e4df44ab2147f0c04ee5050e7c38ed43e8d00847cb61968e08e5175bf0f6,4.-note-1-and-2.xlsx,https://data.gov.au/data/dataset/2b690e28-8239-48c6-a71d-2658f37d51d7/resource/e5f442b8-af05-43f2-9b6d-bc9217cf3972/download/4.-note-1-and-2.xlsx,"not supported - superseded by the per-file sources above (except cash flow statement, which has no dedicated source_id yet); the 288-fact stray preload from this source was removed in Task 1",2006-07,28,12,2006-07 Australian Government general government sector - Tax Note 1 - Income Tax,ACTUAL | ACTUAL | ACTUAL | ACTUAL | ACTUAL | ACTUAL | ACTUAL | ACTUAL | ACTUAL | ACTUAL | ACTUAL,
federal_monthly_financial_statements,legacy bulk acquisition (pre-split),raw/federal/federal_monthly_financial_statements/snapshots/20260721T030430Z/files/4.-note-1-and-2.xlsx,7c17e4df44ab2147f0c04ee5050e7c38ed43e8d00847cb61968e08e5175bf0f6,4.-note-1-and-2.xlsx,https://data.gov.au/data/dataset/2b690e28-8239-48c6-a71d-2658f37d51d7/resource/e5f442b8-af05-43f2-9b6d-bc9217cf3972/download/4.-note-1-and-2.xlsx,"not supported - superseded by the per-file sources above (except cash flow statement, which has no dedicated source_id yet); the 288-fact stray preload from this source was removed in Task 1",2007-08,27,12,2007-08 Australian Government general government sector - Tax Note 1 - Income Tax,ACTUAL | ACTUAL | ACTUAL | ACTUAL | ACTUAL | ACTUAL | ACTUAL | ACTUAL | ACTUAL | ACTUAL | ACTUAL,
federal_monthly_financial_statements,legacy bulk acquisition (pre-split),raw/federal/federal_monthly_financial_statements/snapshots/20260721T030430Z/files/4.-note-1-and-2.xlsx,7c17e4df44ab2147f0c04ee5050e7c38ed43e8d00847cb61968e08e5175bf0f6,4.-note-1-and-2.xlsx,https://data.gov.au/data/dataset/2b690e28-8239-48c6-a71d-2658f37d51d7/resource/e5f442b8-af05-43f2-9b6d-bc9217cf3972/download/4.-note-1-and-2.xlsx,"not supported - superseded by the per-file sources above (except cash flow statement, which has no dedicated source_id yet); the 288-fact stray preload from this source was removed in Task 1",2008-09,29,12,2008-09 Australian Government general government sector - Tax Note 1 - Income Tax,ACTUAL | ACTUAL | ACTUAL | ACTUAL | ACTUAL | ACTUAL | ACTUAL | ACTUAL | ACTUAL | ACTUAL | ACTUAL,
federal_monthly_financial_statements,legacy bulk acquisition (pre-split),raw/federal/federal_monthly_financial_statements/snapshots/20260721T030430Z/files/4.-note-1-and-2.xlsx,7c17e4df44ab2147f0c04ee5050e7c38ed43e8d00847cb61968e08e5175bf0f6,4.-note-1-and-2.xlsx,https://data.gov.au/data/dataset/2b690e28-8239-48c6-a71d-2658f37d51d7/resource/e5f442b8-af05-43f2-9b6d-bc9217cf3972/download/4.-note-1-and-2.xlsx,"not supported - superseded by the per-file sources above (except cash flow statement, which has no dedicated source_id yet); the 288-fact stray preload from this source was removed in Task 1",2009-10,30,12,2009-10 Australian Government general government sector - Tax Note 1 - Income Tax,ACTUAL | ACTUAL | ACTUAL | ACTUAL | ACTUAL | ACTUAL | ACTUAL | ACTUAL | ACTUAL | ACTUAL | ACTUAL,
federal_monthly_financial_statements,legacy bulk acquisition (pre-split),raw/federal/federal_monthly_financial_statements/snapshots/20260721T030430Z/files/4.-note-1-and-2.xlsx,7c17e4df44ab2147f0c04ee5050e7c38ed43e8d00847cb61968e08e5175bf0f6,4.-note-1-and-2.xlsx,https://data.gov.au/data/dataset/2b690e28-8239-48c6-a71d-2658f37d51d7/resource/e5f442b8-af05-43f2-9b6d-bc9217cf3972/download/4.-note-1-and-2.xlsx,"not supported - superseded by the per-file sources above (except cash flow statement, which has no dedicated source_id yet); the 288-fact stray preload from this source was removed in Task 1",2010-11,28,12,2010-11 Australian Government general government sector - Tax Note 1 - Income Tax,ACTUAL | ACTUAL | ACTUAL | ACTUAL | ACTUAL | ACTUAL | ACTUAL | ACTUAL | ACTUAL | ACTUAL | ACTUAL,
federal_monthly_financial_statements,legacy bulk acquisition (pre-split),raw/federal/federal_monthly_financial_statements/snapshots/20260721T030430Z/files/4.-note-1-and-2.xlsx,7c17e4df44ab2147f0c04ee5050e7c38ed43e8d00847cb61968e08e5175bf0f6,4.-note-1-and-2.xlsx,https://data.gov.au/data/dataset/2b690e28-8239-48c6-a71d-2658f37d51d7/resource/e5f442b8-af05-43f2-9b6d-bc9217cf3972/download/4.-note-1-and-2.xlsx,"not supported - superseded by the per-file sources above (except cash flow statement, which has no dedicated source_id yet); the 288-fact stray preload from this source was removed in Task 1",2011-12,22,12,2011-12 Australian Government general government sector - Tax Note 1 - Income Tax,"ACTUAL
2011-12
July
$m | ACTUAL
2011-12
YTD August
$m | 
ACTUAL
2011-2012
YTD September
$m | 
ACTUAL
2011-2012
YTD October
$m | 
ACTUAL
2011-2012
YTD November
$m | 
ACTUAL
2011-2012
YTD December
$m | 
ACTUAL
2011-2012
YTD January
$m | 
ACTUAL
2011-2012
YTD February
$m | 
ACTUAL
2011-2012
YTD March
$",
federal_monthly_financial_statements,legacy bulk acquisition (pre-split),raw/federal/federal_monthly_financial_statements/snapshots/20260721T030430Z/files/4.-note-1-and-2.xlsx,7c17e4df44ab2147f0c04ee5050e7c38ed43e8d00847cb61968e08e5175bf0f6,4.-note-1-and-2.xlsx,https://data.gov.au/data/dataset/2b690e28-8239-48c6-a71d-2658f37d51d7/resource/e5f442b8-af05-43f2-9b6d-bc9217cf3972/download/4.-note-1-and-2.xlsx,"not supported - superseded by the per-file sources above (except cash flow statement, which has no dedicated source_id yet); the 288-fact stray preload from this source was removed in Task 1",2012-13,25,12,2012-13 Australian Government general government sector - Tax Note 1 - Income Tax,"
ACTUAL
2012-2013
YTD July
$m | 
ACTUAL
2012-2013
YTD August
$m | 
ACTUAL
2012-2013
YTD September
$m | 
ACTUAL
2012-2013
YTD October
$m | 
ACTUAL
2012-2013
YTD November
$m | 
ACTUAL
2012-2013
YTD December
$m | 
ACTUAL
2012-2013
YTD January
$m | 
ACTUAL
2012-2013
YTD February
$m | 
ACTUAL
2012-2013
Y",
federal_monthly_financial_statements,legacy bulk acquisition (pre-split),raw/federal/federal_monthly_financial_statements/snapshots/20260721T030430Z/files/4.-note-1-and-2.xlsx,7c17e4df44ab2147f0c04ee5050e7c38ed43e8d00847cb61968e08e5175bf0f6,4.-note-1-and-2.xlsx,https://data.gov.au/data/dataset/2b690e28-8239-48c6-a71d-2658f37d51d7/resource/e5f442b8-af05-43f2-9b6d-bc9217cf3972/download/4.-note-1-and-2.xlsx,"not supported - superseded by the per-file sources above (except cash flow statement, which has no dedicated source_id yet); the 288-fact stray preload from this source was removed in Task 1",2013-14,27,12,2013-14 Australian Government general government sector - Tax Note 1 - Income Tax,"
ACTUAL
2013-2014
 July
$m | 
ACTUAL
2013-2014
YTD August
$m | 
ACTUAL
2013-2014
YTD September
$m | 
ACTUAL
2013-2014
YTD October
$m | 
ACTUAL
2013-2014
YTD November
$m | 
ACTUAL
2013-2014
YTD December
$m | 
ACTUAL
2013-2014
YTD January
$m | 
ACTUAL
2013-2014
YTD February
$m | 
ACTUAL
2013-2014
YTD ",
federal_monthly_financial_statements,legacy bulk acquisition (pre-split),raw/federal/federal_monthly_financial_statements/snapshots/20260721T030430Z/files/4.-note-1-and-2.xlsx,7c17e4df44ab2147f0c04ee5050e7c38ed43e8d00847cb61968e08e5175bf0f6,4.-note-1-and-2.xlsx,https://data.gov.au/data/dataset/2b690e28-8239-48c6-a71d-2658f37d51d7/resource/e5f442b8-af05-43f2-9b6d-bc9217cf3972/download/4.-note-1-and-2.xlsx,"not supported - superseded by the per-file sources above (except cash flow statement, which has no dedicated source_id yet); the 288-fact stray preload from this source was removed in Task 1",2014-15,23,12,2014-15 Australian Government general government sector - Tax Note 1 - Income Tax,"
ACTUAL
2014-2015
 July
$m | 
ACTUAL
2014-2015
YTD August
$m | 
ACTUAL
2014-2015
YTD September
$m | 
ACTUAL
2014-2015
YTD October
$m | 
ACTUAL
2014-2015
YTD November
$m | 
ACTUAL
2014-2015
YTD December
$m | 
ACTUAL
2014-2015
YTD January
$m | 
ACTUAL
2014-2015
YTD February
$m | 
ACTUAL
2014-2015
YTD ",
federal_monthly_financial_statements,legacy bulk acquisition (pre-split),raw/federal/federal_monthly_financial_statements/snapshots/20260721T030430Z/files/4.-note-1-and-2.xlsx,7c17e4df44ab2147f0c04ee5050e7c38ed43e8d00847cb61968e08e5175bf0f6,4.-note-1-and-2.xlsx,https://data.gov.au/data/dataset/2b690e28-8239-48c6-a71d-2658f37d51d7/resource/e5f442b8-af05-43f2-9b6d-bc9217cf3972/download/4.-note-1-and-2.xlsx,"not supported - superseded by the per-file sources above (except cash flow statement, which has no dedicated source_id yet); the 288-fact stray preload from this source was removed in Task 1",2015-16,23,12,2015-16 Australian Government general government sector - Tax Note 1 - Income Tax,"
ACTUAL
2015-2016
 July
$m | 
ACTUAL
2015-2016
YTD August
$m | 
ACTUAL
2015-2016
YTD September
$m | 
ACTUAL
2015-2016
YTD October
$m | 
ACTUAL
2015-2016
YTD November
$m | 
ACTUAL
2015-2016
YTD December
$m | 
ACTUAL
2015-2016
YTD January
$m | 
ACTUAL
2015-2016
YTD February
$m | 
ACTUAL
2015-2016
YTD ",
federal_monthly_financial_statements,legacy bulk acquisition (pre-split),raw/federal/federal_monthly_financial_statements/snapshots/20260721T030430Z/files/4.-note-1-and-2.xlsx,7c17e4df44ab2147f0c04ee5050e7c38ed43e8d00847cb61968e08e5175bf0f6,4.-note-1-and-2.xlsx,https://data.gov.au/data/dataset/2b690e28-8239-48c6-a71d-2658f37d51d7/resource/e5f442b8-af05-43f2-9b6d-bc9217cf3972/download/4.-note-1-and-2.xlsx,"not supported - superseded by the per-file sources above (except cash flow statement, which has no dedicated source_id yet); the 288-fact stray preload from this source was removed in Task 1",2016-17,23,12,2016-17 Australian Government general government sector - Tax Note 1 - Income Tax,"ACTUAL
2016-2017
July
$m | ACTUAL
2016-2017
YTD August
$m | ACTUAL
2016-2017
YTD September
$m | ACTUAL
2016-2017
YTD October
$m | ACTUAL
2016-2017
YTD November
$m | ACTUAL
2016-2017
YTD December
$m | ACTUAL
2016-2017
YTD January
$m | ACTUAL
2016-2017
YTD February
$m | ACTUAL
2016-2017
YTD March
$m |",
federal_monthly_financial_statements,legacy bulk acquisition (pre-split),raw/federal/federal_monthly_financial_statements/snapshots/20260721T030430Z/files/4.-note-1-and-2.xlsx,7c17e4df44ab2147f0c04ee5050e7c38ed43e8d00847cb61968e08e5175bf0f6,4.-note-1-and-2.xlsx,https://data.gov.au/data/dataset/2b690e28-8239-48c6-a71d-2658f37d51d7/resource/e5f442b8-af05-43f2-9b6d-bc9217cf3972/download/4.-note-1-and-2.xlsx,"not supported - superseded by the per-file sources above (except cash flow statement, which has no dedicated source_id yet); the 288-fact stray preload from this source was removed in Task 1",2017-18,23,12,2017-18 Australian Government general government sector - Tax Note 1 - Income Tax,"ACTUAL
2017-2018
July
$m | ACTUAL
2017-2018
YTD August
$m | ACTUAL
2017-2018
YTD September
$m | ACTUAL
2017-2018
YTD October
$m | ACTUAL
2017-2018
YTD November
$m | ACTUAL
2017-2018
YTD December
$m | ACTUAL
2017-2018
YTD January
$m | ACTUAL
2017-2018
YTD February
$m | ACTUAL
2017-2018
YTD March
$m |",
federal_monthly_financial_statements,legacy bulk acquisition (pre-split),raw/federal/federal_monthly_financial_statements/snapshots/20260721T030430Z/files/4.-note-1-and-2.xlsx,7c17e4df44ab2147f0c04ee5050e7c38ed43e8d00847cb61968e08e5175bf0f6,4.-note-1-and-2.xlsx,https://data.gov.au/data/dataset/2b690e28-8239-48c6-a71d-2658f37d51d7/resource/e5f442b8-af05-43f2-9b6d-bc9217cf3972/download/4.-note-1-and-2.xlsx,"not supported - superseded by the per-file sources above (except cash flow statement, which has no dedicated source_id yet); the 288-fact stray preload from this source was removed in Task 1",2018-19,23,12,2018-19 Australian Government general government sector - Tax Note 1 - Income Tax,"ACTUAL
2018-2019
July
$m | ACTUAL
2018-2019
YTD August
$m | ACTUAL
2018-2019
YTD September
$m | ACTUAL
2018-2019
YTD October
$m | ACTUAL
2018-2019
YTD November
$m | ACTUAL
2018-2019
YTD December
$m | ACTUAL
2018-2019
YTD January
$m | ACTUAL
2018-2019
YTD February
$m | ACTUAL
2018-2019
YTD March
$m |",
federal_monthly_financial_statements,legacy bulk acquisition (pre-split),raw/federal/federal_monthly_financial_statements/snapshots/20260721T030430Z/files/4.-note-1-and-2.xlsx,7c17e4df44ab2147f0c04ee5050e7c38ed43e8d00847cb61968e08e5175bf0f6,4.-note-1-and-2.xlsx,https://data.gov.au/data/dataset/2b690e28-8239-48c6-a71d-2658f37d51d7/resource/e5f442b8-af05-43f2-9b6d-bc9217cf3972/download/4.-note-1-and-2.xlsx,"not supported - superseded by the per-file sources above (except cash flow statement, which has no dedicated source_id yet); the 288-fact stray preload from this source was removed in Task 1",2019-20,23,12,2019-20 Australian Government general government sector - Tax Note 1 - Income Tax,"ACTUAL
2019-2020
July
$m | ACTUAL
2019-2020
YTD August
$m | ACTUAL
2019-2020
YTD September
$m | ACTUAL
2019-2020
YTD October
$m | ACTUAL
2019-2020
YTD November
$m | ACTUAL
2019-2020
YTD December
$m | ACTUAL
2019-2020
YTD January
$m | ACTUAL
2019-2020
YTD February
$m | ACTUAL
2019-2020
YTD March
$m |",
federal_monthly_financial_statements,legacy bulk acquisition (pre-split),raw/federal/federal_monthly_financial_statements/snapshots/20260721T030430Z/files/4.-note-1-and-2.xlsx,7c17e4df44ab2147f0c04ee5050e7c38ed43e8d00847cb61968e08e5175bf0f6,4.-note-1-and-2.xlsx,https://data.gov.au/data/dataset/2b690e28-8239-48c6-a71d-2658f37d51d7/resource/e5f442b8-af05-43f2-9b6d-bc9217cf3972/download/4.-note-1-and-2.xlsx,"not supported - superseded by the per-file sources above (except cash flow statement, which has no dedicated source_id yet); the 288-fact stray preload from this source was removed in Task 1",2020-21,23,12,2020-21 Australian Government general government sector - Tax Note 1 - Income Tax,"ACTUAL
2020-2021
July
$m | ACTUAL
2020-2021
YTD August
$m | ACTUAL
2020-2021
YTD September
$m | ACTUAL
2020-2021
YTD October
$m | ACTUAL
2020-2021
YTD November
$m | ACTUAL
2020-2021
YTD December
$m | ACTUAL
2020-2021
YTD January
$m | ACTUAL
2020-2021
YTD February
$m | ACTUAL
2020-2021
YTD March
$m |",
federal_monthly_financial_statements,legacy bulk acquisition (pre-split),raw/federal/federal_monthly_financial_statements/snapshots/20260721T030430Z/files/4.-note-1-and-2.xlsx,7c17e4df44ab2147f0c04ee5050e7c38ed43e8d00847cb61968e08e5175bf0f6,4.-note-1-and-2.xlsx,https://data.gov.au/data/dataset/2b690e28-8239-48c6-a71d-2658f37d51d7/resource/e5f442b8-af05-43f2-9b6d-bc9217cf3972/download/4.-note-1-and-2.xlsx,"not supported - superseded by the per-file sources above (except cash flow statement, which has no dedicated source_id yet); the 288-fact stray preload from this source was removed in Task 1",2021-22,24,12,2021-22 Australian Government general government sector - Tax Note 1 - Income Tax,"ACTUAL
2021-2022
July
$m | ACTUAL
2021-2022
YTD August
$m | ACTUAL
2021-2022
YTD September
$m | ACTUAL
2021-2022
YTD October
$m | ACTUAL
2021-2022
YTD November
$m | ACTUAL
2021-2022
YTD December
$m | ACTUAL
2021-2022
YTD January
$m | ACTUAL
2021-2022
YTD February
$m | ACTUAL
2021-2022
YTD March
$m |",
federal_monthly_financial_statements,legacy bulk acquisition (pre-split),raw/federal/federal_monthly_financial_statements/snapshots/20260721T030430Z/files/4.-note-1-and-2.xlsx,7c17e4df44ab2147f0c04ee5050e7c38ed43e8d00847cb61968e08e5175bf0f6,4.-note-1-and-2.xlsx,https://data.gov.au/data/dataset/2b690e28-8239-48c6-a71d-2658f37d51d7/resource/e5f442b8-af05-43f2-9b6d-bc9217cf3972/download/4.-note-1-and-2.xlsx,"not supported - superseded by the per-file sources above (except cash flow statement, which has no dedicated source_id yet); the 288-fact stray preload from this source was removed in Task 1",2022-23,23,12,2022-23 Australian Government general government sector - Tax Note 1 - Income Tax,"ACTUAL
2022-2023
July
$m | ACTUAL
2022-2023
YTD August
$m | ACTUAL
2022-2023
YTD September
$m | ACTUAL
2022-2023
YTD October
$m | ACTUAL
2022-2023
YTD November
$m | ACTUAL
2022-2023
YTD December
$m | ACTUAL
2022-2023
YTD January
$m | ACTUAL
2022-2023
YTD February
$m | ACTUAL
2022-2023
YTD March
$m |",
federal_monthly_financial_statements,legacy bulk acquisition (pre-split),raw/federal/federal_monthly_financial_statements/snapshots/20260721T030430Z/files/4.-note-1-and-2.xlsx,7c17e4df44ab2147f0c04ee5050e7c38ed43e8d00847cb61968e08e5175bf0f6,4.-note-1-and-2.xlsx,https://data.gov.au/data/dataset/2b690e28-8239-48c6-a71d-2658f37d51d7/resource/e5f442b8-af05-43f2-9b6d-bc9217cf3972/download/4.-note-1-and-2.xlsx,"not supported - superseded by the per-file sources above (except cash flow statement, which has no dedicated source_id yet); the 288-fact stray preload from this source was removed in Task 1",2023-24,23,12,2023-24 Australian Government general government sector - Tax Note 1 - Income Tax,"ACTUAL
2023-2024
July
$m | ACTUAL
2023-2024
YTD August
$m | ACTUAL
2023-2024
YTD September
$m | ACTUAL
2023-2024
YTD October
$m | ACTUAL
2023-2024
YTD November
$m | ACTUAL
2023-2024
YTD December
$m | ACTUAL
2023-2024
YTD January
$m | ACTUAL
2023-2024
YTD February
$m | ACTUAL
2023-2024
YTD March
$m |",
federal_monthly_financial_statements,legacy bulk acquisition (pre-split),raw/federal/federal_monthly_financial_statements/snapshots/20260721T030430Z/files/4.-note-1-and-2.xlsx,7c17e4df44ab2147f0c04ee5050e7c38ed43e8d00847cb61968e08e5175bf0f6,4.-note-1-and-2.xlsx,https://data.gov.au/data/dataset/2b690e28-8239-48c6-a71d-2658f37d51d7/resource/e5f442b8-af05-43f2-9b6d-bc9217cf3972/download/4.-note-1-and-2.xlsx,"not supported - superseded by the per-file sources above (except cash flow statement, which has no dedicated source_id yet); the 288-fact stray preload from this source was removed in Task 1",2024-25,23,12,2024-25 Australian Government general government sector - Tax Note 1 - Income Tax,"ACTUAL
2024-2025
July
$m | ACTUAL
2024-2025
YTD August
$m | ACTUAL
2024-2025
YTD September
$m | ACTUAL
2024-2025
YTD October
$m | ACTUAL
2024-2025
YTD November
$m | ACTUAL
2024-2025
YTD December
$m | ACTUAL
2024-2025
YTD January
$m | ACTUAL
2024-2025
YTD February
$m | ACTUAL
2024-2025
YTD March
$m |",
federal_monthly_financial_statements,legacy bulk acquisition (pre-split),raw/federal/federal_monthly_financial_statements/snapshots/20260721T030430Z/files/4.-note-1-and-2.xlsx,7c17e4df44ab2147f0c04ee5050e7c38ed43e8d00847cb61968e08e5175bf0f6,4.-note-1-and-2.xlsx,https://data.gov.au/data/dataset/2b690e28-8239-48c6-a71d-2658f37d51d7/resource/e5f442b8-af05-43f2-9b6d-bc9217cf3972/download/4.-note-1-and-2.xlsx,"not supported - superseded by the per-file sources above (except cash flow statement, which has no dedicated source_id yet); the 288-fact stray preload from this source was removed in Task 1",2025-26,23,12,2025-26 Australian Government general government sector - Tax Note 1 - Income Tax,"ACTUAL
2025-2026
July
$m | ACTUAL
2025-2026
YTD August
$m | ACTUAL
2025-2026
YTD September
$m | ACTUAL
2025-2026
YTD October
$m | ACTUAL
2025-2026
YTD November
$m | ACTUAL
2025-2026
YTD December
$m | ACTUAL
2025-2026
YTD January
$m | ACTUAL
2025-2026
YTD February
$m | ACTUAL
2025-2026
YTD March
$m |",
federal_monthly_financial_statements,legacy bulk acquisition (pre-split),raw/federal/federal_monthly_financial_statements/snapshots/20260721T030430Z/files/5.-note-3-function-statement.xlsx,27cbf361203029fb48100a63ce7534f34d86e817cf5904a0d3a9203fafb7180e,5.-note-3-function-statement.xlsx,https://data.gov.au/data/dataset/2b690e28-8239-48c6-a71d-2658f37d51d7/resource/e720e678-68cd-4639-8339-e22c0453d319/download/5.-note-3-function-statement.xlsx,"not supported - superseded by the per-file sources above (except cash flow statement, which has no dedicated source_id yet); the 288-fact stray preload from this source was removed in Task 1",2005-06,27,12,2005-06 Australian Government general government sector - Expense by Function,ACTUAL | ACTUAL | ACTUAL | ACTUAL | ACTUAL | ACTUAL | ACTUAL | ACTUAL | ACTUAL | ACTUAL | ACTUAL,
federal_monthly_financial_statements,legacy bulk acquisition (pre-split),raw/federal/federal_monthly_financial_statements/snapshots/20260721T030430Z/files/5.-note-3-function-statement.xlsx,27cbf361203029fb48100a63ce7534f34d86e817cf5904a0d3a9203fafb7180e,5.-note-3-function-statement.xlsx,https://data.gov.au/data/dataset/2b690e28-8239-48c6-a71d-2658f37d51d7/resource/e720e678-68cd-4639-8339-e22c0453d319/download/5.-note-3-function-statement.xlsx,"not supported - superseded by the per-file sources above (except cash flow statement, which has no dedicated source_id yet); the 288-fact stray preload from this source was removed in Task 1",2006-07,27,12,2006-07 Australian Government general government sector - Expense by Function,ACTUAL | ACTUAL | ACTUAL | ACTUAL | ACTUAL | ACTUAL | ACTUAL | ACTUAL | ACTUAL | ACTUAL | ACTUAL,
federal_monthly_financial_statements,legacy bulk acquisition (pre-split),raw/federal/federal_monthly_financial_statements/snapshots/20260721T030430Z/files/5.-note-3-function-statement.xlsx,27cbf361203029fb48100a63ce7534f34d86e817cf5904a0d3a9203fafb7180e,5.-note-3-function-statement.xlsx,https://data.gov.au/data/dataset/2b690e28-8239-48c6-a71d-2658f37d51d7/resource/e720e678-68cd-4639-8339-e22c0453d319/download/5.-note-3-function-statement.xlsx,"not supported - superseded by the per-file sources above (except cash flow statement, which has no dedicated source_id yet); the 288-fact stray preload from this source was removed in Task 1",2007-08,28,12,2007-08 Australian Government general government sector - Expense by Function,ACTUAL | ACTUAL | ACTUAL | ACTUAL | ACTUAL | ACTUAL | ACTUAL | ACTUAL | ACTUAL | ACTUAL | ACTUAL,
federal_monthly_financial_statements,legacy bulk acquisition (pre-split),raw/federal/federal_monthly_financial_statements/snapshots/20260721T030430Z/files/5.-note-3-function-statement.xlsx,27cbf361203029fb48100a63ce7534f34d86e817cf5904a0d3a9203fafb7180e,5.-note-3-function-statement.xlsx,https://data.gov.au/data/dataset/2b690e28-8239-48c6-a71d-2658f37d51d7/resource/e720e678-68cd-4639-8339-e22c0453d319/download/5.-note-3-function-statement.xlsx,"not supported - superseded by the per-file sources above (except cash flow statement, which has no dedicated source_id yet); the 288-fact stray preload from this source was removed in Task 1",2008-09,27,12,2008-09 Australian Government general government sector - Expense by Function,ACTUAL | ACTUAL | ACTUAL | ACTUAL | ACTUAL | ACTUAL | ACTUAL | ACTUAL | ACTUAL | ACTUAL | ACTUAL,
federal_monthly_financial_statements,legacy bulk acquisition (pre-split),raw/federal/federal_monthly_financial_statements/snapshots/20260721T030430Z/files/5.-note-3-function-statement.xlsx,27cbf361203029fb48100a63ce7534f34d86e817cf5904a0d3a9203fafb7180e,5.-note-3-function-statement.xlsx,https://data.gov.au/data/dataset/2b690e28-8239-48c6-a71d-2658f37d51d7/resource/e720e678-68cd-4639-8339-e22c0453d319/download/5.-note-3-function-statement.xlsx,"not supported - superseded by the per-file sources above (except cash flow statement, which has no dedicated source_id yet); the 288-fact stray preload from this source was removed in Task 1",2009-10,27,12,2009-10 Australian Government general government sector - Expense by Function,ACTUAL | ACTUAL | ACTUAL | ACTUAL | ACTUAL | ACTUAL | ACTUAL | ACTUAL | ACTUAL | ACTUAL | ACTUAL,
federal_monthly_financial_statements,legacy bulk acquisition (pre-split),raw/federal/federal_monthly_financial_statements/snapshots/20260721T030430Z/files/5.-note-3-function-statement.xlsx,27cbf361203029fb48100a63ce7534f34d86e817cf5904a0d3a9203fafb7180e,5.-note-3-function-statement.xlsx,https://data.gov.au/data/dataset/2b690e28-8239-48c6-a71d-2658f37d51d7/resource/e720e678-68cd-4639-8339-e22c0453d319/download/5.-note-3-function-statement.xlsx,"not supported - superseded by the per-file sources above (except cash flow statement, which has no dedicated source_id yet); the 288-fact stray preload from this source was removed in Task 1",2010-11,26,12,2010-11 Australian Government general government sector - Expense by Function,ACTUAL | ACTUAL | ACTUAL | ACTUAL | ACTUAL | ACTUAL | ACTUAL | ACTUAL | ACTUAL | ACTUAL | ACTUAL,
federal_monthly_financial_statements,legacy bulk acquisition (pre-split),raw/federal/federal_monthly_financial_statements/snapshots/20260721T030430Z/files/5.-note-3-function-statement.xlsx,27cbf361203029fb48100a63ce7534f34d86e817cf5904a0d3a9203fafb7180e,5.-note-3-function-statement.xlsx,https://data.gov.au/data/dataset/2b690e28-8239-48c6-a71d-2658f37d51d7/resource/e720e678-68cd-4639-8339-e22c0453d319/download/5.-note-3-function-statement.xlsx,"not supported - superseded by the per-file sources above (except cash flow statement, which has no dedicated source_id yet); the 288-fact stray preload from this source was removed in Task 1",2011-12,26,12,2011-12 Australian Government general government sector - Expense by Function,ACTUAL | ACTUAL | ACTUAL | ACTUAL | ACTUAL | ACTUAL | ACTUAL | ACTUAL | ACTUAL | ACTUAL | ACTUAL,
federal_monthly_financial_statements,legacy bulk acquisition (pre-split),raw/federal/federal_monthly_financial_statements/snapshots/20260721T030430Z/files/5.-note-3-function-statement.xlsx,27cbf361203029fb48100a63ce7534f34d86e817cf5904a0d3a9203fafb7180e,5.-note-3-function-statement.xlsx,https://data.gov.au/data/dataset/2b690e28-8239-48c6-a71d-2658f37d51d7/resource/e720e678-68cd-4639-8339-e22c0453d319/download/5.-note-3-function-statement.xlsx,"not supported - superseded by the per-file sources above (except cash flow statement, which has no dedicated source_id yet); the 288-fact stray preload from this source was removed in Task 1",2012-13,23,12,2012-13 Australian Government general government sector - Expense by Function,"
ACTUAL
2012-2013
YTD July
$m | 
ACTUAL
2012-2013
YTD August
$m | 
ACTUAL
2012-2013
YTD September
$m | 
ACTUAL
2012-2013
YTD October
$m | 
ACTUAL
2012-2013
YTD November
$m | 
ACTUAL
2012-2013
YTD December
$m | 
ACTUAL
2012-2013
YTD January
$m | 
ACTUAL
2012-2013
YTD February
$m | 
ACTUAL
2012-2013
Y",
federal_monthly_financial_statements,legacy bulk acquisition (pre-split),raw/federal/federal_monthly_financial_statements/snapshots/20260721T030430Z/files/5.-note-3-function-statement.xlsx,27cbf361203029fb48100a63ce7534f34d86e817cf5904a0d3a9203fafb7180e,5.-note-3-function-statement.xlsx,https://data.gov.au/data/dataset/2b690e28-8239-48c6-a71d-2658f37d51d7/resource/e720e678-68cd-4639-8339-e22c0453d319/download/5.-note-3-function-statement.xlsx,"not supported - superseded by the per-file sources above (except cash flow statement, which has no dedicated source_id yet); the 288-fact stray preload from this source was removed in Task 1",2013-14,23,12,2013-14 Australian Government general government sector - Note 3 - Total expense by function,"
ACTUAL
2013-2014
 July
$m | 
ACTUAL
2013-2014
YTD August
$m | 
ACTUAL
2013-2014
YTD September
$m | 
ACTUAL
2013-2014
YTD October
$m | 
ACTUAL
2013-2014
YTD November
$m | 
ACTUAL
2013-2014
YTD December
$m | 
ACTUAL
2013-2014
YTD January
$m | 
ACTUAL
2013-2014
YTD February
$m | 
ACTUAL
2013-2014
YTD ",
federal_monthly_financial_statements,legacy bulk acquisition (pre-split),raw/federal/federal_monthly_financial_statements/snapshots/20260721T030430Z/files/5.-note-3-function-statement.xlsx,27cbf361203029fb48100a63ce7534f34d86e817cf5904a0d3a9203fafb7180e,5.-note-3-function-statement.xlsx,https://data.gov.au/data/dataset/2b690e28-8239-48c6-a71d-2658f37d51d7/resource/e720e678-68cd-4639-8339-e22c0453d319/download/5.-note-3-function-statement.xlsx,"not supported - superseded by the per-file sources above (except cash flow statement, which has no dedicated source_id yet); the 288-fact stray preload from this source was removed in Task 1",2014-15,23,12,2014-15 Australian Government general government sector - Note 3 - Total expense by function,"
ACTUAL
2014-2015
 July
$m | 
ACTUAL
2014-2015
YTD August
$m | 
ACTUAL
2014-2015
YTD September
$m | 
ACTUAL
2014-2015
YTD October
$m | 
ACTUAL
2014-2015
YTD November
$m | 
ACTUAL
2014-2015
YTD December
$m | 
ACTUAL
2014-2015
YTD January
$m | 
ACTUAL
2014-2015
YTD February
$m | 
ACTUAL
2014-2015
YTD ",
federal_monthly_financial_statements,legacy bulk acquisition (pre-split),raw/federal/federal_monthly_financial_statements/snapshots/20260721T030430Z/files/5.-note-3-function-statement.xlsx,27cbf361203029fb48100a63ce7534f34d86e817cf5904a0d3a9203fafb7180e,5.-note-3-function-statement.xlsx,https://data.gov.au/data/dataset/2b690e28-8239-48c6-a71d-2658f37d51d7/resource/e720e678-68cd-4639-8339-e22c0453d319/download/5.-note-3-function-statement.xlsx,"not supported - superseded by the per-file sources above (except cash flow statement, which has no dedicated source_id yet); the 288-fact stray preload from this source was removed in Task 1",2015-16,23,12,2015-16 Australian Government general government sector - Note 3 - Total expense by function,"
ACTUAL
2015-2016
 July
$m | 
ACTUAL
2015-2016
YTD August
$m | 
ACTUAL
2015-2016
YTD September
$m | 
ACTUAL
2015-2016
YTD October
$m | 
ACTUAL
2015-2016
YTD November
$m | 
ACTUAL
2015-2016
YTD December
$m | 
ACTUAL
2015-2016
YTD January
$m | 
ACTUAL
2015-2016
YTD February
$m | 
ACTUAL
2015-2016
YTD ",
federal_monthly_financial_statements,legacy bulk acquisition (pre-split),raw/federal/federal_monthly_financial_statements/snapshots/20260721T030430Z/files/5.-note-3-function-statement.xlsx,27cbf361203029fb48100a63ce7534f34d86e817cf5904a0d3a9203fafb7180e,5.-note-3-function-statement.xlsx,https://data.gov.au/data/dataset/2b690e28-8239-48c6-a71d-2658f37d51d7/resource/e720e678-68cd-4639-8339-e22c0453d319/download/5.-note-3-function-statement.xlsx,"not supported - superseded by the per-file sources above (except cash flow statement, which has no dedicated source_id yet); the 288-fact stray preload from this source was removed in Task 1",2016-17,23,12,2016-17 Australian Government general government sector - Note 3 - Total expense by function,"ACTUAL
2016-2017
July
$m | ACTUAL
2016-2017
YTD August
$m | ACTUAL
2016-2017
YTD September
$m | ACTUAL
2016-2017
YTD October
$m | ACTUAL
2016-2017
YTD November
$m | ACTUAL
2016-2017
YTD December
$m | ACTUAL
2016-2017
YTD January
$m | ACTUAL
2016-2017
YTD February
$m | ACTUAL
2016-2017
YTD March
$m |",
federal_monthly_financial_statements,legacy bulk acquisition (pre-split),raw/federal/federal_monthly_financial_statements/snapshots/20260721T030430Z/files/5.-note-3-function-statement.xlsx,27cbf361203029fb48100a63ce7534f34d86e817cf5904a0d3a9203fafb7180e,5.-note-3-function-statement.xlsx,https://data.gov.au/data/dataset/2b690e28-8239-48c6-a71d-2658f37d51d7/resource/e720e678-68cd-4639-8339-e22c0453d319/download/5.-note-3-function-statement.xlsx,"not supported - superseded by the per-file sources above (except cash flow statement, which has no dedicated source_id yet); the 288-fact stray preload from this source was removed in Task 1",2017-18,23,12,2017-18 Australian Government general government sector - Note 3 - Total expense by function,"ACTUAL
2017-2018
July
$m | ACTUAL
2017-2018
YTD August
$m | ACTUAL
2017-2018
YTD September
$m | ACTUAL
2017-2018
YTD October
$m | ACTUAL
2017-2018
YTD November
$m | ACTUAL
2017-2018
YTD December
$m | ACTUAL
2017-2018
YTD January
$m | ACTUAL
2017-2018
YTD February
$m | ACTUAL
2017-2018
YTD March
$m |",
federal_monthly_financial_statements,legacy bulk acquisition (pre-split),raw/federal/federal_monthly_financial_statements/snapshots/20260721T030430Z/files/5.-note-3-function-statement.xlsx,27cbf361203029fb48100a63ce7534f34d86e817cf5904a0d3a9203fafb7180e,5.-note-3-function-statement.xlsx,https://data.gov.au/data/dataset/2b690e28-8239-48c6-a71d-2658f37d51d7/resource/e720e678-68cd-4639-8339-e22c0453d319/download/5.-note-3-function-statement.xlsx,"not supported - superseded by the per-file sources above (except cash flow statement, which has no dedicated source_id yet); the 288-fact stray preload from this source was removed in Task 1",2018-19,23,12,2018-19 Australian Government general government sector - Note 3 - Total expense by function,"ACTUAL
2018-2019
July
$m | ACTUAL
2018-2019
YTD August
$m | ACTUAL
2018-2019
YTD September
$m | ACTUAL
2018-2019
YTD October
$m | ACTUAL
2018-2019
YTD November
$m | ACTUAL
2018-2019
YTD December
$m | ACTUAL
2018-2019
YTD January
$m | ACTUAL
2018-2019
YTD February
$m | ACTUAL
2018-2019
YTD March
$m |",
federal_monthly_financial_statements,legacy bulk acquisition (pre-split),raw/federal/federal_monthly_financial_statements/snapshots/20260721T030430Z/files/5.-note-3-function-statement.xlsx,27cbf361203029fb48100a63ce7534f34d86e817cf5904a0d3a9203fafb7180e,5.-note-3-function-statement.xlsx,https://data.gov.au/data/dataset/2b690e28-8239-48c6-a71d-2658f37d51d7/resource/e720e678-68cd-4639-8339-e22c0453d319/download/5.-note-3-function-statement.xlsx,"not supported - superseded by the per-file sources above (except cash flow statement, which has no dedicated source_id yet); the 288-fact stray preload from this source was removed in Task 1",2019-20,23,12,2019-20 Australian Government general government sector - Note 3 - Total expense by function,"ACTUAL
2019-2020
July
$m | ACTUAL
2019-2020
YTD August
$m | ACTUAL
2019-2020
YTD September
$m | ACTUAL
2019-2020
YTD October
$m | ACTUAL
2019-2020
YTD November
$m | ACTUAL
2019-2020
YTD December
$m | ACTUAL
2019-2020
YTD January
$m | ACTUAL
2019-2020
YTD February
$m | ACTUAL
2019-2020
YTD March
$m |",
federal_monthly_financial_statements,legacy bulk acquisition (pre-split),raw/federal/federal_monthly_financial_statements/snapshots/20260721T030430Z/files/5.-note-3-function-statement.xlsx,27cbf361203029fb48100a63ce7534f34d86e817cf5904a0d3a9203fafb7180e,5.-note-3-function-statement.xlsx,https://data.gov.au/data/dataset/2b690e28-8239-48c6-a71d-2658f37d51d7/resource/e720e678-68cd-4639-8339-e22c0453d319/download/5.-note-3-function-statement.xlsx,"not supported - superseded by the per-file sources above (except cash flow statement, which has no dedicated source_id yet); the 288-fact stray preload from this source was removed in Task 1",2020-21,23,12,2020-21 Australian Government general government sector - Note 3 - Total expense by function,"ACTUAL
2020-2021
July
$m | ACTUAL
2020-2021
YTD August
$m | ACTUAL
2020-2021
YTD September
$m | ACTUAL
2020-2021
YTD October
$m | ACTUAL
2020-2021
YTD November
$m | ACTUAL
2020-2021
YTD December
$m | ACTUAL
2020-2021
YTD January
$m | ACTUAL
2020-2021
YTD February
$m | ACTUAL
2020-2021
YTD March
$m |",
federal_monthly_financial_statements,legacy bulk acquisition (pre-split),raw/federal/federal_monthly_financial_statements/snapshots/20260721T030430Z/files/5.-note-3-function-statement.xlsx,27cbf361203029fb48100a63ce7534f34d86e817cf5904a0d3a9203fafb7180e,5.-note-3-function-statement.xlsx,https://data.gov.au/data/dataset/2b690e28-8239-48c6-a71d-2658f37d51d7/resource/e720e678-68cd-4639-8339-e22c0453d319/download/5.-note-3-function-statement.xlsx,"not supported - superseded by the per-file sources above (except cash flow statement, which has no dedicated source_id yet); the 288-fact stray preload from this source was removed in Task 1",2021-22,23,12,2021-22 Australian Government general government sector - Note 3 - Total expense by function,"ACTUAL
2021-2022
July
$m | ACTUAL
2021-2022
YTD August
$m | ACTUAL
2021-2022
YTD September
$m | ACTUAL
2021-2022
YTD October
$m | ACTUAL
2021-2022
YTD November
$m | ACTUAL
2021-2022
YTD December
$m | ACTUAL
2021-2022
YTD January
$m | ACTUAL
2021-2022
YTD February
$m | ACTUAL
2021-2022
YTD March
$m |",
federal_monthly_financial_statements,legacy bulk acquisition (pre-split),raw/federal/federal_monthly_financial_statements/snapshots/20260721T030430Z/files/5.-note-3-function-statement.xlsx,27cbf361203029fb48100a63ce7534f34d86e817cf5904a0d3a9203fafb7180e,5.-note-3-function-statement.xlsx,https://data.gov.au/data/dataset/2b690e28-8239-48c6-a71d-2658f37d51d7/resource/e720e678-68cd-4639-8339-e22c0453d319/download/5.-note-3-function-statement.xlsx,"not supported - superseded by the per-file sources above (except cash flow statement, which has no dedicated source_id yet); the 288-fact stray preload from this source was removed in Task 1",2022-23,23,12,2022-23 Australian Government general government sector - Note 3 - Total expense by function,"ACTUAL
2022-2023
July
$m | ACTUAL
2022-2023
YTD August
$m | ACTUAL
2022-2023
YTD September
$m | ACTUAL
2022-2023
YTD October
$m | ACTUAL
2022-2023
YTD November
$m | ACTUAL
2022-2023
YTD December
$m | ACTUAL
2022-2023
YTD January
$m | ACTUAL
2022-2023
YTD February
$m | ACTUAL
2022-2023
YTD March
$m |",
federal_monthly_financial_statements,legacy bulk acquisition (pre-split),raw/federal/federal_monthly_financial_statements/snapshots/20260721T030430Z/files/5.-note-3-function-statement.xlsx,27cbf361203029fb48100a63ce7534f34d86e817cf5904a0d3a9203fafb7180e,5.-note-3-function-statement.xlsx,https://data.gov.au/data/dataset/2b690e28-8239-48c6-a71d-2658f37d51d7/resource/e720e678-68cd-4639-8339-e22c0453d319/download/5.-note-3-function-statement.xlsx,"not supported - superseded by the per-file sources above (except cash flow statement, which has no dedicated source_id yet); the 288-fact stray preload from this source was removed in Task 1",2023-24,23,12,2023-24 Australian Government general government sector - Note 3 - Total expense by function,"ACTUAL
2023-2024
July
$m | ACTUAL
2023-2024
YTD August
$m | ACTUAL
2023-2024
YTD September
$m | ACTUAL
2023-2024
YTD October
$m | ACTUAL
2023-2024
YTD November
$m | ACTUAL
2023-2024
YTD December
$m | ACTUAL
2023-2024
YTD January
$m | ACTUAL
2023-2024
YTD February
$m | ACTUAL
2023-2024
YTD March
$m |",
federal_monthly_financial_statements,legacy bulk acquisition (pre-split),raw/federal/federal_monthly_financial_statements/snapshots/20260721T030430Z/files/5.-note-3-function-statement.xlsx,27cbf361203029fb48100a63ce7534f34d86e817cf5904a0d3a9203fafb7180e,5.-note-3-function-statement.xlsx,https://data.gov.au/data/dataset/2b690e28-8239-48c6-a71d-2658f37d51d7/resource/e720e678-68cd-4639-8339-e22c0453d319/download/5.-note-3-function-statement.xlsx,"not supported - superseded by the per-file sources above (except cash flow statement, which has no dedicated source_id yet); the 288-fact stray preload from this source was removed in Task 1",2024-25,23,12,2024-25 Australian Government general government sector - Note 3 - Total expense by function,"ACTUAL
2024-2025
July
$m | ACTUAL
2024-2025
YTD August
$m | ACTUAL
2024-2025
YTD September
$m | ACTUAL
2024-2025
YTD October
$m | ACTUAL
2024-2025
YTD November
$m | ACTUAL
2024-2025
YTD December
$m | ACTUAL
2024-2025
YTD January
$m | ACTUAL
2024-2025
YTD February
$m | ACTUAL
2024-2025
YTD March
$m |",
federal_monthly_financial_statements,legacy bulk acquisition (pre-split),raw/federal/federal_monthly_financial_statements/snapshots/20260721T030430Z/files/5.-note-3-function-statement.xlsx,27cbf361203029fb48100a63ce7534f34d86e817cf5904a0d3a9203fafb7180e,5.-note-3-function-statement.xlsx,https://data.gov.au/data/dataset/2b690e28-8239-48c6-a71d-2658f37d51d7/resource/e720e678-68cd-4639-8339-e22c0453d319/download/5.-note-3-function-statement.xlsx,"not supported - superseded by the per-file sources above (except cash flow statement, which has no dedicated source_id yet); the 288-fact stray preload from this source was removed in Task 1",2025-26,23,12,2025-26 Australian Government general government sector - Note 3 - Total expense by function,"ACTUAL
2025-2026
July
$m | ACTUAL
2025-2026
YTD August
$m | ACTUAL
2025-2026
YTD September
$m | ACTUAL
2025-2026
YTD October
$m | ACTUAL
2025-2026
YTD November
$m | ACTUAL
2025-2026
YTD December
$m | ACTUAL
2025-2026
YTD January
$m | ACTUAL
2025-2026
YTD February
$m | ACTUAL
2025-2026
YTD March
$m |",
federal_monthly_financial_statements,legacy bulk acquisition (pre-split),raw/federal/federal_monthly_financial_statements/snapshots/20260720T215815Z/files/1.-aggregates-mp.xlsx,729258ecea395230b1f4db5f502c238c80d26dea0324b965c96c36da0a7d47ab,1.-aggregates-mp.xlsx,https://data.gov.au/data/dataset/2b690e28-8239-48c6-a71d-2658f37d51d7/resource/67519e13-bc0e-4ccc-a09b-520bdf19f8ce/download/1.-aggregates-mp.xlsx,"not supported - superseded by the per-file sources above (except cash flow statement, which has no dedicated source_id yet); the 288-fact stray preload from this source was removed in Task 1",2009-10,10,12,2009-2010 Australian Government general government sector - Aggregates,"AGGREGATES | ACTUAL*
2009-2010
July
$m | ACTUAL*
2009-2010
YTD August
$m | ACTUAL*
2009-2010
YTD September
$m | MYEFO Profile
YTD October 
2009
$m | MYEFO Profile
YTD November  2009
$m | MYEFO Profile
YTD December  2009
$m | MYEFO Profile
YTD January 
2010
$m | MYEFO Profile
YTD February 
2010
$m | ",
federal_monthly_financial_statements,legacy bulk acquisition (pre-split),raw/federal/federal_monthly_financial_statements/snapshots/20260720T215815Z/files/1.-aggregates-mp.xlsx,729258ecea395230b1f4db5f502c238c80d26dea0324b965c96c36da0a7d47ab,1.-aggregates-mp.xlsx,https://data.gov.au/data/dataset/2b690e28-8239-48c6-a71d-2658f37d51d7/resource/67519e13-bc0e-4ccc-a09b-520bdf19f8ce/download/1.-aggregates-mp.xlsx,"not supported - superseded by the per-file sources above (except cash flow statement, which has no dedicated source_id yet); the 288-fact stray preload from this source was removed in Task 1",2011-12,12,12,2011-2012 Australian Government general government sector - Aggregates,"AGGREGATES | 
ACTUAL*
2011-2012
July
$m | Budget 
Profile
2011-2012
YTD August
$m | Budget
Profile
2011-2012
YTD September
$m | Budget
Profile
2011-2012
YTD October
$m | MYEFO
Profile
2011-2012
YTD November
$m | MYEFO
Profile
2011-2012
YTD December
$m | MYEFO
Profile
2011-2012
YTD January
$m | MYEFO",
federal_monthly_financial_statements,legacy bulk acquisition (pre-split),raw/federal/federal_monthly_financial_statements/snapshots/20260720T215815Z/files/1.-aggregates-mp.xlsx,729258ecea395230b1f4db5f502c238c80d26dea0324b965c96c36da0a7d47ab,1.-aggregates-mp.xlsx,https://data.gov.au/data/dataset/2b690e28-8239-48c6-a71d-2658f37d51d7/resource/67519e13-bc0e-4ccc-a09b-520bdf19f8ce/download/1.-aggregates-mp.xlsx,"not supported - superseded by the per-file sources above (except cash flow statement, which has no dedicated source_id yet); the 288-fact stray preload from this source was removed in Task 1",2010-11,10,12,2010-2011 Australian Government general government sector - Aggregates,"AGGREGATES | 
ACTUAL*
2010-2011
July
$m | 
Budget Profile
2010-2011
YTD August
$m | 
Budget Profile
2010-2011
YTD September
$m | MYEFO 
Profile
2010-2011
YTD October
$m | MYEFO
 Profile
2010-2011
YTD November
$m | MYEFO 
Profile
2010-2011
YTD December
$m | MYEFO 
Profile
2010-2011
YTD January
$m | M",
federal_monthly_financial_statements,legacy bulk acquisition (pre-split),raw/federal/federal_monthly_financial_statements/snapshots/20260720T215815Z/files/1.-aggregates-mp.xlsx,729258ecea395230b1f4db5f502c238c80d26dea0324b965c96c36da0a7d47ab,1.-aggregates-mp.xlsx,https://data.gov.au/data/dataset/2b690e28-8239-48c6-a71d-2658f37d51d7/resource/67519e13-bc0e-4ccc-a09b-520bdf19f8ce/download/1.-aggregates-mp.xlsx,"not supported - superseded by the per-file sources above (except cash flow statement, which has no dedicated source_id yet); the 288-fact stray preload from this source was removed in Task 1",2012-13,12,12,2012-2013 Australian Government general government sector - Aggregates,"AGGREGATES | 
ACTUAL*
2012-2013
YTD July
$m | Budget
Profile
2012-2013
YTD August
$m | Budget
Profile
2012-2013
YTD September
$m | Budget
Profile
2012-2013
YTD October
$m | MYEFO
Profile
2012-2013
YTD November
$m | MYEFO
Profile
2012-2013
YTD December
$m | MYEFO
Profile
2012-2013
YTD January
$m | MY",
federal_monthly_financial_statements,legacy bulk acquisition (pre-split),raw/federal/federal_monthly_financial_statements/snapshots/20260720T215815Z/files/1.-aggregates-mp.xlsx,729258ecea395230b1f4db5f502c238c80d26dea0324b965c96c36da0a7d47ab,1.-aggregates-mp.xlsx,https://data.gov.au/data/dataset/2b690e28-8239-48c6-a71d-2658f37d51d7/resource/67519e13-bc0e-4ccc-a09b-520bdf19f8ce/download/1.-aggregates-mp.xlsx,"not supported - superseded by the per-file sources above (except cash flow statement, which has no dedicated source_id yet); the 288-fact stray preload from this source was removed in Task 1",2013-14,13,12,2013-2014 Australian Government general government sector - Aggregates,"AGGREGATES | 
ACTUAL*
2013-2014
July
$m | Budget 
Profile
2013-2014
YTD August
$m | Budget 
Profile
2013-2014
YTD September
$m | Budget  
Profile
2013-2014
YTD October
$m | BUDGET
PROFILE
2013-2014
YTD November
$m | MYEFO
PROFILE
2013-2014
YTD December
$m | MYEFO
PROFILE
2013-2014
YTD January
$m | M",
federal_monthly_financial_statements,legacy bulk acquisition (pre-split),raw/federal/federal_monthly_financial_statements/snapshots/20260720T215815Z/files/1.-aggregates-mp.xlsx,729258ecea395230b1f4db5f502c238c80d26dea0324b965c96c36da0a7d47ab,1.-aggregates-mp.xlsx,https://data.gov.au/data/dataset/2b690e28-8239-48c6-a71d-2658f37d51d7/resource/67519e13-bc0e-4ccc-a09b-520bdf19f8ce/download/1.-aggregates-mp.xlsx,"not supported - superseded by the per-file sources above (except cash flow statement, which has no dedicated source_id yet); the 288-fact stray preload from this source was removed in Task 1",2014-15,13,12,2014-2015 Australian Government general government sector - Aggregates,"AGGREGATES | 
ACTUAL*
2014-2015
July
$m | Budget 
Profile
2014-2015
YTD August
$m | Budget
 Profile
2014-2015
YTD September
$m | Budget
 Profile
2014-2015
YTD October
$m | Budget 
Profile
2014-2015
YTD November
$m | MYEFO
 PROFILE
2014-2015
YTD December
$m | MYEFO 
PROFILE
2014-2015
YTD January
$m |",
federal_monthly_financial_statements,legacy bulk acquisition (pre-split),raw/federal/federal_monthly_financial_statements/snapshots/20260720T215815Z/files/1.-aggregates-mp.xlsx,729258ecea395230b1f4db5f502c238c80d26dea0324b965c96c36da0a7d47ab,1.-aggregates-mp.xlsx,https://data.gov.au/data/dataset/2b690e28-8239-48c6-a71d-2658f37d51d7/resource/67519e13-bc0e-4ccc-a09b-520bdf19f8ce/download/1.-aggregates-mp.xlsx,"not supported - superseded by the per-file sources above (except cash flow statement, which has no dedicated source_id yet); the 288-fact stray preload from this source was removed in Task 1",2015-16,13,12,2015-2016 Australian Government general government sector - Aggregates,"AGGREGATES | 
ACTUAL*
2015-2016
July
$m | Budget 
Profile
2015-2016
YTD August
$m | Budget 
Profile
2015-2016
YTD September
$m | Budget 
Profile
2015-2016
YTD October
$m | Budget 
Profile
2015-2016
YTD November
$m | MYEFO 
Profile
2015-2016
YTD December
$m | MYEFO 
Profile
2015-2016
YTD January
$m |",
federal_monthly_financial_statements,legacy bulk acquisition (pre-split),raw/federal/federal_monthly_financial_statements/snapshots/20260720T215815Z/files/1.-aggregates-mp.xlsx,729258ecea395230b1f4db5f502c238c80d26dea0324b965c96c36da0a7d47ab,1.-aggregates-mp.xlsx,https://data.gov.au/data/dataset/2b690e28-8239-48c6-a71d-2658f37d51d7/resource/67519e13-bc0e-4ccc-a09b-520bdf19f8ce/download/1.-aggregates-mp.xlsx,"not supported - superseded by the per-file sources above (except cash flow statement, which has no dedicated source_id yet); the 288-fact stray preload from this source was removed in Task 1",2016-17,13,12,2016-2017 Australian Government general government sector - Aggregates,"AGGREGATES | ACTUAL*
2016-2017
July
$m | Budget 
Profile
2016-2017
YTD August
$m | Budget 
Profile
2016-2017
YTD September
$m | Budget 
Profile
2016-2017
YTD October
$m | Budget 
Profile
2016-2017
YTD November
$m | MYEFO  
Profile
2016-2017
YTD December
$m | MYEFO 
Profile
2016-2017
YTD January
$m |",
federal_monthly_financial_statements,legacy bulk acquisition (pre-split),raw/federal/federal_monthly_financial_statements/snapshots/20260720T215815Z/files/1.-aggregates-mp.xlsx,729258ecea395230b1f4db5f502c238c80d26dea0324b965c96c36da0a7d47ab,1.-aggregates-mp.xlsx,https://data.gov.au/data/dataset/2b690e28-8239-48c6-a71d-2658f37d51d7/resource/67519e13-bc0e-4ccc-a09b-520bdf19f8ce/download/1.-aggregates-mp.xlsx,"not supported - superseded by the per-file sources above (except cash flow statement, which has no dedicated source_id yet); the 288-fact stray preload from this source was removed in Task 1",2017-18,13,12,2017-2018 Australian Government general government sector - Aggregates,"AGGREGATES | 
ACTUAL*
2017-2018
July
$m | Budget 
Profile
2017-2018
YTD August
$m | Budget 
Profile
2017-2018
YTD September
$m | Budget 
Profile
2017-2018
YTD October
$m | Budget 
Profile
2017-2018
YTD November
$m | MYEFO 
Profile
2017-2018
YTD December
$m | MYEFO 
Profile
2017-2018
YTD January
$m |",
federal_monthly_financial_statements,legacy bulk acquisition (pre-split),raw/federal/federal_monthly_financial_statements/snapshots/20260720T215815Z/files/1.-aggregates-mp.xlsx,729258ecea395230b1f4db5f502c238c80d26dea0324b965c96c36da0a7d47ab,1.-aggregates-mp.xlsx,https://data.gov.au/data/dataset/2b690e28-8239-48c6-a71d-2658f37d51d7/resource/67519e13-bc0e-4ccc-a09b-520bdf19f8ce/download/1.-aggregates-mp.xlsx,"not supported - superseded by the per-file sources above (except cash flow statement, which has no dedicated source_id yet); the 288-fact stray preload from this source was removed in Task 1",2018-19,13,12,2018-2019 Australian Government general government sector - Aggregates,"AGGREGATES | 
ACTUAL*
2018-2019
July
$m | 
Budget 
Profile
2018-2019
YTD August
$m | Budget 
Profile
2018-2019
YTD September
$m | 
Budget 
Profile
2018-2019
YTD October
$m | Budget 
Profile
2018-2019
YTD November
$m | MYEFO 
Profile
2018-2019
YTD December
$m | 
MYEFO 
Profile
2018-2019
YTD January
$",
federal_monthly_financial_statements,legacy bulk acquisition (pre-split),raw/federal/federal_monthly_financial_statements/snapshots/20260720T215815Z/files/1.-aggregates-mp.xlsx,729258ecea395230b1f4db5f502c238c80d26dea0324b965c96c36da0a7d47ab,1.-aggregates-mp.xlsx,https://data.gov.au/data/dataset/2b690e28-8239-48c6-a71d-2658f37d51d7/resource/67519e13-bc0e-4ccc-a09b-520bdf19f8ce/download/1.-aggregates-mp.xlsx,"not supported - superseded by the per-file sources above (except cash flow statement, which has no dedicated source_id yet); the 288-fact stray preload from this source was removed in Task 1",2019-20,13,12,2019-2020 Australian Government general government sector - Aggregates,"AGGREGATES(a) | 
ACTUAL*
2019-2020
July
$m | Budget 
Profile
2019-2020
YTD August
$m | Budget 
Profile
2019-2020
YTD September
$m | Budget 
Profile
2019-2020
YTD October
$m | Budget 
Profile
2019-2020
YTD November
$m | MYEFO 
Profile
2019-2020
YTD December
$m | MYEFO 
Profile
2019-2020
YTD January
$",
federal_monthly_financial_statements,legacy bulk acquisition (pre-split),raw/federal/federal_monthly_financial_statements/snapshots/20260720T215815Z/files/1.-aggregates-mp.xlsx,729258ecea395230b1f4db5f502c238c80d26dea0324b965c96c36da0a7d47ab,1.-aggregates-mp.xlsx,https://data.gov.au/data/dataset/2b690e28-8239-48c6-a71d-2658f37d51d7/resource/67519e13-bc0e-4ccc-a09b-520bdf19f8ce/download/1.-aggregates-mp.xlsx,"not supported - superseded by the per-file sources above (except cash flow statement, which has no dedicated source_id yet); the 288-fact stray preload from this source was removed in Task 1",2020-21,12,12,2020-2021 Australian Government general government sector - Aggregates,"AGGREGATES | ACTUAL*
2020-2021
July
$b | 
ACTUAL*
2020-2021
YTD August
$b | Budget 
Profile
2020-2021
YTD September
$b | Budget 
Profile
2020-2021
YTD October
$b | Budget 
Profile
2020-2021
YTD November
$b | MYEFO 
Profile
2020-2021
YTD December
$b | MYEFO 
Profile
2020-2021
YTD January
$b | MYEFO 
",
federal_monthly_financial_statements,legacy bulk acquisition (pre-split),raw/federal/federal_monthly_financial_statements/snapshots/20260720T215815Z/files/1.-aggregates-mp.xlsx,729258ecea395230b1f4db5f502c238c80d26dea0324b965c96c36da0a7d47ab,1.-aggregates-mp.xlsx,https://data.gov.au/data/dataset/2b690e28-8239-48c6-a71d-2658f37d51d7/resource/67519e13-bc0e-4ccc-a09b-520bdf19f8ce/download/1.-aggregates-mp.xlsx,"not supported - superseded by the per-file sources above (except cash flow statement, which has no dedicated source_id yet); the 288-fact stray preload from this source was removed in Task 1",2021-22,12,12,2021-22 Australian Government general government sector - Aggregates,"AGGREGATES | ACTUAL*
2021-2022
July
$b | Budget 
Profile
2021-2022
YTD August
$b | Budget 
Profile
2021-2022
YTD September
$b | Budget 
Profile
2021-2022
YTD October
$b | Budget 
Profile
2021-2022
YTD November
$b | MYEFO 
Profile
2021-2022
YTD December
$b | MYEFO 
Profile
2021-2022
YTD January
$b | ",
federal_monthly_financial_statements,legacy bulk acquisition (pre-split),raw/federal/federal_monthly_financial_statements/snapshots/20260720T215815Z/files/1.-aggregates-mp.xlsx,729258ecea395230b1f4db5f502c238c80d26dea0324b965c96c36da0a7d47ab,1.-aggregates-mp.xlsx,https://data.gov.au/data/dataset/2b690e28-8239-48c6-a71d-2658f37d51d7/resource/67519e13-bc0e-4ccc-a09b-520bdf19f8ce/download/1.-aggregates-mp.xlsx,"not supported - superseded by the per-file sources above (except cash flow statement, which has no dedicated source_id yet); the 288-fact stray preload from this source was removed in Task 1",2022-23,12,12,2022-23 Australian Government general government sector - Aggregates,"AGGREGATES(a) | ACTUAL*
2022-2023
July
$b | ACTUAL*
2022-2023
YTD August
$b | ACTUAL*
2022-2023
YTD September
$b | ACTUAL*
2022-2023
YTD October
$b | October 
Budget 
Profile
2022-2023
YTD November
$b | October 
Budget 
Profile
2022-2023
YTD December
$b | October 
Budget 
Profile
2022-2023
YTD Janua",
federal_monthly_financial_statements,legacy bulk acquisition (pre-split),raw/federal/federal_monthly_financial_statements/snapshots/20260720T215815Z/files/1.-aggregates-mp.xlsx,729258ecea395230b1f4db5f502c238c80d26dea0324b965c96c36da0a7d47ab,1.-aggregates-mp.xlsx,https://data.gov.au/data/dataset/2b690e28-8239-48c6-a71d-2658f37d51d7/resource/67519e13-bc0e-4ccc-a09b-520bdf19f8ce/download/1.-aggregates-mp.xlsx,"not supported - superseded by the per-file sources above (except cash flow statement, which has no dedicated source_id yet); the 288-fact stray preload from this source was removed in Task 1",2023-24,12,12,2023-24 Australian Government general government sector - Aggregates,"AGGREGATES(a) | ACTUAL*
2023-2024
July
$b | Budget 
Profile
2023-2024
YTD August
$b | Budget 
Profile
2023-2024
YTD September
$b | Budget 
Profile
2023-2024
YTD October
$b | ACTUAL*
2023-2024
YTD November
$b | ACTUAL*
2023-2024
YTD December
$b | MYEFO 
Profile
2023-2024
YTD January
$b | MYEFO 
Profi",
federal_monthly_financial_statements,legacy bulk acquisition (pre-split),raw/federal/federal_monthly_financial_statements/snapshots/20260720T215815Z/files/1.-aggregates-mp.xlsx,729258ecea395230b1f4db5f502c238c80d26dea0324b965c96c36da0a7d47ab,1.-aggregates-mp.xlsx,https://data.gov.au/data/dataset/2b690e28-8239-48c6-a71d-2658f37d51d7/resource/67519e13-bc0e-4ccc-a09b-520bdf19f8ce/download/1.-aggregates-mp.xlsx,"not supported - superseded by the per-file sources above (except cash flow statement, which has no dedicated source_id yet); the 288-fact stray preload from this source was removed in Task 1",2024-25,12,12,2024-25 Australian Government general government sector - Aggregates,"AGGREGATES(a) | ACTUAL*
2024-2025
July
$b | Budget 
Profile
2024-2025
YTD August
$b | Budget Profile
2024-2025
YTD September
$b | Budget Profile
2024-2025
YTD October
$b | Budget Profile
2024-2025
YTD November
$b | Budget Profile
2024-2025
YTD December
$b | MYEFO Profile
2024-2025
YTD January
$b | M",
federal_monthly_financial_statements,legacy bulk acquisition (pre-split),raw/federal/federal_monthly_financial_statements/snapshots/20260720T215815Z/files/1.-aggregates-mp.xlsx,729258ecea395230b1f4db5f502c238c80d26dea0324b965c96c36da0a7d47ab,1.-aggregates-mp.xlsx,https://data.gov.au/data/dataset/2b690e28-8239-48c6-a71d-2658f37d51d7/resource/67519e13-bc0e-4ccc-a09b-520bdf19f8ce/download/1.-aggregates-mp.xlsx,"not supported - superseded by the per-file sources above (except cash flow statement, which has no dedicated source_id yet); the 288-fact stray preload from this source was removed in Task 1",2025-26,12,12,2025-26 Australian Government general government sector - Aggregates,"AGGREGATES(a) | ACTUAL*
2025-2026
July
$b | Budget 
Profile
2025-2026
YTD August
$b | Budget Profile
2025-2026
YTD September
$b | Budget Profile
2025-2026
YTD October
$b | Budget Profile
2025-2026
YTD November
$b | Budget Profile
2025-2026
YTD December
$b | MYEFO Profile
2025-2026
YTD January
$b | M",
federal_monthly_financial_statements,legacy bulk acquisition (pre-split),raw/federal/federal_monthly_financial_statements/snapshots/20260720T215815Z/files/2.-operating-statement-mp.xlsx,5c34a8baed2b43e53e52f1d6a504bdda8c21113a912073851f1b913613369ca2,2.-operating-statement-mp.xlsx,https://data.gov.au/data/dataset/2b690e28-8239-48c6-a71d-2658f37d51d7/resource/bc7c250f-923e-4c29-a18d-d52b2faba09d/download/2.-operating-statement-mp.xlsx,"not supported - superseded by the per-file sources above (except cash flow statement, which has no dedicated source_id yet); the 288-fact stray preload from this source was removed in Task 1",2013-14,58,12,2013-14 Australian Government general government sector operating statement,"
ACTUAL*
2013-2014
July
$m | ACTUAL*
2013-2014
YTD August
$m | ACTUAL*
2013-2014
YTD September
$m | Budget
Profile
2013-2014
YTD October
$m | BUDGET 
PROFILE
2013-2014
YTD November
$m | MYEFO 
PROFILE
2013-2014
YTD December
$m | MYEFO 
PROFILE
2013-2014
YTD January
$m | MYEFO 
PROFILE
2013-2014
YTD ",
federal_monthly_financial_statements,legacy bulk acquisition (pre-split),raw/federal/federal_monthly_financial_statements/snapshots/20260720T215815Z/files/2.-operating-statement-mp.xlsx,5c34a8baed2b43e53e52f1d6a504bdda8c21113a912073851f1b913613369ca2,2.-operating-statement-mp.xlsx,https://data.gov.au/data/dataset/2b690e28-8239-48c6-a71d-2658f37d51d7/resource/bc7c250f-923e-4c29-a18d-d52b2faba09d/download/2.-operating-statement-mp.xlsx,"not supported - superseded by the per-file sources above (except cash flow statement, which has no dedicated source_id yet); the 288-fact stray preload from this source was removed in Task 1",2014-15,58,12,2014-15 Australian Government general government sector operating statement,"ACTUAL*
2014-2015
July
$m | Budget
Profile
2014-2015
YTD August
$m | Budget
Profile
2014-2015
YTD September
$m | Budget
Profile
2014-2015
YTD October
$m | Budget
Profile
2014-2015
YTD November
$m | MYEFO
PROFILE
2014-2015
YTD December
$m | MYEFO 
PROFILE
2014-2015
YTD January
$m | MYEFO 
Profile
201",
federal_monthly_financial_statements,legacy bulk acquisition (pre-split),raw/federal/federal_monthly_financial_statements/snapshots/20260720T215815Z/files/2.-operating-statement-mp.xlsx,5c34a8baed2b43e53e52f1d6a504bdda8c21113a912073851f1b913613369ca2,2.-operating-statement-mp.xlsx,https://data.gov.au/data/dataset/2b690e28-8239-48c6-a71d-2658f37d51d7/resource/bc7c250f-923e-4c29-a18d-d52b2faba09d/download/2.-operating-statement-mp.xlsx,"not supported - superseded by the per-file sources above (except cash flow statement, which has no dedicated source_id yet); the 288-fact stray preload from this source was removed in Task 1",2015-16,58,12,2015-16 Australian Government general government sector operating statement,"
ACTUAL*
2015-2016
 July
$m | Budget 
Profile
2015-2016
YTD August
$m | Budget 
Profile
2015-2016
YTD September
$m | Budget 
Profile
2015-2016
YTD October
$m | Budget 
Profile
2015-2016
YTD November
$m | MYEFO 
Profile
2015-2016
YTD December
$m | MYEFO 
Profile
2015-2016
YTD January
$m | MYEFO 
Prof",
federal_monthly_financial_statements,legacy bulk acquisition (pre-split),raw/federal/federal_monthly_financial_statements/snapshots/20260720T215815Z/files/2.-operating-statement-mp.xlsx,5c34a8baed2b43e53e52f1d6a504bdda8c21113a912073851f1b913613369ca2,2.-operating-statement-mp.xlsx,https://data.gov.au/data/dataset/2b690e28-8239-48c6-a71d-2658f37d51d7/resource/bc7c250f-923e-4c29-a18d-d52b2faba09d/download/2.-operating-statement-mp.xlsx,"not supported - superseded by the per-file sources above (except cash flow statement, which has no dedicated source_id yet); the 288-fact stray preload from this source was removed in Task 1",2016-17,58,12,2016-17 Australian Government general government sector operating statement,"ACTUAL*
2016-2017
July
$m | Budget 
Profile
2016-2017
YTD August
$m | Budget 
Profile
2016-2017
YTD September
$m | Budget 
Profile
2016-2017
YTD October
$m | Budget 
Profile
2016-2017
YTD November
$m | MYEFO 
Profile
2016-2017
YTD December
$m | MYEFO 
Profile
2016-2017
YTD January
$m | MYEFO 
Profil",
federal_monthly_financial_statements,legacy bulk acquisition (pre-split),raw/federal/federal_monthly_financial_statements/snapshots/20260720T215815Z/files/2.-operating-statement-mp.xlsx,5c34a8baed2b43e53e52f1d6a504bdda8c21113a912073851f1b913613369ca2,2.-operating-statement-mp.xlsx,https://data.gov.au/data/dataset/2b690e28-8239-48c6-a71d-2658f37d51d7/resource/bc7c250f-923e-4c29-a18d-d52b2faba09d/download/2.-operating-statement-mp.xlsx,"not supported - superseded by the per-file sources above (except cash flow statement, which has no dedicated source_id yet); the 288-fact stray preload from this source was removed in Task 1",2017-18,58,12,2017-18 Australian Government general government sector operating statement,"ACTUAL*
2017-2018
July
$m | Budget 
Profile
2017-2018
YTD August
$m | Budget 
Profile
2017-2018
YTD September
$m | Budget 
Profile
2017-2018
YTD October
$m | Budget 
Profile
2017-2018
YTD November
$m | MYEFO 
Profile
2017-2018
YTD December
$m | 
MYEFO 
Profile
2017-2018
YTD January
$m | 
MYEFO 
Prof",
federal_monthly_financial_statements,legacy bulk acquisition (pre-split),raw/federal/federal_monthly_financial_statements/snapshots/20260720T215815Z/files/2.-operating-statement-mp.xlsx,5c34a8baed2b43e53e52f1d6a504bdda8c21113a912073851f1b913613369ca2,2.-operating-statement-mp.xlsx,https://data.gov.au/data/dataset/2b690e28-8239-48c6-a71d-2658f37d51d7/resource/bc7c250f-923e-4c29-a18d-d52b2faba09d/download/2.-operating-statement-mp.xlsx,"not supported - superseded by the per-file sources above (except cash flow statement, which has no dedicated source_id yet); the 288-fact stray preload from this source was removed in Task 1",2018-19,57,12,2018-19 Australian Government general government sector operating statement,"
ACTUAL*
2018-2019
July
$m | 
Budget 
Profile
2018-2019
YTD August
$m | Budget 
Profile
2018-2019
YTD September
$m | 
Budget 
Profile
2018-2019
YTD October
$m | Budget 
Profile
2018-2019
YTD November
$m | MYEFO 
Profile
2018-2019
YTD December
$m | MYEFO 
Profile
2018-2019
YTD January
$m | 
MYEFO 
Pr",
federal_monthly_financial_statements,legacy bulk acquisition (pre-split),raw/federal/federal_monthly_financial_statements/snapshots/20260720T215815Z/files/2.-operating-statement-mp.xlsx,5c34a8baed2b43e53e52f1d6a504bdda8c21113a912073851f1b913613369ca2,2.-operating-statement-mp.xlsx,https://data.gov.au/data/dataset/2b690e28-8239-48c6-a71d-2658f37d51d7/resource/bc7c250f-923e-4c29-a18d-d52b2faba09d/download/2.-operating-statement-mp.xlsx,"not supported - superseded by the per-file sources above (except cash flow statement, which has no dedicated source_id yet); the 288-fact stray preload from this source was removed in Task 1",2019-20,57,12,2019-20 Australian Government general government sector operating statement,"
ACTUAL*
2019-2020
July
$m | Budget 
Profile
2019-2020
YTD August
$m | Budget 
Profile
2019-2020
YTD September
$m | 
Budget 
Profile
2019-2020
YTD October
$m | Budget 
Profile
2019-2020
YTD November
$m | MYEFO 
Profile
2019-2020
YTD December
$m | 
MYEFO 
Profile
2019-2020
YTD January
$m | 
MYEFO 
Pr",
federal_monthly_financial_statements,legacy bulk acquisition (pre-split),raw/federal/federal_monthly_financial_statements/snapshots/20260720T215815Z/files/2.-operating-statement-mp.xlsx,5c34a8baed2b43e53e52f1d6a504bdda8c21113a912073851f1b913613369ca2,2.-operating-statement-mp.xlsx,https://data.gov.au/data/dataset/2b690e28-8239-48c6-a71d-2658f37d51d7/resource/bc7c250f-923e-4c29-a18d-d52b2faba09d/download/2.-operating-statement-mp.xlsx,"not supported - superseded by the per-file sources above (except cash flow statement, which has no dedicated source_id yet); the 288-fact stray preload from this source was removed in Task 1",2020-21,57,12,2020-21 Australian Government general government sector operating statement,"
ACTUAL*
2020-2021
July
$m | 
ACTUAL*
2020-2021
YTD August
$m | Budget 
Profile
2020-2021
YTD September
$m | 
Budget 
Profile
2020-2021
YTD October
$m | Budget 
Profile
2020-2021
YTD November
$m | MYEFO 
Profile
2020-2021
YTD December
$m | 
MYEFO 
Profile
2020-2021
YTD January
$m | 
MYEFO 
Profile
2",
federal_monthly_financial_statements,legacy bulk acquisition (pre-split),raw/federal/federal_monthly_financial_statements/snapshots/20260720T215815Z/files/2.-operating-statement-mp.xlsx,5c34a8baed2b43e53e52f1d6a504bdda8c21113a912073851f1b913613369ca2,2.-operating-statement-mp.xlsx,https://data.gov.au/data/dataset/2b690e28-8239-48c6-a71d-2658f37d51d7/resource/bc7c250f-923e-4c29-a18d-d52b2faba09d/download/2.-operating-statement-mp.xlsx,"not supported - superseded by the per-file sources above (except cash flow statement, which has no dedicated source_id yet); the 288-fact stray preload from this source was removed in Task 1",2021-22,57,12,2021-22 Australian Government general government sector operating statement,"ACTUAL*
2021-2022 July
$m | Budget 
Profile
2021-2022
YTD August
$m | Budget 
Profile
2021-2022
YTD September
$m | Budget 
Profile
2021-2022
YTD October
$m | Budget 
Profile
2021-2022
YTD November
$m | MYEFO 
Profile
2021-2022
YTD December
$m | MYEFO 
Profile
2021-2022
YTD January
$m | MYEFO 
Profil",
federal_monthly_financial_statements,legacy bulk acquisition (pre-split),raw/federal/federal_monthly_financial_statements/snapshots/20260720T215815Z/files/2.-operating-statement-mp.xlsx,5c34a8baed2b43e53e52f1d6a504bdda8c21113a912073851f1b913613369ca2,2.-operating-statement-mp.xlsx,https://data.gov.au/data/dataset/2b690e28-8239-48c6-a71d-2658f37d51d7/resource/bc7c250f-923e-4c29-a18d-d52b2faba09d/download/2.-operating-statement-mp.xlsx,"not supported - superseded by the per-file sources above (except cash flow statement, which has no dedicated source_id yet); the 288-fact stray preload from this source was removed in Task 1",2022-23,57,12,2022-23 Australian Government general government sector operating statement,"ACTUAL*
2022-2023 
July
$m | ACTUAL*
2022-2023
YTD August
$m | March 
Budget 
Profile
2022-2023
YTD September
$m | March 
Budget 
Profile
2022-2023
YTD October
$m | October 
Budget 
Profile
2022-2023
YTD November
$m | October 
Budget
 Profile
2022-2023
YTD December
$m | October 
Budget
 Profile
2022",
federal_monthly_financial_statements,legacy bulk acquisition (pre-split),raw/federal/federal_monthly_financial_statements/snapshots/20260720T215815Z/files/2.-operating-statement-mp.xlsx,5c34a8baed2b43e53e52f1d6a504bdda8c21113a912073851f1b913613369ca2,2.-operating-statement-mp.xlsx,https://data.gov.au/data/dataset/2b690e28-8239-48c6-a71d-2658f37d51d7/resource/bc7c250f-923e-4c29-a18d-d52b2faba09d/download/2.-operating-statement-mp.xlsx,"not supported - superseded by the per-file sources above (except cash flow statement, which has no dedicated source_id yet); the 288-fact stray preload from this source was removed in Task 1",2023-24,57,12,2023-24 Australian Government general government sector operating statement,"ACTUAL*
2023-2024 
July
$m | Budget 
Profile
2023-2024
YTD August
$m | Budget 
Profile
2023-2024
YTD September
$m | Budget 
Profile
2023-2024
YTD October
$m | Budget 
Profile
2023-2024
YTD November
$m | Budget 
Profile
2023-2024
YTD December
$m | MYEFO 
Profile
2023-2024
YTD January
$m | MYEFO 
Prof",
federal_monthly_financial_statements,legacy bulk acquisition (pre-split),raw/federal/federal_monthly_financial_statements/snapshots/20260720T215815Z/files/2.-operating-statement-mp.xlsx,5c34a8baed2b43e53e52f1d6a504bdda8c21113a912073851f1b913613369ca2,2.-operating-statement-mp.xlsx,https://data.gov.au/data/dataset/2b690e28-8239-48c6-a71d-2658f37d51d7/resource/bc7c250f-923e-4c29-a18d-d52b2faba09d/download/2.-operating-statement-mp.xlsx,"not supported - superseded by the per-file sources above (except cash flow statement, which has no dedicated source_id yet); the 288-fact stray preload from this source was removed in Task 1",2024-25,57,12,2024-25 Australian Government general government sector operating statement,"ACTUAL*
2024-2025 
July
$m | Budget 
Profile
2024-2025
YTD August
$m | Budget Profile
2024-2025
YTD September
$m | Budget Profile
2024-2025
YTD October
$m | Budget Profile
2024-2025
YTD November
$m | Budget Profile
2024-2025
YTD December
$m | MYEFO Profile
2024-2025
YTD January
$m | MYEFO Profile
20",
federal_monthly_financial_statements,legacy bulk acquisition (pre-split),raw/federal/federal_monthly_financial_statements/snapshots/20260720T215815Z/files/2.-operating-statement-mp.xlsx,5c34a8baed2b43e53e52f1d6a504bdda8c21113a912073851f1b913613369ca2,2.-operating-statement-mp.xlsx,https://data.gov.au/data/dataset/2b690e28-8239-48c6-a71d-2658f37d51d7/resource/bc7c250f-923e-4c29-a18d-d52b2faba09d/download/2.-operating-statement-mp.xlsx,"not supported - superseded by the per-file sources above (except cash flow statement, which has no dedicated source_id yet); the 288-fact stray preload from this source was removed in Task 1",2025-26,57,12,2025-26 Australian Government general government sector operating statement,"ACTUAL*
2025-2026
July
$m | Budget 
Profile
2025-2026
YTD August
$m | Budget Profile
2025-2026
YTD September
$m | Budget Profile
2025-2026
YTD October
$m | Budget Profile
2025-2026
YTD November
$m | Budget Profile
2025-2026
YTD December
$m | MYEFO Profile
2025-2026
YTD January
$m | MYEFO Profile
202",
federal_monthly_financial_statements,legacy bulk acquisition (pre-split),raw/federal/federal_monthly_financial_statements/snapshots/20260720T215815Z/files/3.-cashflow-statement-mp.xlsx,00f268b55c249f9fae8ec080c8918dd58550b8b4cb509bb1f0f26fae9fef7449,3.-cashflow-statement-mp.xlsx,https://data.gov.au/data/dataset/2b690e28-8239-48c6-a71d-2658f37d51d7/resource/9619a54e-bd0b-40f2-8185-ea8c038cf7a8/download/3.-cashflow-statement-mp.xlsx,"not supported - superseded by the per-file sources above (except cash flow statement, which has no dedicated source_id yet); the 288-fact stray preload from this source was removed in Task 1",2013-14,40,12,2013-14 Australian Government general government sector cash flow statement,"
ACTUAL*
2013-2014
July
$m | 
ACTUAL*
2013-2014
YTD August
$m | 
ACTUAL*
2013-2014
YTD September
$m | 
Budget 
Profile
2013-2014
YTD October
$m | 
BUDGET 
PROFILE
2013-2014
YTD November
$m | MYEFO 
PROFILE
2013-2014
YTD December
$m | MYEFO 
PROFILE
2013-2014
YTD January
$m | 
MYEFO 
PROFILE
2013-201",
federal_monthly_financial_statements,legacy bulk acquisition (pre-split),raw/federal/federal_monthly_financial_statements/snapshots/20260720T215815Z/files/3.-cashflow-statement-mp.xlsx,00f268b55c249f9fae8ec080c8918dd58550b8b4cb509bb1f0f26fae9fef7449,3.-cashflow-statement-mp.xlsx,https://data.gov.au/data/dataset/2b690e28-8239-48c6-a71d-2658f37d51d7/resource/9619a54e-bd0b-40f2-8185-ea8c038cf7a8/download/3.-cashflow-statement-mp.xlsx,"not supported - superseded by the per-file sources above (except cash flow statement, which has no dedicated source_id yet); the 288-fact stray preload from this source was removed in Task 1",2014-15,40,12,2014-15 Australian Government general government sector cash flow statement,"
ACTUAL*
2014-2015
 July
$m | 
Budget 
Profile
2014-2015
YTD August
$m | 
Budget 
Profile
2014-2015
YTD September
$m | 
Budget 
Profile
2014-2015
YTD October
$m | 
Budget 
Profile
2014-2015
YTD November
$m | 
MYEFO 
PROFILE
2014-2015
YTD December
$m | 
MYEFO 
PROFILE
2014-2015
YTD January
$m | 
MYEF",
federal_monthly_financial_statements,legacy bulk acquisition (pre-split),raw/federal/federal_monthly_financial_statements/snapshots/20260720T215815Z/files/3.-cashflow-statement-mp.xlsx,00f268b55c249f9fae8ec080c8918dd58550b8b4cb509bb1f0f26fae9fef7449,3.-cashflow-statement-mp.xlsx,https://data.gov.au/data/dataset/2b690e28-8239-48c6-a71d-2658f37d51d7/resource/9619a54e-bd0b-40f2-8185-ea8c038cf7a8/download/3.-cashflow-statement-mp.xlsx,"not supported - superseded by the per-file sources above (except cash flow statement, which has no dedicated source_id yet); the 288-fact stray preload from this source was removed in Task 1",2015-16,40,12,2015-16 Australian Government general government sector cash flow statement(a),"
ACTUAL*
2015-2016
 July
$m | 
Budget 
Profile
2015-2016
YTD August
$m | 
Budget Profile
2015-2016
YTD September
$m | 
Budget Profile
2015-2016
YTD October
$m | 
Budget Profile
2015-2016
YTD November
$m | 
MYEFO Profile
2015-2016
YTD December
$m | 
MYEFO Profile
2015-2016
YTD January
$m | 
MYEFO Pro",
federal_monthly_financial_statements,legacy bulk acquisition (pre-split),raw/federal/federal_monthly_financial_statements/snapshots/20260720T215815Z/files/3.-cashflow-statement-mp.xlsx,00f268b55c249f9fae8ec080c8918dd58550b8b4cb509bb1f0f26fae9fef7449,3.-cashflow-statement-mp.xlsx,https://data.gov.au/data/dataset/2b690e28-8239-48c6-a71d-2658f37d51d7/resource/9619a54e-bd0b-40f2-8185-ea8c038cf7a8/download/3.-cashflow-statement-mp.xlsx,"not supported - superseded by the per-file sources above (except cash flow statement, which has no dedicated source_id yet); the 288-fact stray preload from this source was removed in Task 1",2016-17,40,11,2016-17 Australian Government general government sector cash flow statement(a),"ACTUAL*
2016-2017
July
$m | Budget
 Profile
2016-2017
YTD August
$m | Budget Profile
2016-2017
YTD September
$m | Budget Profile
2016-2017
YTD October
$m | Budget Profile
2016-2017
YTD November
$m | MYEFO Profile
2016-2017
YTD December
$m | MYEFO Profile
2016-2017
YTD January
$m | MYEFO Profile
2016",
federal_monthly_financial_statements,legacy bulk acquisition (pre-split),raw/federal/federal_monthly_financial_statements/snapshots/20260720T215815Z/files/3.-cashflow-statement-mp.xlsx,00f268b55c249f9fae8ec080c8918dd58550b8b4cb509bb1f0f26fae9fef7449,3.-cashflow-statement-mp.xlsx,https://data.gov.au/data/dataset/2b690e28-8239-48c6-a71d-2658f37d51d7/resource/9619a54e-bd0b-40f2-8185-ea8c038cf7a8/download/3.-cashflow-statement-mp.xlsx,"not supported - superseded by the per-file sources above (except cash flow statement, which has no dedicated source_id yet); the 288-fact stray preload from this source was removed in Task 1",2016-17 May,39,2,2016-17 Australian Government general government sector cash flow statement(a),"Revised Budget Profile^
2016-2017
YTD May
$m",
federal_monthly_financial_statements,legacy bulk acquisition (pre-split),raw/federal/federal_monthly_financial_statements/snapshots/20260720T215815Z/files/3.-cashflow-statement-mp.xlsx,00f268b55c249f9fae8ec080c8918dd58550b8b4cb509bb1f0f26fae9fef7449,3.-cashflow-statement-mp.xlsx,https://data.gov.au/data/dataset/2b690e28-8239-48c6-a71d-2658f37d51d7/resource/9619a54e-bd0b-40f2-8185-ea8c038cf7a8/download/3.-cashflow-statement-mp.xlsx,"not supported - superseded by the per-file sources above (except cash flow statement, which has no dedicated source_id yet); the 288-fact stray preload from this source was removed in Task 1",2017-18,39,12,2017-18 Australian Government general government sector cash flow statement(a),"ACTUAL*
2017-2018
July
$m | Budget 
Profile
2017-2018
YTD August
$m | Budget Profile
2017-2018
YTD September
$m | Budget Profile
2017-2018
YTD October
$m | Budget Profile
2017-2018
YTD November
$m | MYEFO Profile
2017-2018
YTD December
$m | MYEFO Profile
2017-2018
YTD January
$m | MYEFO Profile
2017",
federal_monthly_financial_statements,legacy bulk acquisition (pre-split),raw/federal/federal_monthly_financial_statements/snapshots/20260720T215815Z/files/3.-cashflow-statement-mp.xlsx,00f268b55c249f9fae8ec080c8918dd58550b8b4cb509bb1f0f26fae9fef7449,3.-cashflow-statement-mp.xlsx,https://data.gov.au/data/dataset/2b690e28-8239-48c6-a71d-2658f37d51d7/resource/9619a54e-bd0b-40f2-8185-ea8c038cf7a8/download/3.-cashflow-statement-mp.xlsx,"not supported - superseded by the per-file sources above (except cash flow statement, which has no dedicated source_id yet); the 288-fact stray preload from this source was removed in Task 1",2019-20,38,12,2019-20 Australian Government general government sector cash flow statement(a),"ACTUAL*
2019-2020
July
$m | Budget 
Profile
2019-2020
YTD August
$m | Budget Profile
2019-2020
YTD September
$m | Budget Profile
2019-2020
YTD October
$m | Budget Profile
2019-2020
YTD November
$m | MYEFO Profile
2019-2020
YTD December
$m | MYEFO Profile
2019-2020
YTD January
$m | MYEFO Profile
2019",
federal_monthly_financial_statements,legacy bulk acquisition (pre-split),raw/federal/federal_monthly_financial_statements/snapshots/20260720T215815Z/files/3.-cashflow-statement-mp.xlsx,00f268b55c249f9fae8ec080c8918dd58550b8b4cb509bb1f0f26fae9fef7449,3.-cashflow-statement-mp.xlsx,https://data.gov.au/data/dataset/2b690e28-8239-48c6-a71d-2658f37d51d7/resource/9619a54e-bd0b-40f2-8185-ea8c038cf7a8/download/3.-cashflow-statement-mp.xlsx,"not supported - superseded by the per-file sources above (except cash flow statement, which has no dedicated source_id yet); the 288-fact stray preload from this source was removed in Task 1",2018-19,39,12,2018-19 Australian Government general government sector cash flow statement(a),"ACTUAL*
2018-2019
July
$m | Budget
 Profile
2018-2019
YTD August
$m | Budget Profile
2018-2019
YTD September
$m | Budget Profile
2018-2019
YTD October
$m | Budget Profile
2018-2019
YTD November
$m | MYEFO Profile
2018-2019
YTD December
$m | MYEFO Profile
2018-2019
YTD January
$m | MYEFO Profile
2018",
federal_monthly_financial_statements,legacy bulk acquisition (pre-split),raw/federal/federal_monthly_financial_statements/snapshots/20260720T215815Z/files/3.-cashflow-statement-mp.xlsx,00f268b55c249f9fae8ec080c8918dd58550b8b4cb509bb1f0f26fae9fef7449,3.-cashflow-statement-mp.xlsx,https://data.gov.au/data/dataset/2b690e28-8239-48c6-a71d-2658f37d51d7/resource/9619a54e-bd0b-40f2-8185-ea8c038cf7a8/download/3.-cashflow-statement-mp.xlsx,"not supported - superseded by the per-file sources above (except cash flow statement, which has no dedicated source_id yet); the 288-fact stray preload from this source was removed in Task 1",2020-21,35,12,2020-21 Australian Government general government sector cash flow statement(a),"ACTUAL*
2020-2021
July
$m | ACTUAL*
2020-2021
YTD August
$m | Budget 
Profile
2020-2021
YTD September
$m | Budget Profile
2020-2021
YTD October
$m | Budget Profile
2020-2021
YTD November
$m | MYEFO Profile
2020-2021
YTD December
$m | MYEFO Profile
2020-2021
YTD January
$m | MYEFO Profile
2020-2021
Y",
federal_monthly_financial_statements,legacy bulk acquisition (pre-split),raw/federal/federal_monthly_financial_statements/snapshots/20260720T215815Z/files/3.-cashflow-statement-mp.xlsx,00f268b55c249f9fae8ec080c8918dd58550b8b4cb509bb1f0f26fae9fef7449,3.-cashflow-statement-mp.xlsx,https://data.gov.au/data/dataset/2b690e28-8239-48c6-a71d-2658f37d51d7/resource/9619a54e-bd0b-40f2-8185-ea8c038cf7a8/download/3.-cashflow-statement-mp.xlsx,"not supported - superseded by the per-file sources above (except cash flow statement, which has no dedicated source_id yet); the 288-fact stray preload from this source was removed in Task 1",2021-22,35,12,2021-22 Australian Government general government sector cash flow statement(a),"ACTUAL*
2021-2022
July
$m | Budget 
Profile
2021-2022
YTD August
$m | Budget Profile
2021-2022
YTD September
$m | Budget Profile
2021-2022
YTD October
$m | Budget Profile
2021-2022
YTD November
$m | MYEFO Profile
2021-2022
YTD December
$m | MYEFO Profile
2021-2022
YTD January
$m | MYEFO Profile
2021",
federal_monthly_financial_statements,legacy bulk acquisition (pre-split),raw/federal/federal_monthly_financial_statements/snapshots/20260720T215815Z/files/3.-cashflow-statement-mp.xlsx,00f268b55c249f9fae8ec080c8918dd58550b8b4cb509bb1f0f26fae9fef7449,3.-cashflow-statement-mp.xlsx,https://data.gov.au/data/dataset/2b690e28-8239-48c6-a71d-2658f37d51d7/resource/9619a54e-bd0b-40f2-8185-ea8c038cf7a8/download/3.-cashflow-statement-mp.xlsx,"not supported - superseded by the per-file sources above (except cash flow statement, which has no dedicated source_id yet); the 288-fact stray preload from this source was removed in Task 1",2022-23,35,12,2022-23 Australian Government general government sector cash flow statement(a),"ACTUAL*
2022-2023
July
$m | ACTUAL*
2022-2023
YTD August
$m | March
 Budget Profile
2022-2023
YTD September
$m | March 
Budget Profile
2022-2023
YTD October
$m | October 
Budget Profile
2022-2023
YTD November
$m | October 
Budget Profile
2022-2023
YTD December
$m | October 
Budget Profile
2022-2023
",
federal_monthly_financial_statements,legacy bulk acquisition (pre-split),raw/federal/federal_monthly_financial_statements/snapshots/20260720T215815Z/files/3.-cashflow-statement-mp.xlsx,00f268b55c249f9fae8ec080c8918dd58550b8b4cb509bb1f0f26fae9fef7449,3.-cashflow-statement-mp.xlsx,https://data.gov.au/data/dataset/2b690e28-8239-48c6-a71d-2658f37d51d7/resource/9619a54e-bd0b-40f2-8185-ea8c038cf7a8/download/3.-cashflow-statement-mp.xlsx,"not supported - superseded by the per-file sources above (except cash flow statement, which has no dedicated source_id yet); the 288-fact stray preload from this source was removed in Task 1",2023-24,35,12,2023-24 Australian Government general government sector cash flow statement(a),"ACTUAL*
2023-2024
July
$m | Budget
 Profile
2023-2024
YTD August
$m | Budget Profile
2023-2024
YTD September
$m | Budget Profile
2023-2024
YTD October
$m | Budget Profile
2023-2024
YTD November
$m | Budget Profile
2023-2024
YTD December
$m | MYEFO Profile
2023-2024
YTD January
$m | MYEFO Profile
202",
federal_monthly_financial_statements,legacy bulk acquisition (pre-split),raw/federal/federal_monthly_financial_statements/snapshots/20260720T215815Z/files/3.-cashflow-statement-mp.xlsx,00f268b55c249f9fae8ec080c8918dd58550b8b4cb509bb1f0f26fae9fef7449,3.-cashflow-statement-mp.xlsx,https://data.gov.au/data/dataset/2b690e28-8239-48c6-a71d-2658f37d51d7/resource/9619a54e-bd0b-40f2-8185-ea8c038cf7a8/download/3.-cashflow-statement-mp.xlsx,"not supported - superseded by the per-file sources above (except cash flow statement, which has no dedicated source_id yet); the 288-fact stray preload from this source was removed in Task 1",2024-25,35,12,2024-25 Australian Government general government sector cash flow statement(a),"ACTUAL*
2024-2025
July
$m | Budget
 Profile
2024-2025
YTD August
$m | Budget Profile
2024-2025
YTD September
$m | Budget Profile
2024-2025
YTD October
$m | Budget Profile
2024-2025
YTD November
$m | Budget Profile
2024-2025
YTD December
$m | MYEFO Profile
2024-2025
YTD January
$m | MYEFO Profile
202",
federal_monthly_financial_statements,legacy bulk acquisition (pre-split),raw/federal/federal_monthly_financial_statements/snapshots/20260720T215815Z/files/3.-cashflow-statement-mp.xlsx,00f268b55c249f9fae8ec080c8918dd58550b8b4cb509bb1f0f26fae9fef7449,3.-cashflow-statement-mp.xlsx,https://data.gov.au/data/dataset/2b690e28-8239-48c6-a71d-2658f37d51d7/resource/9619a54e-bd0b-40f2-8185-ea8c038cf7a8/download/3.-cashflow-statement-mp.xlsx,"not supported - superseded by the per-file sources above (except cash flow statement, which has no dedicated source_id yet); the 288-fact stray preload from this source was removed in Task 1",2025-26,35,12,2025-26 Australian Government general government sector cash flow statement(a),"ACTUAL*
2025-2026
July
$m | Budget
 Profile
2025-2026
YTD August
$m | Budget Profile
2025-2026
YTD September
$m | Budget Profile
2025-2026
YTD October
$m | Budget Profile
2025-2026
YTD November
$m | Budget Profile
2025-2026
YTD December
$m | MYEFO Profile
2025-2026
YTD January
$m | MYEFO Profile
202",
federal_monthly_financial_statements,legacy bulk acquisition (pre-split),raw/federal/federal_monthly_financial_statements/snapshots/20260720T215815Z/files/4.-note-1-and-2-mp.xlsx,e977d4c9fe9a2ed348f62a47f9792392fceb353221cde8d2eda2373d0002faab,4.-note-1-and-2-mp.xlsx,https://data.gov.au/data/dataset/2b690e28-8239-48c6-a71d-2658f37d51d7/resource/9d58f812-cc9a-4425-adb0-7209cbd08fef/download/4.-note-1-and-2-mp.xlsx,"not supported - superseded by the per-file sources above (except cash flow statement, which has no dedicated source_id yet); the 288-fact stray preload from this source was removed in Task 1",2013-14,26,12,2013-14 Australian Government general government sector - Note 1 - Income Tax,"
ACTUAL*
2013-2014
 July
$m | 
ACTUAL*
2013-2014
YTD August
$m | 
ACTUAL*
2013-2014
YTD September
$m | 
Budget 
Profile
2013-2014
YTD October
$m | 
BUDGET 
PROFILE
2013-2014
YTD November
$m | 
MYEFO 
PROFILE
2013-2014
YTD December
$m | 
MYEFO 
PROFILE
2013-2014
YTD January
$m | 
MYEFO PROFILE
2013-2",
federal_monthly_financial_statements,legacy bulk acquisition (pre-split),raw/federal/federal_monthly_financial_statements/snapshots/20260720T215815Z/files/4.-note-1-and-2-mp.xlsx,e977d4c9fe9a2ed348f62a47f9792392fceb353221cde8d2eda2373d0002faab,4.-note-1-and-2-mp.xlsx,https://data.gov.au/data/dataset/2b690e28-8239-48c6-a71d-2658f37d51d7/resource/9d58f812-cc9a-4425-adb0-7209cbd08fef/download/4.-note-1-and-2-mp.xlsx,"not supported - superseded by the per-file sources above (except cash flow statement, which has no dedicated source_id yet); the 288-fact stray preload from this source was removed in Task 1",2014-15,24,12,2014-15 Australian Government general government sector - Note 1 - Income Tax,"
ACTUAL*
2014-2015
 July
$m | 
Budget 
Profile
2014-2015
YTD August
$m | 
Budget 
Profile
2014-2015
YTD September
$m | 
Budget 
Profile
2014-2015
YTD October
$m | 
Budget 
Profile
2014-2015
YTD November
$m | 
MYEFO 
PROFILE
2014-2015
YTD December
$m | 
MYEFO 
PROFILE
2014-2015
YTD January
$m | 
MYEF",
federal_monthly_financial_statements,legacy bulk acquisition (pre-split),raw/federal/federal_monthly_financial_statements/snapshots/20260720T215815Z/files/4.-note-1-and-2-mp.xlsx,e977d4c9fe9a2ed348f62a47f9792392fceb353221cde8d2eda2373d0002faab,4.-note-1-and-2-mp.xlsx,https://data.gov.au/data/dataset/2b690e28-8239-48c6-a71d-2658f37d51d7/resource/9d58f812-cc9a-4425-adb0-7209cbd08fef/download/4.-note-1-and-2-mp.xlsx,"not supported - superseded by the per-file sources above (except cash flow statement, which has no dedicated source_id yet); the 288-fact stray preload from this source was removed in Task 1",2015-16,24,12,2015-16 Australian Government general government sector - Note 1 - Income Tax,"ACTUAL*
2015-2016
July
$m | Budget 
Profile
2015-2016
YTD August
$m | 
Budget Profile
2015-2016
YTD September
$m | 
Budget Profile
2015-2016
YTD October
$m | 
Budget Profile
2015-2016
YTD November
$m | 
MYEFO Profile
2015-2016
YTD December
$m | 
MYEFO Profile
2015-2016
YTD January
$m | 
MYEFO Profil",
federal_monthly_financial_statements,legacy bulk acquisition (pre-split),raw/federal/federal_monthly_financial_statements/snapshots/20260720T215815Z/files/4.-note-1-and-2-mp.xlsx,e977d4c9fe9a2ed348f62a47f9792392fceb353221cde8d2eda2373d0002faab,4.-note-1-and-2-mp.xlsx,https://data.gov.au/data/dataset/2b690e28-8239-48c6-a71d-2658f37d51d7/resource/9d58f812-cc9a-4425-adb0-7209cbd08fef/download/4.-note-1-and-2-mp.xlsx,"not supported - superseded by the per-file sources above (except cash flow statement, which has no dedicated source_id yet); the 288-fact stray preload from this source was removed in Task 1",2016-17,24,12,2016-17 Australian Government general government sector - Note 1 - Income Tax,"ACTUAL*
2016-2017
July
$m | Budget 
Profile
2016-2017
YTD August
$m | Budget Profile
2016-2017
YTD September
$m | Budget Profile
2016-2017
YTD October
$m | Budget Profile
2016-2017
YTD November
$m | MYEFO Profile
2016-2017
YTD December
$m | MYEFO Profile
2016-2017
YTD January
$m | MYEFO Profile
2016",
federal_monthly_financial_statements,legacy bulk acquisition (pre-split),raw/federal/federal_monthly_financial_statements/snapshots/20260720T215815Z/files/4.-note-1-and-2-mp.xlsx,e977d4c9fe9a2ed348f62a47f9792392fceb353221cde8d2eda2373d0002faab,4.-note-1-and-2-mp.xlsx,https://data.gov.au/data/dataset/2b690e28-8239-48c6-a71d-2658f37d51d7/resource/9d58f812-cc9a-4425-adb0-7209cbd08fef/download/4.-note-1-and-2-mp.xlsx,"not supported - superseded by the per-file sources above (except cash flow statement, which has no dedicated source_id yet); the 288-fact stray preload from this source was removed in Task 1",2017-18,24,12,2017-18 Australian Government general government sector - Note 1 - Income Tax,"ACTUAL*
2017-2018
July
$m | Budget 
Profile
2017-2018
YTD August
$m | Budget Profile
2017-2018
YTD September
$m | Budget Profile
2017-2018
YTD October
$m | Budget Profile
2017-2018
YTD November
$m | MYEFO Profile
2017-2018
YTD December
$m | MYEFO Profile
2017-2018
YTD January
$m | MYEFO Profile
2017",
federal_monthly_financial_statements,legacy bulk acquisition (pre-split),raw/federal/federal_monthly_financial_statements/snapshots/20260720T215815Z/files/4.-note-1-and-2-mp.xlsx,e977d4c9fe9a2ed348f62a47f9792392fceb353221cde8d2eda2373d0002faab,4.-note-1-and-2-mp.xlsx,https://data.gov.au/data/dataset/2b690e28-8239-48c6-a71d-2658f37d51d7/resource/9d58f812-cc9a-4425-adb0-7209cbd08fef/download/4.-note-1-and-2-mp.xlsx,"not supported - superseded by the per-file sources above (except cash flow statement, which has no dedicated source_id yet); the 288-fact stray preload from this source was removed in Task 1",2018-19,24,12,2018-19 Australian Government general government sector - Note 1 - Income Tax,"ACTUAL*
2018-2019
July
$m | Budget 
Profile
2018-2019
YTD August
$m | Budget Profile
2018-2019
YTD September
$m | Budget Profile
2018-2019
YTD October
$m | Budget Profile
2018-2019
YTD November
$m | MYEFO Profile
2018-2019
YTD December
$m | MYEFO Profile
2018-2019
YTD January
$m | MYEFO Profile
2018",
federal_monthly_financial_statements,legacy bulk acquisition (pre-split),raw/federal/federal_monthly_financial_statements/snapshots/20260720T215815Z/files/4.-note-1-and-2-mp.xlsx,e977d4c9fe9a2ed348f62a47f9792392fceb353221cde8d2eda2373d0002faab,4.-note-1-and-2-mp.xlsx,https://data.gov.au/data/dataset/2b690e28-8239-48c6-a71d-2658f37d51d7/resource/9d58f812-cc9a-4425-adb0-7209cbd08fef/download/4.-note-1-and-2-mp.xlsx,"not supported - superseded by the per-file sources above (except cash flow statement, which has no dedicated source_id yet); the 288-fact stray preload from this source was removed in Task 1",2019-20,24,12,2019-20 Australian Government general government sector - Note 1 - Income Tax,"ACTUAL*
2019-2020
July
$m | Budget
 Profile
2019-2020
YTD August
$m | Budget Profile
2019-2020
YTD September
$m | Budget Profile
2019-2020
YTD October
$m | Budget Profile
2019-2020
YTD November
$m | MYEFO Profile
2019-2020
YTD December
$m | MYEFO Profile
2019-2020
YTD January
$m | MYEFO Profile
2019",
federal_monthly_financial_statements,legacy bulk acquisition (pre-split),raw/federal/federal_monthly_financial_statements/snapshots/20260720T215815Z/files/4.-note-1-and-2-mp.xlsx,e977d4c9fe9a2ed348f62a47f9792392fceb353221cde8d2eda2373d0002faab,4.-note-1-and-2-mp.xlsx,https://data.gov.au/data/dataset/2b690e28-8239-48c6-a71d-2658f37d51d7/resource/9d58f812-cc9a-4425-adb0-7209cbd08fef/download/4.-note-1-and-2-mp.xlsx,"not supported - superseded by the per-file sources above (except cash flow statement, which has no dedicated source_id yet); the 288-fact stray preload from this source was removed in Task 1",2020-21,24,12,2020-21 Australian Government general government sector - Note 1 - Income Tax,"ACTUAL*
2020-2021
July
$m | ACTUAL*
2020-2021
YTD August
$m | Budget 
Profile
2020-2021
YTD September
$m | Budget Profile
2020-2021
YTD October
$m | Budget Profile
2020-2021
YTD November
$m | MYEFO Profile
2020-2021
YTD December
$m | MYEFO Profile
2020-2021
YTD January
$m | MYEFO Profile
2020-2021
Y",
federal_monthly_financial_statements,legacy bulk acquisition (pre-split),raw/federal/federal_monthly_financial_statements/snapshots/20260720T215815Z/files/4.-note-1-and-2-mp.xlsx,e977d4c9fe9a2ed348f62a47f9792392fceb353221cde8d2eda2373d0002faab,4.-note-1-and-2-mp.xlsx,https://data.gov.au/data/dataset/2b690e28-8239-48c6-a71d-2658f37d51d7/resource/9d58f812-cc9a-4425-adb0-7209cbd08fef/download/4.-note-1-and-2-mp.xlsx,"not supported - superseded by the per-file sources above (except cash flow statement, which has no dedicated source_id yet); the 288-fact stray preload from this source was removed in Task 1",2021-22,24,12,2021-22 Australian Government general government sector - Note 1 - Income Tax,"ACTUAL*
2021-2022
July
$m | Budget
 Profile
2021-2022
YTD August
$m | Budget Profile
2021-2022
YTD September
$m | Budget Profile
2021-2022
YTD October
$m | Budget Profile
2021-2022
YTD November
$m | MYEFO Profile
2021-2022
YTD December
$m | MYEFO Profile
2021-2022
YTD January
$m | MYEFO Profile
2021",
federal_monthly_financial_statements,legacy bulk acquisition (pre-split),raw/federal/federal_monthly_financial_statements/snapshots/20260720T215815Z/files/4.-note-1-and-2-mp.xlsx,e977d4c9fe9a2ed348f62a47f9792392fceb353221cde8d2eda2373d0002faab,4.-note-1-and-2-mp.xlsx,https://data.gov.au/data/dataset/2b690e28-8239-48c6-a71d-2658f37d51d7/resource/9d58f812-cc9a-4425-adb0-7209cbd08fef/download/4.-note-1-and-2-mp.xlsx,"not supported - superseded by the per-file sources above (except cash flow statement, which has no dedicated source_id yet); the 288-fact stray preload from this source was removed in Task 1",2022-23,24,12,2022-23 Australian Government general government sector - Note 1 - Income Tax,"
ACTUAL*
2022-2023
July
$m | 
ACTUAL*
2022-2023
YTD August
$m | March 
Budget Profile
2022-2023
YTD September
$m | March
Budget Profile
2022-2023
YTD October
$m | October
Budget Profile
2022-2023
YTD November
$m | October 
Budget Profile
2022-2023
YTD December
$m | October 
Budget Profile
2022-2023
",
federal_monthly_financial_statements,legacy bulk acquisition (pre-split),raw/federal/federal_monthly_financial_statements/snapshots/20260720T215815Z/files/4.-note-1-and-2-mp.xlsx,e977d4c9fe9a2ed348f62a47f9792392fceb353221cde8d2eda2373d0002faab,4.-note-1-and-2-mp.xlsx,https://data.gov.au/data/dataset/2b690e28-8239-48c6-a71d-2658f37d51d7/resource/9d58f812-cc9a-4425-adb0-7209cbd08fef/download/4.-note-1-and-2-mp.xlsx,"not supported - superseded by the per-file sources above (except cash flow statement, which has no dedicated source_id yet); the 288-fact stray preload from this source was removed in Task 1",2023-24,24,12,2023-24 Australian Government general government sector - Note 1 - Income Tax,"
ACTUAL*
2023-2024
July
$m | Budget 
Profile
2023-2024
YTD August
$m | 
Budget Profile
2023-2024
YTD September
$m | Budget Profile
2023-2024
YTD October
$m | 
Budget Profile
2023-2024
YTD November
$m | 
Budget Profile
2023-2024
YTD December
$m | 
MYEFO Profile
2023-2024
YTD January
$m | 
MYEFO Profi",
federal_monthly_financial_statements,legacy bulk acquisition (pre-split),raw/federal/federal_monthly_financial_statements/snapshots/20260720T215815Z/files/4.-note-1-and-2-mp.xlsx,e977d4c9fe9a2ed348f62a47f9792392fceb353221cde8d2eda2373d0002faab,4.-note-1-and-2-mp.xlsx,https://data.gov.au/data/dataset/2b690e28-8239-48c6-a71d-2658f37d51d7/resource/9d58f812-cc9a-4425-adb0-7209cbd08fef/download/4.-note-1-and-2-mp.xlsx,"not supported - superseded by the per-file sources above (except cash flow statement, which has no dedicated source_id yet); the 288-fact stray preload from this source was removed in Task 1",2024-25,24,12,2024-25 Australian Government general government sector - Note 1 - Income Tax,"
ACTUAL*
2024-2025
July
$m | Budget 
Profile
2024-2025
YTD August
$m | Budget Profile
2024-2025
YTD September
$m | Budget Profile
2024-2025
YTD October
$m | Budget Profile
2024-2025
YTD November
$m | Budget Profile
2024-2025
YTD December
$m | MYEFO Profile
2024-2025
YTD January
$m | MYEFO Profile
20",
federal_monthly_financial_statements,legacy bulk acquisition (pre-split),raw/federal/federal_monthly_financial_statements/snapshots/20260720T215815Z/files/4.-note-1-and-2-mp.xlsx,e977d4c9fe9a2ed348f62a47f9792392fceb353221cde8d2eda2373d0002faab,4.-note-1-and-2-mp.xlsx,https://data.gov.au/data/dataset/2b690e28-8239-48c6-a71d-2658f37d51d7/resource/9d58f812-cc9a-4425-adb0-7209cbd08fef/download/4.-note-1-and-2-mp.xlsx,"not supported - superseded by the per-file sources above (except cash flow statement, which has no dedicated source_id yet); the 288-fact stray preload from this source was removed in Task 1",2025-26,24,12,2025-26 Australian Government general government sector - Note 1 - Income Tax,"
ACTUAL*
2025-2026
July
$m | Budget 
Profile
2025-2026
YTD August
$m | Budget Profile
2025-2026
YTD September
$m | Budget Profile
2025-2026
YTD October
$m | Budget Profile
2025-2026
YTD November
$m | Budget Profile
2025-2026
YTD December
$m | MYEFO Profile
2025-2026
YTD January
$m | MYEFO Profile
20",
