portfolio,program_label,node_id,fact_count,min_amount_aud,max_amount_aud,financial_years,estimate_statuses,statement6_target,relationship_type,confidence,evidence,match_source,status,reason
Prime Minister and Cabinet,N ational Australia Day Council Limited,215572,5,6295000,16079000,2025-26;2026-27;2027-28;2028-29,budget;estimated_actual;forward_estimate,General public services,related_breakdown,medium,portfolio_ownership,portfolio_default,mapped,
Prime Minister and Cabinet,Office for Women,215573,11,5649000,20508000,2024-25;2025-26;2026-27;2027-28;2028-29;2029-30,budget;estimated_actual;forward_estimate,General public services,related_breakdown,medium,portfolio_ownership,portfolio_default,mapped,
Prime Minister and Cabinet,Parliament House Briefing Room,215574,11,2119000,2634000,2024-25;2025-26;2026-27;2027-28;2028-29;2029-30,budget;estimated_actual;forward_estimate,General public services,related_breakdown,medium,portfolio_ownership,portfolio_default,mapped,
Prime Minister and Cabinet,Prime Minister's Official Residences,215575,11,2087000,2823000,2024-25;2025-26;2026-27;2027-28;2028-29;2029-30,budget;estimated_actual;forward_estimate,General public services,related_breakdown,medium,portfolio_ownership,portfolio_default,mapped,
Prime Minister and Cabinet,State Occasion and Official Visits,215576,8,4183000,4804000,2024-25;2025-26;2026-27;2027-28;2028-29,budget;estimated_actual;forward_estimate,General public services,related_breakdown,medium,portfolio_ownership,portfolio_default,mapped,
Prime Minister and Cabinet,Support to the former Governors-General (a),215577,11,1201000,1976000,2024-25;2025-26;2026-27;2027-28;2028-29;2029-30,budget;estimated_actual;forward_estimate,General public services,related_breakdown,medium,portfolio_ownership,portfolio_default,mapped,
Prime Minister and Cabinet,Ordinary annual services (Appropriation Bill No.1 and Supply Bill No.1),215579,5,153701000,208020000,2025-26;2026-27;2027-28;2028-29,budget;estimated_actual;forward_estimate,General public services,related_breakdown,medium,portfolio_ownership,portfolio_default,mapped,
Prime Minister and Cabinet,"Special appropriations Public Governance, Performance and Accountability Act 2013- s77",215580,8,10000,10000,2024-25;2025-26;2026-27;2027-28;2028-29,budget;estimated_actual;forward_estimate,General public services,related_breakdown,medium,portfolio_ownership,portfolio_default,mapped,
Prime Minister and Cabinet,Payment from related entities,215586,11,4785000,16474000,2024-25;2025-26;2026-27;2027-28;2028-29;2029-30,budget;estimated_actual;forward_estimate,General public services,related_breakdown,medium,portfolio_ownership,portfolio_default,mapped,
Prime Minister and Cabinet,Revenues from other independent sources,215588,11,1475000,22972000,2024-25;2025-26;2026-27;2027-28;2028-29;2029-30,budget;estimated_actual;forward_estimate,General public services,related_breakdown,medium,portfolio_ownership,portfolio_default,mapped,
Prime Minister and Cabinet,Special appropriations,215598,8,1260000,84276000,2025-26;2026-27;2027-28;2028-29;2029-30,budget;estimated_actual;forward_estimate,General public services,related_breakdown,medium,portfolio_ownership,portfolio_default,mapped,
Prime Minister and Cabinet,Revenues from industry sources Revenues from other independent sources,215604,5,182608000,196472000,2025-26;2026-27;2027-28;2028-29,budget;estimated_actual;forward_estimate,General public services,related_breakdown,medium,portfolio_ownership,portfolio_default,mapped,
Prime Minister and Cabinet,Special accounts Indigenous Land and Sea Corporation Special Funding Account,215606,8,62248000,72095000,2024-25;2025-26;2026-27;2027-28;2028-29,budget;estimated_actual;forward_estimate,General public services,related_breakdown,medium,portfolio_ownership,portfolio_default,mapped,
Prime Minister and Cabinet,Special appropriations Aboriginal Land Rights (Northern Territory (Act) 1976 - Ranger Agreement),215608,8,1180000,2251000,2025-26;2026-27;2027-28;2028-29;2029-30,budget;estimated_actual;forward_estimate,General public services,related_breakdown,medium,portfolio_ownership,portfolio_default,mapped,
Prime Minister and Cabinet,"Public Governance, Performance and Accountability Act 2013, s.77",215609,11,10000,10000,2024-25;2025-26;2026-27;2027-28;2028-29;2029-30,budget;estimated_actual;forward_estimate,General public services,related_breakdown,medium,portfolio_ownership,portfolio_default,mapped,
Prime Minister and Cabinet,Aboriginals and Torres Strait Islander Corporations Unclaimed Money Account,215610,8,12000,12000,2024-25;2025-26;2026-27;2027-28;2028-29,budget;estimated_actual;forward_estimate,General public services,related_breakdown,medium,portfolio_ownership,portfolio_default,mapped,
Prime Minister and Cabinet,Aboriginals Benefit Account,215611,11,259001000,493706000,2024-25;2025-26;2026-27;2027-28;2028-29;2029-30,budget;estimated_actual;forward_estimate,General public services,related_breakdown,medium,portfolio_ownership,portfolio_default,mapped,
Prime Minister and Cabinet,Indigenous Land and Sea Corporation (a) Funding Special Account,215612,8,64863000,74497000,2025-26;2026-27;2027-28;2028-29;2029-30,budget;estimated_actual;forward_estimate,General public services,related_breakdown,medium,portfolio_ownership,portfolio_default,mapped,
Prime Minister and Cabinet,Program 1.2: Children and Schooling Administered expenses Ordinary annual services (Appropriation Bill No. 1),215613,8,272676000,339758000,2024-25;2025-26;2026-27;2027-28;2028-29,budget;estimated_actual;forward_estimate,General public services,related_breakdown,medium,portfolio_ownership,portfolio_default,mapped,
Prime Minister and Cabinet,Other services (Appropriation Bill No. 2) (c),215614,5,5400000,7529000,2025-26;2026-27;2027-28;2028-29,budget;estimated_actual;forward_estimate,General public services,related_breakdown,medium,portfolio_ownership,portfolio_default,mapped,
Prime Minister and Cabinet,Program 1.4: Culture and Capability Administered expenses Ordinary annual services (Appropriation Bill No. 1),215617,8,60128000,86650000,2024-25;2025-26;2026-27;2027-28;2028-29,budget;estimated_actual;forward_estimate,General public services,related_breakdown,medium,portfolio_ownership,portfolio_default,mapped,
Prime Minister and Cabinet,Special accounts Services for Other Entities and Trust Moneys,215618,11,100000,3941000,2024-25;2025-26;2026-27;2027-28;2028-29;2029-30,budget;estimated_actual;forward_estimate,General public services,related_breakdown,medium,portfolio_ownership,portfolio_default,mapped,
Prime Minister and Cabinet,Program 1.5: Remote Australia Strategies Administered expenses Ordinary annual services (Appropriation Bill No. 1),215620,5,57277000,104702000,2025-26;2026-27;2027-28;2028-29,budget;estimated_actual;forward_estimate,General public services,related_breakdown,medium,portfolio_ownership,portfolio_default,mapped,
Prime Minister and Cabinet,Program 1.7: Program Support Departmental expenses Departmental appropriation (d),215624,5,281380000,340548000,2025-26;2026-27;2027-28;2028-29,budget;estimated_actual;forward_estimate,General public services,related_breakdown,medium,portfolio_ownership,portfolio_default,mapped,
Prime Minister and Cabinet,Special accounts,215627,11,333660000,576124000,2024-25;2025-26;2026-27;2027-28;2028-29;2029-30,budget;estimated_actual;forward_estimate,General public services,related_breakdown,medium,portfolio_ownership,portfolio_default,mapped,
Prime Minister and Cabinet,Special appropriations Special appropriation Governor-General,215633,5,495000,495000,2024-25;2025-26;2026-27;2027-28,budget;estimated_actual;forward_estimate,General public services,related_breakdown,medium,portfolio_ownership,portfolio_default,mapped,
Foreign Affairs and Trade,Special appropriations Special appropriation PGPA Act 2013 s77,215638,11,100000,3100000,2024-25;2025-26;2026-27;2027-28;2028-29;2029-30,budget;estimated_actual;forward_estimate,General public services,related_breakdown,medium,portfolio_ownership,portfolio_default,mapped,
Foreign Affairs and Trade,Ordinary annual services (Appropriation Bill (No. 1) and Supply Bill (No. 1)),215647,5,20161000,20411000,2025-26;2026-27;2027-28;2028-29,budget;estimated_actual;forward_estimate,General public services,related_breakdown,medium,portfolio_ownership,portfolio_default,mapped,
Foreign Affairs and Trade,Corporate Commonw ealth Entity - Tourism Australia,215648,8,140839000,155428000,2025-26;2026-27;2027-28;2028-29;2029-30,budget;estimated_actual;forward_estimate,General public services,related_breakdown,medium,portfolio_ownership,portfolio_default,mapped,
Foreign Affairs and Trade,"Expenses not requiring appropriation in the Budget year 981,005 (23,994)",215649,3,92778000,574043000,2026-27;2027-28;2028-29,forward_estimate,General public services,related_breakdown,medium,portfolio_ownership,portfolio_default,mapped,
Foreign Affairs and Trade,Australian engagement in Southeast Asia,215652,11,4500000,5800000,2024-25;2025-26;2026-27;2027-28;2028-29;2029-30,budget;estimated_actual;forward_estimate,General public services,related_breakdown,medium,portfolio_ownership,portfolio_default,mapped,
Foreign Affairs and Trade,"ASEAN-Australia Comprehensive Strategic Partnership 1,860 1,090 435 - - Australia-India Trade and Investment Accelerator Fund -",215653,4,3000000,5000000,2025-26;2026-27;2027-28;2028-29,budget;forward_estimate,General public services,related_breakdown,medium,portfolio_ownership,portfolio_default,mapped,
Foreign Affairs and Trade,First Nations Foreign Policy,215657,11,119000,1474000,2024-25;2025-26;2026-27;2027-28;2028-29;2029-30,budget;estimated_actual;forward_estimate,General public services,related_breakdown,medium,portfolio_ownership,portfolio_default,mapped,
Foreign Affairs and Trade,Non-ODA Expanding the Pacific Labour Scheme,215659,8,1081000,3425000,2024-25;2025-26;2026-27;2027-28;2028-29,budget;estimated_actual;forward_estimate,General public services,related_breakdown,medium,portfolio_ownership,portfolio_default,mapped,
Foreign Affairs and Trade,Non-ODA Nauru-Australia Treaty,215660,5,1100000,39760000,2025-26;2026-27;2027-28;2028-29,budget;estimated_actual;forward_estimate,General public services,related_breakdown,medium,portfolio_ownership,portfolio_default,mapped,
Foreign Affairs and Trade,Personal Benefits - Locally Engaged Staff pension schemes,215662,8,7534000,9091000,2024-25;2025-26;2026-27;2027-28;2028-29,budget;estimated_actual;forward_estimate,General public services,related_breakdown,medium,portfolio_ownership,portfolio_default,mapped,
Foreign Affairs and Trade,Special Appropriation PGPA Act 2013 s77,215665,8,100000,100000,2025-26;2026-27;2027-28;2028-29;2029-30,budget;estimated_actual;forward_estimate,General public services,related_breakdown,medium,portfolio_ownership,portfolio_default,mapped,
Foreign Affairs and Trade,Cross Regional and global programs,215668,8,849705000,1067673000,2025-26;2026-27;2027-28;2028-29;2029-30,budget;estimated_actual;forward_estimate,General public services,related_breakdown,medium,portfolio_ownership,portfolio_default,mapped,
Foreign Affairs and Trade,"Humanitarian, emergencies and refugess",215669,8,500133000,512756000,2025-26;2026-27;2027-28;2028-29;2029-30,budget;estimated_actual;forward_estimate,General public services,related_breakdown,medium,portfolio_ownership,portfolio_default,mapped,
Foreign Affairs and Trade,Centre for Australia-India Relations,215672,11,3407000,4322000,2024-25;2025-26;2026-27;2027-28;2028-29;2029-30,budget;estimated_actual;forward_estimate,General public services,related_breakdown,medium,portfolio_ownership,portfolio_default,mapped,
Foreign Affairs and Trade,National Foundation for Australia-China Relations,215673,11,7480000,7480000,2024-25;2025-26;2026-27;2027-28;2028-29;2029-30,budget;estimated_actual;forward_estimate,General public services,related_breakdown,medium,portfolio_ownership,portfolio_default,mapped,
Foreign Affairs and Trade,Non-ODA Pacific Sports Program,215674,5,15600000,18600000,2025-26;2026-27;2027-28;2028-29,budget;estimated_actual;forward_estimate,General public services,related_breakdown,medium,portfolio_ownership,portfolio_default,mapped,
Foreign Affairs and Trade,Non-ODA PNG NRL Program,215675,5,21400000,81200000,2025-26;2026-27;2027-28;2028-29,budget;estimated_actual;forward_estimate,General public services,related_breakdown,medium,portfolio_ownership,portfolio_default,mapped,
Foreign Affairs and Trade,Public Diplomacy and Other International Grants Programs,215676,11,3152000,5152000,2024-25;2025-26;2026-27;2027-28;2028-29;2029-30,budget;estimated_actual;forward_estimate,General public services,related_breakdown,medium,portfolio_ownership,portfolio_default,mapped,
Foreign Affairs and Trade,Special appropriation PGPA Act 2013 s77,215679,8,2100000,2100000,2024-25;2025-26;2026-27;2027-28;2028-29,budget;estimated_actual;forward_estimate,General public services,related_breakdown,medium,portfolio_ownership,portfolio_default,mapped,
Foreign Affairs and Trade,Special accounts,215689,11,5500000,14391000,2024-25;2025-26;2026-27;2027-28;2028-29;2029-30,budget;estimated_actual;forward_estimate,General public services,related_breakdown,medium,portfolio_ownership,portfolio_default,mapped,
Foreign Affairs and Trade,Payment from portfolio department (a),215694,11,20161000,25100000,2024-25;2025-26;2026-27;2027-28;2028-29;2029-30,budget;estimated_actual;forward_estimate,General public services,related_breakdown,medium,portfolio_ownership,portfolio_default,mapped,
Treasury,"Administered expenses Ordinary annual services (Appropriation Bill (No. 1) and Supply Bill (No. 1)) 52,362 2,000 - - - Special accounts Medicare Guarantee Fund ",215699,5,51312830000,61244685000,2024-25;2025-26;2026-27;2027-28;2028-29,budget,General public services,related_breakdown,medium,portfolio_ownership,portfolio_default,mapped,
Treasury,Special accounts Federation Reform Fund Special Account,215705,6,15755102000,25225713000,2024-25;2025-26;2026-27;2027-28;2028-29;2029-30,budget,General public services,related_breakdown,medium,portfolio_ownership,portfolio_default,mapped,
Treasury,Special accounts Housing Australia Future Fund Payments Special Account,215707,5,1022000,53907000,2024-25;2025-26;2026-27;2027-28;2028-29,budget,General public services,related_breakdown,medium,portfolio_ownership,portfolio_default,mapped,
Treasury,Housing Australia Special Account,215708,5,161385000,396630000,2024-25;2025-26;2026-27;2027-28;2028-29,budget,General public services,related_breakdown,medium,portfolio_ownership,portfolio_default,mapped,
Treasury,Payment to corporate entities Housing Australia,215709,6,5428000,6586000,2024-25;2025-26;2026-27;2027-28;2028-29;2029-30,budget,General public services,related_breakdown,medium,portfolio_ownership,portfolio_default,mapped,
Treasury,Special appropriations,215711,7,260091000,150073697000,2023-24;2024-25;2025-26;2026-27;2027-28;2028-29;2029-30,budget,General public services,related_breakdown,medium,portfolio_ownership,portfolio_default,mapped,
Treasury,Special accounts,215712,7,18232000,54738000,2023-24;2024-25;2025-26;2026-27;2027-28;2028-29;2029-30,budget,General public services,related_breakdown,medium,portfolio_ownership,portfolio_default,mapped,
Treasury,Payment to corporate entities,215713,6,5428000,6586000,2024-25;2025-26;2026-27;2027-28;2028-29;2029-30,budget,General public services,related_breakdown,medium,portfolio_ownership,portfolio_default,mapped,
Treasury,Program 1.2: Australian Energy Regulator Departmental expenses Departmental appropriation,215720,6,92668000,100143000,2023-24;2024-25;2025-26;2026-27;2027-28;2028-29,budget,General public services,related_breakdown,medium,portfolio_ownership,portfolio_default,mapped,
Treasury,"Expenses not requiring appropriation in the Budget year (a)(c) 4,000 - - - - Departmental total",215721,5,93283000,107801000,2024-25;2025-26;2026-27;2027-28;2028-29,budget,General public services,related_breakdown,medium,portfolio_ownership,portfolio_default,mapped,
Treasury,Corporations unclaimed money - section 77 of the PGPA Act,215739,5,70856000,80961000,2024-25;2025-26;2026-27;2027-28;2028-29,budget,General public services,related_breakdown,medium,portfolio_ownership,portfolio_default,mapped,
Treasury,Special appropriations Banking Act 1959 - Banking unclaimed money,215740,5,133783000,153007000,2024-25;2025-26;2026-27;2027-28;2028-29,budget,General public services,related_breakdown,medium,portfolio_ownership,portfolio_default,mapped,
Treasury,Life Insurance Act 1995 - Life unclaimed money,215741,5,10835000,11976000,2024-25;2025-26;2026-27;2027-28;2028-29,budget,General public services,related_breakdown,medium,portfolio_ownership,portfolio_default,mapped,
Treasury,Program 1.2: Tax Practitioners Board Departmental expenses Special accounts (c) Tax Practitioners Board - Appropriation Receipts,215745,5,20214000,30946000,2024-25;2025-26;2026-27;2027-28;2028-29,budget,General public services,related_breakdown,medium,portfolio_ownership,portfolio_default,mapped,
Treasury,Tax Practitioners Board - Non- appropriation receipts,215746,5,4425000,14636000,2024-25;2025-26;2026-27;2027-28;2028-29,budget,General public services,related_breakdown,medium,portfolio_ownership,portfolio_default,mapped,
Treasury,"Ordinary annual services (Appropriation Bill (No. 1) and Supply Bill (No. 1)) 10,564 - - - - Special appropriations (g)",215760,5,18499049000,22969245000,2024-25;2025-26;2026-27;2027-28;2028-29,budget,General public services,related_breakdown,medium,portfolio_ownership,portfolio_default,mapped,
Treasury,Payment from Treasury,215766,7,45191000,964748000,2023-24;2024-25;2025-26;2026-27;2027-28;2028-29;2029-30,budget,General public services,related_breakdown,medium,portfolio_ownership,portfolio_default,mapped,
Employment and Workplace Relations,Pacific Australia Labour Mobility (PALM) (a),215779,8,4680000,11020000,2024-25;2025-26;2026-27;2027-28;2028-29,budget;estimated_actual;forward_estimate,Social security and welfare / Assistance to the unemployed and the sick,related_breakdown,medium,portfolio_ownership,portfolio_default,mapped,
Employment and Workplace Relations,Transition to Work,215780,8,301691000,335001000,2024-25;2025-26;2026-27;2027-28;2028-29,budget;estimated_actual;forward_estimate,Social security and welfare / Assistance to the unemployed and the sick,related_breakdown,medium,portfolio_ownership,portfolio_default,mapped,
Employment and Workplace Relations,"Reconnection, Employment and Learning Program",215782,5,500000,22357000,2025-26;2026-27;2027-28;2028-29,budget;estimated_actual;forward_estimate,Social security and welfare / Assistance to the unemployed and the sick,related_breakdown,medium,portfolio_ownership,portfolio_default,mapped,
Employment and Workplace Relations,Supporting Workers Transition Through Energy System Changes,215783,5,13217000,30648000,2025-26;2026-27;2027-28;2028-29,budget;estimated_actual;forward_estimate,Social security and welfare / Assistance to the unemployed and the sick,related_breakdown,medium,portfolio_ownership,portfolio_default,mapped,
Employment and Workplace Relations,"Special appropriations Public Governance, Performance and Accountability Act 2013 - s77",215784,8,30000,30000,2024-25;2025-26;2026-27;2027-28;2028-29,budget;estimated_actual;forward_estimate,Social security and welfare / Assistance to the unemployed and the sick,related_breakdown,medium,portfolio_ownership,portfolio_default,mapped,
Employment and Workplace Relations,Special appropriations Australian Apprenticeship Support Loans Act 2014 (a),215789,8,79167000,334452000,2024-25;2025-26;2026-27;2027-28;2028-29,budget;estimated_actual;forward_estimate,Social security and welfare / Assistance to the unemployed and the sick,related_breakdown,medium,portfolio_ownership,portfolio_default,mapped,
Employment and Workplace Relations,Special accounts Unique Student Identifiers Special Account,215790,8,2526000,6014000,2024-25;2025-26;2026-27;2027-28;2028-29,budget;estimated_actual;forward_estimate,Social security and welfare / Assistance to the unemployed and the sick,related_breakdown,medium,portfolio_ownership,portfolio_default,mapped,
Employment and Workplace Relations,Ordinary annual services (Appropriation Bill (No. 1) and Supply Bill (No. 1)) 286 - - - - Special appropriations VET Student Loans (a)(b),215791,5,158825000,1277825000,2025-26;2026-27;2027-28;2028-29,budget;estimated_actual;forward_estimate,Social security and welfare / Assistance to the unemployed and the sick,related_breakdown,medium,portfolio_ownership,portfolio_default,mapped,
Employment and Workplace Relations,Special accounts VSL Tuition Protection Fund Special Account,215792,8,2580000,4190000,2024-25;2025-26;2026-27;2027-28;2028-29,budget;estimated_actual;forward_estimate,Social security and welfare / Assistance to the unemployed and the sick,related_breakdown,medium,portfolio_ownership,portfolio_default,mapped,
Employment and Workplace Relations,Special appropriations,215793,8,565251000,634104000,2024-25;2025-26;2026-27;2027-28;2028-29,budget;estimated_actual;forward_estimate,Social security and welfare / Assistance to the unemployed and the sick,related_breakdown,medium,portfolio_ownership,portfolio_default,mapped,
Employment and Workplace Relations,Special accounts,215794,12,8601000,14476000,2024-25;2025-26;2026-27;2027-28;2028-29;2029-30,budget;estimated_actual;forward_estimate,Social security and welfare / Assistance to the unemployed and the sick,related_breakdown,medium,portfolio_ownership,portfolio_default,mapped,
Employment and Workplace Relations,Grants received from portfolio department,215801,10,46417000,62029000,2024-25;2025-26;2026-27;2027-28;2028-29;2029-30,budget;estimated_actual;forward_estimate,Social security and welfare / Assistance to the unemployed and the sick,related_breakdown,medium,portfolio_ownership,portfolio_default,mapped,
Employment and Workplace Relations,Revenues from other independent sources,215803,10,258891000,413403000,2024-25;2025-26;2026-27;2027-28;2028-29;2029-30,budget;estimated_actual;forward_estimate,Social security and welfare / Assistance to the unemployed and the sick,related_breakdown,medium,portfolio_ownership,portfolio_default,mapped,
Employment and Workplace Relations,Special accounts Safe Work Australia Special Account,215810,10,11387000,14476000,2024-25;2025-26;2026-27;2027-28;2028-29;2029-30,budget;estimated_actual;forward_estimate,Social security and welfare / Assistance to the unemployed and the sick,related_breakdown,medium,portfolio_ownership,portfolio_default,mapped,
Climate Change Energy the Environment and Water,Program 1.1: Reduce Australia's greenhouse gas emissions Administered expenses Ordinary annual services (Appropriation Bill (No. 1) and Supply Bill (No. 1)),215811,5,142085000,492982000,2024-25;2025-26;2026-27;2027-28;2028-29,budget,Fuel and energy,related_breakdown,low,portfolio_ownership,portfolio_default,mapped,
Climate Change Energy the Environment and Water,Special appropriations,215812,6,5030000,13000000,2024-25;2025-26;2026-27;2027-28;2028-29;2029-30,budget,Fuel and energy,related_breakdown,low,portfolio_ownership,portfolio_default,mapped,
Climate Change Energy the Environment and Water,"Program 1.2: Support reliable, secure and affordable energy Administered expenses Ordinary annual services (Appropriation Bill (No. 1) and Supply Bill (No. 1))",215814,5,41493000,511934000,2024-25;2025-26;2026-27;2027-28;2028-29,budget,Fuel and energy,related_breakdown,low,portfolio_ownership,portfolio_default,mapped,
Climate Change Energy the Environment and Water,Special appropriations (b) nfp nfp nfp nfp nfp Payments to corporate entities (c),215815,5,487662000,1139335000,2024-25;2025-26;2026-27;2027-28;2028-29,budget,Fuel and energy,related_breakdown,low,portfolio_ownership,portfolio_default,mapped,
Climate Change Energy the Environment and Water,Payments to corporate entities (c),215817,5,487662000,1139335000,2024-25;2025-26;2026-27;2027-28;2028-29,budget,Fuel and energy,related_breakdown,low,portfolio_ownership,portfolio_default,mapped,
Climate Change Energy the Environment and Water,Ordinary annual services (Appropriation Bill (No. 1) and Supply Bill (No. 1)) Australia Pacific Partnership for Energy Transition,215821,5,2213000,30335000,2024-25;2025-26;2026-27;2027-28;2028-29,budget,Fuel and energy,related_breakdown,low,portfolio_ownership,portfolio_default,mapped,
Climate Change Energy the Environment and Water,"Biofuels - Monitoring, Compliance and Enforcement for Fuel Quality",215823,5,100000,100000,2024-25;2025-26;2026-27;2027-28;2028-29,budget,Fuel and energy,related_breakdown,low,portfolio_ownership,portfolio_default,mapped,
Climate Change Energy the Environment and Water,Carbon Capture Technologies,215824,7,10000000,37500000,2023-24;2024-25;2025-26;2026-27;2027-28;2028-29;2029-30,budget,Fuel and energy,related_breakdown,low,portfolio_ownership,portfolio_default,mapped,
Climate Change Energy the Environment and Water,Enhancing Australia's Energy Security 250 250 – – – Enhancing Capacity of Existing Network Infrastructure –,215833,4,1000000,10000000,2025-26;2026-27;2027-28;2028-29,budget,Fuel and energy,related_breakdown,low,portfolio_ownership,portfolio_default,mapped,
Climate Change Energy the Environment and Water,Fuel Security Act 2021 (c) nfp nfp nfp nfp nfp Total special appropriations nfp nfp nfp nfp nfp Payments to corporate entities Australian Renewable Energy Agenc,215837,5,466862000,1136200000,2024-25;2025-26;2026-27;2027-28;2028-29,budget,Fuel and energy,related_breakdown,low,portfolio_ownership,portfolio_default,mapped,
Climate Change Energy the Environment and Water,Clean Energy Finance Corporation,215838,7,2875000,20811000,2023-24;2024-25;2025-26;2026-27;2027-28;2028-29;2029-30,budget,Fuel and energy,related_breakdown,low,portfolio_ownership,portfolio_default,mapped,
Climate Change Energy the Environment and Water,Special accounts,215840,7,38106000,189631000,2023-24;2024-25;2025-26;2026-27;2027-28;2028-29;2029-30,budget,Fuel and energy,related_breakdown,low,portfolio_ownership,portfolio_default,mapped,
Climate Change Energy the Environment and Water,Payments to corporate entities (a),215841,7,36322000,235621000,2023-24;2024-25;2025-26;2026-27;2027-28;2028-29;2029-30,budget,Fuel and energy,related_breakdown,low,portfolio_ownership,portfolio_default,mapped,
Climate Change Energy the Environment and Water,"Program 2.2: Protect Australia's cultural, historic and First Nations heritage Administered expenses Ordinary annual services (Appropriation Bill (No. 1) and Su",215842,6,5347000,8581000,2024-25;2025-26;2026-27;2027-28;2028-29;2029-30,budget,Fuel and energy,related_breakdown,low,portfolio_ownership,portfolio_default,mapped,
Climate Change Energy the Environment and Water,Payments to corporate entities (a) 650 – – – – Administered total,215843,5,5347000,9231000,2024-25;2025-26;2026-27;2027-28;2028-29,budget,Fuel and energy,related_breakdown,low,portfolio_ownership,portfolio_default,mapped,
Climate Change Energy the Environment and Water,Special Accounts,215846,7,246244000,450812000,2023-24;2024-25;2025-26;2026-27;2027-28;2028-29;2029-30,budget,Fuel and energy,related_breakdown,low,portfolio_ownership,portfolio_default,mapped,
Climate Change Energy the Environment and Water,Program 1.1: Marine Research Revenue from Government Ordinary annual services (Appropriation Bill (No. 1) and Supply Bill (No. 1)) (a),215850,6,76744000,97341000,2024-25;2025-26;2026-27;2027-28;2028-29;2029-30,budget,Fuel and energy,related_breakdown,low,portfolio_ownership,portfolio_default,mapped,
Climate Change Energy the Environment and Water,Revenues from other independent sources,215855,7,29402000,58427000,2023-24;2024-25;2025-26;2026-27;2027-28;2028-29;2029-30,budget,Fuel and energy,related_breakdown,low,portfolio_ownership,portfolio_default,mapped,
Climate Change Energy the Environment and Water,Program 1.1: Clean Energy Regulator Administered expenses Ordinary annual services (Appropriation Bill (No. 1) and Supply Bill (No. 1)),215862,6,64293000,92422000,2024-25;2025-26;2026-27;2027-28;2028-29;2029-30,budget,Fuel and energy,related_breakdown,low,portfolio_ownership,portfolio_default,mapped,
Climate Change Energy the Environment and Water,Program 1.1: Parks and Reserves Revenue from Government Ordinary annual services (Appropriation Bill (No.1) and Supply Bill (No. 1)) (a),215868,6,114482000,139157000,2024-25;2025-26;2026-27;2027-28;2028-29;2029-30,budget,Fuel and energy,related_breakdown,low,portfolio_ownership,portfolio_default,mapped,
Climate Change Energy the Environment and Water,Special accounts Great Barrier Reef Field Management Special Account,215872,6,38106000,38705000,2024-25;2025-26;2026-27;2027-28;2028-29;2029-30,budget,Fuel and energy,related_breakdown,low,portfolio_ownership,portfolio_default,mapped,
Climate Change Energy the Environment and Water,Program 1.1: Murray–Darling Basin Authority Revenue from Government Ordinary annual services (Appropriation Bill (No. 1) and Supply Bill (No. 1)) (a) (b),215873,6,33478000,83730000,2024-25;2025-26;2026-27;2027-28;2028-29;2029-30,budget,Fuel and energy,related_breakdown,low,portfolio_ownership,portfolio_default,mapped,
Climate Change Energy the Environment and Water,Payment from related entities,215874,6,16162000,25163000,2024-25;2025-26;2026-27;2027-28;2028-29;2029-30,budget,Fuel and energy,related_breakdown,low,portfolio_ownership,portfolio_default,mapped,
Climate Change Energy the Environment and Water,Revenues from other independent sources (c),215875,6,112602000,123910000,2024-25;2025-26;2026-27;2027-28;2028-29;2029-30,budget,Fuel and energy,related_breakdown,low,portfolio_ownership,portfolio_default,mapped,
Home Affairs,Special appropriations,215905,8,11000000,192460000,2025-26;2026-27;2027-28;2028-29;2029-30,budget;estimated_actual;forward_estimate,Public order and safety,related_breakdown,high,portfolio_ownership,portfolio_default,mapped,
Education,Program 1.1: Support for the Child Care System Administered expenses Ordinary annual services (Appropriation Bill (No. 1) and Supply Bill (No. 1)),216085,5,323002000,547171000,2025-26;2026-27;2027-28;2028-29,budget;estimated_actual;forward_estimate,Education,related_breakdown,high,portfolio_ownership,portfolio_default,mapped,
Education,"Wage Justice for Early Childhood Education and Care Workers (Special Account) Act 2024 - 1,816,071 1,079,711 - - Total expenses for Program",216087,6,1100,2367242000,2024-25;2025-26;2026-27;2027-28;2028-29,actual;budget;estimated_actual;forward_estimate,Education,related_breakdown,high,portfolio_ownership,portfolio_default,mapped,
Education,Program 1.4: Non-Government Schools National Support Administered expenses Other services (Appropriation Bill (No. 2) and Supply Bill (No. 2)),216090,5,121349000,136526000,2025-26;2026-27;2027-28;2028-29,budget;estimated_actual;forward_estimate,Education,related_breakdown,high,portfolio_ownership,portfolio_default,mapped,
Education,Program 1.5: Early Learning and Schools Support Administered expenses Ordinary annual services (Appropriation Bill (No. 1) and Supply Bill (No. 1)),216092,5,109314000,289539000,2025-26;2026-27;2027-28;2028-29,budget;estimated_actual;forward_estimate,Education,related_breakdown,high,portfolio_ownership,portfolio_default,mapped,
Education,Other services (Appropriation Bill (No. 2) and Supply Bill (No. 2)),216095,5,131769000,136526000,2025-26;2026-27;2027-28;2028-29,budget;estimated_actual;forward_estimate,Education,related_breakdown,high,portfolio_ownership,portfolio_default,mapped,
Education,Special appropriations,216096,11,14848111000,27904133000,2024-25;2025-26;2026-27;2027-28;2028-29;2029-30,budget;estimated_actual;forward_estimate,Education,related_breakdown,high,portfolio_ownership,portfolio_default,mapped,
Education,"Special Accounts - 1,816,071 1,079,711 - - Administered total",216097,5,47925306000,55390821000,2025-26;2026-27;2027-28;2028-29,budget;estimated_actual;forward_estimate,Education,related_breakdown,high,portfolio_ownership,portfolio_default,mapped,
Education,Departmental appropriation,216098,5,206222000,254073000,2025-26;2026-27;2027-28;2028-29,budget;estimated_actual;forward_estimate,Education,related_breakdown,high,portfolio_ownership,portfolio_default,mapped,
Education,Preschools Data Framework,216108,11,1813000,21710000,2024-25;2025-26;2026-27;2027-28;2028-29;2029-30,budget;estimated_actual;forward_estimate,Education,related_breakdown,high,portfolio_ownership,portfolio_default,mapped,
Education,SNAICC – National Voice for Our Children,216109,8,4000000,5397000,2025-26;2026-27;2027-28;2028-29;2029-30,budget;estimated_actual;forward_estimate,Education,related_breakdown,high,portfolio_ownership,portfolio_default,mapped,
Education,Schools Support Australian Education Research Organisation,216110,8,10000000,10000000,2024-25;2025-26;2026-27;2027-28;2028-29,budget;estimated_actual;forward_estimate,Education,related_breakdown,high,portfolio_ownership,portfolio_default,mapped,
Education,First Nations Education,216111,11,4504000,60519000,2024-25;2025-26;2026-27;2027-28;2028-29;2029-30,budget;estimated_actual;forward_estimate,Education,related_breakdown,high,portfolio_ownership,portfolio_default,mapped,
Education,Helping Children with Autism,216113,11,6449000,8797000,2024-25;2025-26;2026-27;2027-28;2028-29;2029-30,budget;estimated_actual;forward_estimate,Education,related_breakdown,high,portfolio_ownership,portfolio_default,mapped,
Education,National Teacher Workforce Action Plan,216116,11,17596000,64190000,2024-25;2025-26;2026-27;2027-28;2028-29;2029-30,budget;estimated_actual;forward_estimate,Education,related_breakdown,high,portfolio_ownership,portfolio_default,mapped,
Education,Supporting Quality Boarding for Rural and Remote Students,216119,8,100000,1700000,2025-26;2026-27;2027-28;2028-29;2029-30,budget;estimated_actual;forward_estimate,Education,related_breakdown,high,portfolio_ownership,portfolio_default,mapped,
Education,Program 2.1: Core Commonwealth Funding for Teaching and Learning in Higher Education (a) Administered expenses Special appropriations Higher Education Support A,216122,5,8039107000,10056140000,2025-26;2026-27;2027-28;2028-29,budget;estimated_actual;forward_estimate,Education,related_breakdown,high,portfolio_ownership,portfolio_default,mapped,
Education,Program 2.2: Higher Education Superannuation Program Administered expenses Special appropriations Higher Education Support Act 2003,216123,11,129471000,219470000,2024-25;2025-26;2026-27;2027-28;2028-29;2029-30,budget;estimated_actual;forward_estimate,Education,related_breakdown,high,portfolio_ownership,portfolio_default,mapped,
Education,Program 2.3: Higher Education Support Administered expenses Ordinary annual services (Appropriation Bill (No. 1) Supply Bill (No. 1)),216124,5,36154000,42243000,2025-26;2026-27;2027-28;2028-29,budget;estimated_actual;forward_estimate,Education,related_breakdown,high,portfolio_ownership,portfolio_default,mapped,
Education,Program 2.4: Higher Education Loan Program Special appropriations Higher Education Support Act 2003 (b),216126,5,2591378000,15471029000,2025-26;2026-27;2027-28;2028-29,budget;estimated_actual;forward_estimate,Education,related_breakdown,high,portfolio_ownership,portfolio_default,mapped,
Education,Special accounts Higher Education Tuition Protection Fund,216127,11,2775000,4151000,2024-25;2025-26;2026-27;2027-28;2028-29;2029-30,budget;estimated_actual;forward_estimate,Education,related_breakdown,high,portfolio_ownership,portfolio_default,mapped,
Education,Program 2.5: Investment in Higher Education Research Administered expenses Special appropriations Higher Education Support Act 2003,216128,11,2160193000,2606892000,2024-25;2025-26;2026-27;2027-28;2028-29;2029-30,budget;estimated_actual;forward_estimate,Education,related_breakdown,high,portfolio_ownership,portfolio_default,mapped,
Education,Program 2.6: Research Capacity Administered expenses Ordinary annual services (Appropriation Bill (No. 1) and Supply Bill (No. 1)),216129,5,362652000,506987000,2025-26;2026-27;2027-28;2028-29,budget;estimated_actual;forward_estimate,Education,related_breakdown,high,portfolio_ownership,portfolio_default,mapped,
Education,Program 2.7: International Education Support Administered expenses Ordinary annual services (Appropriation Bill (No. 1) and Supply Bill (No. 1)),216130,5,3400000,18257000,2025-26;2026-27;2027-28;2028-29,budget;estimated_actual;forward_estimate,Education,related_breakdown,high,portfolio_ownership,portfolio_default,mapped,
Education,Special accounts Overseas Students Tuition Fund,216131,11,3454000,8788000,2024-25;2025-26;2026-27;2027-28;2028-29;2029-30,budget;estimated_actual;forward_estimate,Education,related_breakdown,high,portfolio_ownership,portfolio_default,mapped,
Education,SOETM - Cheung Kong,216132,11,1053000,1800000,2024-25;2025-26;2026-27;2027-28;2028-29;2029-30,budget;estimated_actual;forward_estimate,Education,related_breakdown,high,portfolio_ownership,portfolio_default,mapped,
Education,Special Accounts,216134,11,7447000,13897000,2024-25;2025-26;2026-27;2027-28;2028-29;2029-30,budget;estimated_actual;forward_estimate,Education,related_breakdown,high,portfolio_ownership,portfolio_default,mapped,
Education,Special appropriations: Higher Education Support Act 2003 Commonwealth Grant Scheme,216139,8,7720322000,9984847000,2025-26;2026-27;2027-28;2028-29;2029-30,budget;estimated_actual;forward_estimate,Education,related_breakdown,high,portfolio_ownership,portfolio_default,mapped,
Education,Needs-based Funding -,216140,4,264707000,625926000,2025-26;2026-27;2027-28;2028-29,budget;forward_estimate,Education,related_breakdown,high,portfolio_ownership,portfolio_default,mapped,
Education,Special appropriations: Higher Education Support Act 2003 Higher Education Superannuation Program,216141,11,129471000,219470000,2024-25;2025-26;2026-27;2027-28;2028-29;2029-30,budget;estimated_actual;forward_estimate,Education,related_breakdown,high,portfolio_ownership,portfolio_default,mapped,
Education,Ordinary annual services (Appropriation Bill (No. 1) and Supply Bill (No. 1)) Quality Indicators for Learning and Teaching,216142,5,6894000,11188000,2025-26;2026-27;2027-28;2028-29,budget;estimated_actual;forward_estimate,Education,related_breakdown,high,portfolio_ownership,portfolio_default,mapped,
Education,Tertiary Access Payment,216143,11,29260000,52899000,2024-25;2025-26;2026-27;2027-28;2028-29;2029-30,budget;estimated_actual;forward_estimate,Education,related_breakdown,high,portfolio_ownership,portfolio_default,mapped,
Education,Special appropriations: Higher Education Support Act 2003 Commonwealth Practicum Support,216144,8,2375000,156461000,2025-26;2026-27;2027-28;2028-29;2029-30,budget;estimated_actual;forward_estimate,Education,related_breakdown,high,portfolio_ownership,portfolio_default,mapped,
Education,Disability Support Program,216145,11,10616000,60856000,2024-25;2025-26;2026-27;2027-28;2028-29;2029-30,budget;estimated_actual;forward_estimate,Education,related_breakdown,high,portfolio_ownership,portfolio_default,mapped,
Education,Higher Education and Offshore Microcredentials,216146,8,7361000,13388000,2025-26;2026-27;2027-28;2028-29;2029-30,budget;estimated_actual;forward_estimate,Education,related_breakdown,high,portfolio_ownership,portfolio_default,mapped,
Education,Indigenous Student Success Program -,216148,4,85773000,93268000,2025-26;2026-27;2027-28;2028-29,budget;forward_estimate,Education,related_breakdown,high,portfolio_ownership,portfolio_default,mapped,
Education,National Institutes,216149,11,252650000,310649000,2024-25;2025-26;2026-27;2027-28;2028-29;2029-30,budget;estimated_actual;forward_estimate,Education,related_breakdown,high,portfolio_ownership,portfolio_default,mapped,
Education,Regional University Study Hubs,216151,8,23838000,30138000,2025-26;2026-27;2027-28;2028-29;2029-30,budget;estimated_actual;forward_estimate,Education,related_breakdown,high,portfolio_ownership,portfolio_default,mapped,
Education,Strong Beginnings Fund -,216152,4,1000000,1560000,2025-26;2026-27;2027-28;2028-29,budget;forward_estimate,Education,related_breakdown,high,portfolio_ownership,portfolio_default,mapped,
Education,"Structural Adjustment Fund - - 50,000 - - Suburban University Study Hubs",216153,5,6344000,14100000,2025-26;2026-27;2027-28;2028-29,budget;estimated_actual;forward_estimate,Education,related_breakdown,high,portfolio_ownership,portfolio_default,mapped,
Education,Special Appropriations Higher Education Support Act 2003 Higher Education Loan Program (a),216155,5,2591378000,15471029000,2025-26;2026-27;2027-28;2028-29,budget;estimated_actual;forward_estimate,Education,related_breakdown,high,portfolio_ownership,portfolio_default,mapped,
Education,Research Training Program,216158,11,1154911000,1370832000,2024-25;2025-26;2026-27;2027-28;2028-29;2029-30,budget;estimated_actual;forward_estimate,Education,related_breakdown,high,portfolio_ownership,portfolio_default,mapped,
Education,Ordinary annual services (Appropriation Bill (No. 1) and Supply Bill (No. 1)) Increase Workforce Mobility (Training programs),216159,5,4339000,5918000,2025-26;2026-27;2027-28;2028-29,budget;estimated_actual;forward_estimate,Education,related_breakdown,high,portfolio_ownership,portfolio_default,mapped,
Education,National Collaborative Research Infrastructure Strategy,216160,8,206517000,502648000,2025-26;2026-27;2027-28;2028-29;2029-30,budget;estimated_actual;forward_estimate,Education,related_breakdown,high,portfolio_ownership,portfolio_default,mapped,
Education,Increase Workforce Mobility,216162,8,6713000,33306000,2025-26;2026-27;2027-28;2028-29;2029-30,budget;estimated_actual;forward_estimate,Education,related_breakdown,high,portfolio_ownership,portfolio_default,mapped,
Education,Launch Australia’s Economic Accelerator,216163,8,3600000,189148000,2025-26;2026-27;2027-28;2028-29;2029-30,budget;estimated_actual;forward_estimate,Education,related_breakdown,high,portfolio_ownership,portfolio_default,mapped,
Education,Ordinary annual services (Appropriation Bill (No. 1) and Supply Bill (No. 1)) International Education Support,216165,5,3400000,18257000,2025-26;2026-27;2027-28;2028-29,budget;estimated_actual;forward_estimate,Education,related_breakdown,high,portfolio_ownership,portfolio_default,mapped,
Education,Program 1.1: Discovery - Research and Research Training Administered expenses Ordinary annual services (Appropriation Bill (No.1) and Supply Bill (No. 1)),216167,5,629744000,685181000,2025-26;2026-27;2027-28;2028-29,budget;estimated_actual;forward_estimate,Education,related_breakdown,high,portfolio_ownership,portfolio_default,mapped,
Education,Program 1.2: Linkage - Cross Sector Research Partnerships Administered expenses Ordinary annual services (Appropriation Bill (No.1) and Supply Bill (No. 1)),216168,5,397556000,460086000,2025-26;2026-27;2027-28;2028-29,budget;estimated_actual;forward_estimate,Education,related_breakdown,high,portfolio_ownership,portfolio_default,mapped,
Education,Program 1.3: Excellence in Research for Australia Administered expenses Ordinary annual services (Appropriation Bill (No.1) and Supply Bill (No. 1)),216170,5,3801000,4089000,2025-26;2026-27;2027-28;2028-29,budget;estimated_actual;forward_estimate,Education,related_breakdown,high,portfolio_ownership,portfolio_default,mapped,
Finance,Financial Reporting,216200,11,32924000,37636000,2024-25;2025-26;2026-27;2027-28;2028-29;2029-30,budget;estimated_actual;forward_estimate,General public services,related_breakdown,medium,portfolio_ownership,portfolio_default,mapped,
Finance,Ordinary annual services (Appropriation Bill (No. 1) and Supply Bill (No. 1)) Grant in Aid - Australian Institute of Policy and Science,216203,5,45000,50000,2025-26;2026-27;2027-28;2028-29,budget;estimated_actual;forward_estimate,General public services,related_breakdown,medium,portfolio_ownership,portfolio_default,mapped,
Finance,Grant in Aid - Chifley Research Centre,216204,11,277000,328000,2024-25;2025-26;2026-27;2027-28;2028-29;2029-30,budget;estimated_actual;forward_estimate,General public services,related_breakdown,medium,portfolio_ownership,portfolio_default,mapped,
Finance,Grant in Aid - Green Institute,216205,11,102000,134000,2024-25;2025-26;2026-27;2027-28;2028-29;2029-30,budget;estimated_actual;forward_estimate,General public services,related_breakdown,medium,portfolio_ownership,portfolio_default,mapped,
Finance,Grant in Aid - Menzies Research Centre,216206,11,277000,328000,2024-25;2025-26;2026-27;2027-28;2028-29;2029-30,budget;estimated_actual;forward_estimate,General public services,related_breakdown,medium,portfolio_ownership,portfolio_default,mapped,
Finance,Grant in Aid - Page Research Centre,216207,11,134000,160000,2024-25;2025-26;2026-27;2027-28;2028-29;2029-30,budget;estimated_actual;forward_estimate,General public services,related_breakdown,medium,portfolio_ownership,portfolio_default,mapped,
Finance,Grant in Aid - Royal Humane Society of Australasia,216208,11,32000,37000,2024-25;2025-26;2026-27;2027-28;2028-29;2029-30,budget;estimated_actual;forward_estimate,General public services,related_breakdown,medium,portfolio_ownership,portfolio_default,mapped,
Finance,Grant in Aid - RSPCA Australia Inc,216209,11,44000,52000,2024-25;2025-26;2026-27;2027-28;2028-29;2029-30,budget;estimated_actual;forward_estimate,General public services,related_breakdown,medium,portfolio_ownership,portfolio_default,mapped,
Finance,Special accounts DHA Borrowings Special Account,216210,11,164000,239000,2024-25;2025-26;2026-27;2027-28;2028-29;2029-30,budget;estimated_actual;forward_estimate,General public services,related_breakdown,medium,portfolio_ownership,portfolio_default,mapped,
Finance,Government Shareholder Oversight,216212,11,25766000,30290000,2024-25;2025-26;2026-27;2027-28;2028-29;2029-30,budget;estimated_actual;forward_estimate,General public services,related_breakdown,medium,portfolio_ownership,portfolio_default,mapped,
Finance,Special Financial Claims,216213,11,2997000,4483000,2024-25;2025-26;2026-27;2027-28;2028-29;2029-30,budget;estimated_actual;forward_estimate,General public services,related_breakdown,medium,portfolio_ownership,portfolio_default,mapped,
Finance,Regulatory Reform,216214,11,12396000,29144000,2024-25;2025-26;2026-27;2027-28;2028-29;2029-30,budget;estimated_actual;forward_estimate,General public services,related_breakdown,medium,portfolio_ownership,portfolio_default,mapped,
Finance,Digital and Data,216215,11,2636000,30316000,2024-25;2025-26;2026-27;2027-28;2028-29;2029-30,budget;estimated_actual;forward_estimate,General public services,related_breakdown,medium,portfolio_ownership,portfolio_default,mapped,
Finance,Special Account Coordinated Procurement Contracting Special Account,216222,5,35987000,40875000,2025-26;2026-27;2027-28;2028-29,budget;estimated_actual;forward_estimate,General public services,related_breakdown,medium,portfolio_ownership,portfolio_default,mapped,
Finance,Special accounts SDO Special Account,216228,8,40713000,51671000,2024-25;2025-26;2026-27;2027-28;2028-29,budget;estimated_actual;forward_estimate,General public services,related_breakdown,medium,portfolio_ownership,portfolio_default,mapped,
Finance,Superannuation administration costs,216232,11,8124000,8636000,2024-25;2025-26;2026-27;2027-28;2028-29;2029-30,budget;estimated_actual;forward_estimate,General public services,related_breakdown,medium,portfolio_ownership,portfolio_default,mapped,
Finance,Medical Research Future Fund Special Account (d),216244,11,710619000,744939000,2024-25;2025-26;2026-27;2027-28;2028-29;2029-30,budget;estimated_actual;forward_estimate,General public services,related_breakdown,medium,portfolio_ownership,portfolio_default,mapped,
Finance,Aboriginal and Torres Strait Islander Land and Sea Future Fund Special Account (e),216245,11,63471000,76634000,2024-25;2025-26;2026-27;2027-28;2028-29;2029-30,budget;estimated_actual;forward_estimate,General public services,related_breakdown,medium,portfolio_ownership,portfolio_default,mapped,
Finance,Future Drought Fund Special Account (f),216246,11,88158000,104504000,2024-25;2025-26;2026-27;2027-28;2028-29;2029-30,budget;estimated_actual;forward_estimate,General public services,related_breakdown,medium,portfolio_ownership,portfolio_default,mapped,
Finance,Disaster Ready Fund Special Account (g),216247,11,3637000,202894000,2024-25;2025-26;2026-27;2027-28;2028-29;2029-30,budget;estimated_actual;forward_estimate,General public services,related_breakdown,medium,portfolio_ownership,portfolio_default,mapped,
Finance,Housing Australia Future Fund Special Account (h),216248,11,14885000,550049000,2024-25;2025-26;2026-27;2027-28;2028-29;2029-30,budget;estimated_actual;forward_estimate,General public services,related_breakdown,medium,portfolio_ownership,portfolio_default,mapped,
Finance,Special appropriations,216250,11,35139000,272493000,2024-25;2025-26;2026-27;2027-28;2028-29;2029-30,budget;estimated_actual;forward_estimate,General public services,related_breakdown,medium,portfolio_ownership,portfolio_default,mapped,
Finance,Special accounts,216251,11,631251000,1283946000,2024-25;2025-26;2026-27;2027-28;2028-29;2029-30,budget;estimated_actual;forward_estimate,General public services,related_breakdown,medium,portfolio_ownership,portfolio_default,mapped,
Finance,Revenues from other independent sources,216275,8,630000,732000,2024-25;2025-26;2026-27;2027-28;2028-29,budget;estimated_actual;forward_estimate,General public services,related_breakdown,medium,portfolio_ownership,portfolio_default,mapped,
Finance,Special accounts ICT Coordinated Procurement Special Account,216278,14,2017000,21181000,2023-24;2024-25;2025-26;2026-27;2027-28;2028-29;2029-30,actual;budget;estimated_actual;forward_estimate,General public services,related_breakdown,medium,portfolio_ownership,portfolio_default,mapped,
Finance,Special appropriations Parliamentary Business Resources Act 2017,216283,9,34510000,41658000,2024-25;2025-26;2026-27;2027-28;2028-29;2029-30,budget;estimated_actual;forward_estimate,General public services,related_breakdown,medium,portfolio_ownership,portfolio_default,mapped,
Finance,"Other services (Appropriation Bill No. 2) 6,536 - - - - Administered total",216287,5,6618000,11094000,2025-26;2026-27;2027-28;2028-29,budget;estimated_actual;forward_estimate,General public services,related_breakdown,medium,portfolio_ownership,portfolio_default,mapped,
Finance,"Other services (Appropriation Bill (No. 2) and Supply Bill (No. 2)) 6,536 - - - - Administered total",216290,5,6618000,11094000,2025-26;2026-27;2027-28;2028-29,budget;estimated_actual;forward_estimate,General public services,related_breakdown,medium,portfolio_ownership,portfolio_default,mapped,
Agriculture Fisheries and Forestry,"Special appropriation Primary Industries Levies and Charges Disbursement Act 2024, s. 37 – Forestr y Industry",216291,5,15858000,17199000,2025-26;2026-27;2027-28;2028-29,budget;estimated_actual;forward_estimate,"Agriculture, forestry and fishing",related_breakdown,high,portfolio_ownership,portfolio_default,mapped,
Agriculture Fisheries and Forestry,Special Appropriation total,216292,11,16885000,25493000,2023-24;2024-25;2025-26;2026-27;2027-28;2028-29;2029-30,budget;estimated_actual;forward_estimate,"Agriculture, forestry and fishing",related_breakdown,high,portfolio_ownership,portfolio_default,mapped,
Agriculture Fisheries and Forestry,"Special appropriation Primary Industries Levies and Charges Disbursement Act 2024, s. 37 – Fishin g Industry",216294,5,28128000,33376000,2025-26;2026-27;2027-28;2028-29,budget;estimated_actual;forward_estimate,"Agriculture, forestry and fishing",related_breakdown,high,portfolio_ownership,portfolio_default,mapped,
Agriculture Fisheries and Forestry,"Special appropriation Primary Industries Levies and Charges Disbursement Act 2024, s. 37 – Wool Industr y",216296,5,62000000,84000000,2025-26;2026-27;2027-28;2028-29,budget;estimated_actual;forward_estimate,"Agriculture, forestry and fishing",related_breakdown,high,portfolio_ownership,portfolio_default,mapped,
Agriculture Fisheries and Forestry,"Special appropriation Primary Industries Levies and Charges Disbursement Act 2024, s. 37 – Grains Industr y",216297,5,299514000,330907000,2025-26;2026-27;2027-28;2028-29,budget;estimated_actual;forward_estimate,"Agriculture, forestry and fishing",related_breakdown,high,portfolio_ownership,portfolio_default,mapped,
Agriculture Fisheries and Forestry,"Special appropriation Primary Industries Levies and Charges Disbursement Act 2024, s. 37 – Dair y Industry",216298,5,57339000,58444000,2025-26;2026-27;2027-28;2028-29,budget;estimated_actual;forward_estimate,"Agriculture, forestry and fishing",related_breakdown,high,portfolio_ownership,portfolio_default,mapped,
Agriculture Fisheries and Forestry,Agriculture 2030 – Supporting Trade: Extend the Improved Access to Agricultural and Veterinary Chemicals program,216302,5,50000,3550000,2025-26;2026-27;2027-28;2028-29,budget;estimated_actual;forward_estimate,"Agriculture, forestry and fishing",related_breakdown,high,portfolio_ownership,portfolio_default,mapped,
Agriculture Fisheries and Forestry,Payments to corporate entities (Draw-down) (b) Australian Pesticides and Veterinar y Medicines Authority,216305,5,1782000,7584000,2025-26;2026-27;2027-28;2028-29,budget;estimated_actual;forward_estimate,"Agriculture, forestry and fishing",related_breakdown,high,portfolio_ownership,portfolio_default,mapped,
Agriculture Fisheries and Forestry,Payments to corporate entities total,216306,11,17078000,23399000,2023-24;2024-25;2025-26;2026-27;2027-28;2028-29;2029-30,budget;estimated_actual;forward_estimate,"Agriculture, forestry and fishing",related_breakdown,high,portfolio_ownership,portfolio_default,mapped,
Agriculture Fisheries and Forestry,"Special appropriations Agricultural and Veterinary Chemicals (Administration) Act 1992, s. 58(6) – amounts payable to the APVMA",216307,9,41794000,50627000,2023-24;2024-25;2025-26;2026-27;2027-28;2028-29,budget;estimated_actual;forward_estimate,"Agriculture, forestry and fishing",related_breakdown,high,portfolio_ownership,portfolio_default,mapped,
Agriculture Fisheries and Forestry,"Primary Industries Levies and Charges Disbursement Act 2024, s. 37 – Agricultural Resources",216308,6,13000,128066000,2024-25;2025-26;2026-27;2027-28;2028-29,actual;budget;estimated_actual;forward_estimate,"Agriculture, forestry and fishing",related_breakdown,high,portfolio_ownership,portfolio_default,mapped,
Agriculture Fisheries and Forestry,Special Appropriations total,216309,9,60049000,178693000,2023-24;2024-25;2025-26;2026-27;2027-28;2028-29,budget;estimated_actual;forward_estimate,"Agriculture, forestry and fishing",related_breakdown,high,portfolio_ownership,portfolio_default,mapped,
Agriculture Fisheries and Forestry,Payments to corporate entities (Draw-down) (b) Regional Investment Corporation,216311,5,12475000,16103000,2025-26;2026-27;2027-28;2028-29,budget;estimated_actual;forward_estimate,"Agriculture, forestry and fishing",related_breakdown,high,portfolio_ownership,portfolio_default,mapped,
Agriculture Fisheries and Forestry,Regional Investment Corporation – Drought Loans,216312,9,6488000,7112000,2023-24;2024-25;2025-26;2026-27;2027-28;2028-29,budget;estimated_actual;forward_estimate,"Agriculture, forestry and fishing",related_breakdown,high,portfolio_ownership,portfolio_default,mapped,
Agriculture Fisheries and Forestry,Regional Investment Corporation – A gristarter Loans,216313,5,310000,322000,2025-26;2026-27;2027-28;2028-29,budget;estimated_actual;forward_estimate,"Agriculture, forestry and fishing",related_breakdown,high,portfolio_ownership,portfolio_default,mapped,
Agriculture Fisheries and Forestry,Special account Agriculture Future Drought Resilience Special Account,216314,11,57914000,157610000,2023-24;2024-25;2025-26;2026-27;2027-28;2028-29;2029-30,budget;estimated_actual;forward_estimate,"Agriculture, forestry and fishing",related_breakdown,high,portfolio_ownership,portfolio_default,mapped,
Agriculture Fisheries and Forestry,Special account total,216315,11,57914000,157610000,2023-24;2024-25;2025-26;2026-27;2027-28;2028-29;2029-30,budget;estimated_actual;forward_estimate,"Agriculture, forestry and fishing",related_breakdown,high,portfolio_ownership,portfolio_default,mapped,
Agriculture Fisheries and Forestry,"Special appropriation Farm Household Support Act 2014, s. 105 – payments for Farm Household Allowance",216318,5,70421000,130031000,2025-26;2026-27;2027-28;2028-29,budget;estimated_actual;forward_estimate,"Agriculture, forestry and fishing",related_breakdown,high,portfolio_ownership,portfolio_default,mapped,
Agriculture Fisheries and Forestry,International Agricultural Cooperation - -,216321,3,251000,261000,2026-27;2027-28;2028-29,forward_estimate,"Agriculture, forestry and fishing",related_breakdown,high,portfolio_ownership,portfolio_default,mapped,
Agriculture Fisheries and Forestry,International Organisations Contributions,216322,8,2177000,2903000,2025-26;2026-27;2027-28;2028-29;2029-30,budget;estimated_actual;forward_estimate,"Agriculture, forestry and fishing",related_breakdown,high,portfolio_ownership,portfolio_default,mapped,
Agriculture Fisheries and Forestry,Special appropriations,216326,13,18637000,51140000,2023-24;2024-25;2025-26;2026-27;2027-28;2028-29;2029-30,budget;estimated_actual;forward_estimate,"Agriculture, forestry and fishing",related_breakdown,high,portfolio_ownership,portfolio_default,mapped,
Agriculture Fisheries and Forestry,Special accounts,216327,11,519817000,761312000,2023-24;2024-25;2025-26;2026-27;2027-28;2028-29;2029-30,budget;estimated_actual;forward_estimate,"Agriculture, forestry and fishing",related_breakdown,high,portfolio_ownership,portfolio_default,mapped,
Agriculture Fisheries and Forestry,Payments to corporate entities (Draw-down),216328,11,18873000,30368000,2023-24;2024-25;2025-26;2026-27;2027-28;2028-29;2029-30,budget;estimated_actual;forward_estimate,"Agriculture, forestry and fishing",related_breakdown,high,portfolio_ownership,portfolio_default,mapped,
Agriculture Fisheries and Forestry,Special appropriations Primary Industries Levies and Charges Disbursement Act 2024 – s37 Agricultural Resources,216331,9,26600000,31800000,2024-25;2025-26;2026-27;2027-28;2028-29;2029-30,budget;estimated_actual;forward_estimate,"Agriculture, forestry and fishing",related_breakdown,high,portfolio_ownership,portfolio_default,mapped,
Agriculture Fisheries and Forestry,Revenues from industry sources,216332,10,5515000,6715000,2023-24;2024-25;2025-26;2026-27;2027-28;2028-29;2029-30,budget;estimated_actual;forward_estimate,"Agriculture, forestry and fishing",related_breakdown,high,portfolio_ownership,portfolio_default,mapped,
Agriculture Fisheries and Forestry,Revenues from other independent sources,216333,11,111000,10472000,2023-24;2024-25;2025-26;2026-27;2027-28;2028-29;2029-30,budget;estimated_actual;forward_estimate,"Agriculture, forestry and fishing",related_breakdown,high,portfolio_ownership,portfolio_default,mapped,
Agriculture Fisheries and Forestry,Ordinary annual services (Appropriation Bill (No. 1) and Supply Bill (No. 1)) Illegal Foreign Fishing Vessel Caretaking and Disposal,216336,5,6265000,6648000,2024-25;2025-26;2026-27;2027-28;2028-29,budget,"Agriculture, forestry and fishing",related_breakdown,high,portfolio_ownership,portfolio_default,mapped,
Agriculture Fisheries and Forestry,Special account AFMA Special Account,216338,7,18191000,22939000,2023-24;2024-25;2025-26;2026-27;2027-28;2028-29;2029-30,budget,"Agriculture, forestry and fishing",related_breakdown,high,portfolio_ownership,portfolio_default,mapped,
Agriculture Fisheries and Forestry,Payment from related entities,216342,7,147000,168000,2023-24;2024-25;2025-26;2026-27;2027-28;2028-29;2029-30,budget,"Agriculture, forestry and fishing",related_breakdown,high,portfolio_ownership,portfolio_default,mapped,
Agriculture Fisheries and Forestry,"Special appropriations Agricultural and Veterinary Chemicals (Administration) Act 1992, s. 58 (6) – amount payable to the APVMA",216343,7,41794000,51140000,2023-24;2024-25;2025-26;2026-27;2027-28;2028-29;2029-30,budget,"Agriculture, forestry and fishing",related_breakdown,high,portfolio_ownership,portfolio_default,mapped,
Social Services,Program 1.5 – Financial Support for Carers Administered expenses Ordinary annual services (Appropriation Bill (No. 1) and Supply Bill (No. 1)),216367,5,2800000,2800000,2024-25;2025-26;2026-27;2027-28;2028-29,budget,Social security and welfare / Assistance to people with disabilities,related_breakdown,high,exact_label_with_portfolio_context,program_label_override,mapped,
Social Services,Program 1.6 – Working Age Payments Administered expenses Ordinary annual services (Appropriation Bill (No. 1) and Supply Bill (No. 1)),216369,5,1835000,4715000,2024-25;2025-26;2026-27;2027-28;2028-29,budget,Social security and welfare / Assistance to the unemployed and the sick,related_breakdown,high,exact_label_with_portfolio_context,program_label_override,mapped,
Social Services,Special appropriations,216373,7,285315000,768200000,2023-24;2024-25;2025-26;2026-27;2027-28;2028-29;2029-30,budget,Social security and welfare,related_breakdown,high,portfolio_ownership,portfolio_default,mapped,
Social Services,1.5.6 – Component 6 (Carer Adjustment Payment) Annual administered expenses Ordinary annual services (Appropriation Bill (No. 1) and Supply Bill (No. 1)),216391,5,2800000,2800000,2024-25;2025-26;2026-27;2027-28;2028-29,budget,Social security and welfare,related_breakdown,high,portfolio_ownership,portfolio_default,mapped,
Social Services,1.6.6 – Component 6 (Priority Investment Approach – Validation) Annual administered expenses Ordinary annual services (Appropriation Bill (No. 1) and Supply Bil,216397,5,200000,200000,2024-25;2025-26;2026-27;2027-28;2028-29,budget,Social security and welfare,related_breakdown,high,portfolio_ownership,portfolio_default,mapped,
Social Services,1.6.9 – Component 9 (Payments under Special Circumstances) Annual administered expenses Ordinary annual services (Appropriation Bill (No. 1) and Supply Bill (No,216400,5,1635000,4515000,2024-25;2025-26;2026-27;2027-28;2028-29,budget,Social security and welfare,related_breakdown,high,portfolio_ownership,portfolio_default,mapped,
Social Services,Program 2.1 – Families and Communities Administered expenses Ordinary annual services (Appropriation Bill (No. 1) and Supply Bill (No. 1)),216408,5,1097462000,1405971000,2024-25;2025-26;2026-27;2027-28;2028-29,budget,Social security and welfare,related_breakdown,high,portfolio_ownership,portfolio_default,mapped,
Social Services,"Special accounts Social Services SOETM Special Account 2021 3,604 – – – – Administered Total",216410,5,1603593000,2106734000,2024-25;2025-26;2026-27;2027-28;2028-29,budget,Social security and welfare,related_breakdown,high,portfolio_ownership,portfolio_default,mapped,
Social Services,"Special accounts 3,604 – – – – Administered Total",216412,5,1603593000,2106734000,2024-25;2025-26;2026-27;2027-28;2028-29,budget,Social security and welfare,related_breakdown,high,portfolio_ownership,portfolio_default,mapped,
Social Services,Contributions from state and territory governments,216417,6,11237372000,15270549000,2023-24;2024-25;2025-26;2026-27;2027-28;2028-29,budget,Social security and welfare,related_breakdown,high,portfolio_ownership,portfolio_default,mapped,
Social Services,Program 1.2 – National Disability Insurance Agency and General Supports Revenue from Government Ordinary annual services (Appropriation Bill (No. 1) and Supply ,216419,5,1504151000,2428247000,2024-25;2025-26;2026-27;2027-28;2028-29,budget,Social security and welfare / Assistance to people with disabilities / National Disability Insurance Scheme,related_breakdown,high,exact_label_with_portfolio_context,program_label_override,mapped,
Social Services,Payment from related entities,216422,6,30279923000,46971458000,2023-24;2024-25;2025-26;2026-27;2027-28;2028-29,budget,Social security and welfare,related_breakdown,high,portfolio_ownership,portfolio_default,mapped,
Social Services,"Administered expenses Ordinary annual services (Appropriation Bill No. 1 and Supply Bill No. 1) 4,977 5,082 5,",216424,3,220000,5645000,2026-27;2027-28;2028-29,budget,Social security and welfare,related_breakdown,high,portfolio_ownership,portfolio_default,mapped,
Social Services,Program 1.2 – Program support for NDIS Quality and Safeguards Commission Departmental expenses Departmental appropriation,216425,6,98366000,178328000,2023-24;2024-25;2025-26;2026-27;2027-28;2028-29,budget,Social security and welfare / Assistance to people with disabilities / National Disability Insurance Scheme – quality and safeguards,related_breakdown,high,exact_label_with_portfolio_context,program_label_override,mapped,
Social Services,"Expenses not requiring appropriation in the Budget year (a) 5,699 10,567 14,",216426,3,918000,15221000,2026-27;2027-28;2028-29,budget,Social security and welfare,related_breakdown,high,portfolio_ownership,portfolio_default,mapped,
Social Services,Program 1.2 – Customer Service Delivery Administered expenses Ordinary annual services (Appropriation Bill (No. 1) and Supply Bill (No. 1)),216431,5,1278000,1376000,2024-25;2025-26;2026-27;2027-28;2028-29,budget,Social security and welfare,related_breakdown,high,portfolio_ownership,portfolio_default,mapped,
Social Services,Special accounts Child Support special account,216432,6,1891980000,2148407000,2023-24;2024-25;2025-26;2026-27;2027-28;2028-29,budget,Social security and welfare,related_breakdown,high,portfolio_ownership,portfolio_default,mapped,
Social Services,Program 1.3 – Technology and Transformation Departmental expenses Departmental appropriation,216433,6,723094000,1117098000,2023-24;2024-25;2025-26;2026-27;2027-28;2028-29,budget,Social security and welfare,related_breakdown,high,portfolio_ownership,portfolio_default,mapped,
Industry Science and Resources,Program 1.2: Investing in science and technology Administered expenses Ordinary annual services (Appropriation Bill (No. 1) and Supply Bill (No. 1)) (c),217293,5,236114000,364480000,2025-26;2026-27;2027-28;2028-29;2029-30,budget,Other economic affairs,related_breakdown,medium,portfolio_ownership,portfolio_default,mapped,
Industry Science and Resources,Special accounts,217296,7,260793000,310175000,2023-24;2024-25;2025-26;2026-27;2027-28;2028-29;2029-30,budget,Other economic affairs,related_breakdown,medium,portfolio_ownership,portfolio_default,mapped,
Industry Science and Resources,Special appropriations (c),217297,5,60000,60000,2025-26;2026-27;2027-28;2028-29;2029-30,budget,Other economic affairs,related_breakdown,medium,portfolio_ownership,portfolio_default,mapped,
Industry Science and Resources,Special appropriations,217300,7,35900000,56810000,2023-24;2024-25;2025-26;2026-27;2027-28;2028-29;2029-30,budget,Other economic affairs,related_breakdown,medium,portfolio_ownership,portfolio_default,mapped,
Industry Science and Resources,Payments to corporate entities,217302,7,1295465000,1433714000,2023-24;2024-25;2025-26;2026-27;2027-28;2028-29;2029-30,budget,Other economic affairs,related_breakdown,medium,portfolio_ownership,portfolio_default,mapped,
Industry Science and Resources,Single Business Service,217308,7,1175000,7700000,2023-24;2024-25;2025-26;2026-27;2027-28;2028-29;2029-30,budget,Other economic affairs,related_breakdown,medium,portfolio_ownership,portfolio_default,mapped,
Industry Science and Resources,Maralinga Site Remediation (a) nfp nfp nfp - - Petroleum Royalties Administration,217315,5,40000,40000,2025-26;2026-27;2027-28;2028-29;2029-30,budget,Other economic affairs,related_breakdown,medium,portfolio_ownership,portfolio_default,mapped,
Industry Science and Resources,Offshore Infrastructure Registrar,217320,5,135000,204000,2025-26;2026-27;2027-28;2028-29;2029-30,budget,Other economic affairs,related_breakdown,medium,portfolio_ownership,portfolio_default,mapped,
Industry Science and Resources,Ranger Rehabilitation,217322,5,37325000,69891000,2025-26;2026-27;2027-28;2028-29;2029-30,budget,Other economic affairs,related_breakdown,medium,portfolio_ownership,portfolio_default,mapped,
Industry Science and Resources,Program 1: Science and Technology Solutions Revenue from Government Ordinary annual services (Appropriation Bill (No. 1) and Supply Bill (No. 1)),217323,5,315103000,377072000,2025-26;2026-27;2027-28;2028-29;2029-30,budget,Other economic affairs,related_breakdown,medium,portfolio_ownership,portfolio_default,mapped,
Industry Science and Resources,Revenues from other independent sources,217325,7,12742000,566146000,2023-24;2024-25;2025-26;2026-27;2027-28;2028-29;2029-30,budget,Other economic affairs,related_breakdown,medium,portfolio_ownership,portfolio_default,mapped,
Industry Science and Resources,Research - National Facilities and Collections,217330,7,150537000,221264000,2023-24;2024-25;2025-26;2026-27;2027-28;2028-29;2029-30,budget,Other economic affairs,related_breakdown,medium,portfolio_ownership,portfolio_default,mapped,
Industry Science and Resources,Program 1.2: Education and Awareness Departmental expenses Special accounts,217336,7,3136000,3729000,2023-24;2024-25;2025-26;2026-27;2027-28;2028-29;2029-30,budget,Other economic affairs,related_breakdown,medium,portfolio_ownership,portfolio_default,mapped,
Industry Science and Resources,Program 1.3: Advice to Government and International Engagement Departmental expenses Departmental appropriation,217337,7,371000,397000,2023-24;2024-25;2025-26;2026-27;2027-28;2028-29;2029-30,budget,Other economic affairs,related_breakdown,medium,portfolio_ownership,portfolio_default,mapped,
department of the house of representatives doc,"Annual departmental expenses: Departmental item appropriation 12,836 12,855 12,",217353,3,868000,12865000,2026-27;2027-28;2028-29,forward_estimate,,,,,,unmapped,portfolio_not_in_crosswalk
department of the house of representatives doc,"Annual departmental expenses: Departmental item appropriation 2,292 2,181 2,",217354,3,188000,1749000,2026-27;2027-28;2028-29,forward_estimate,,,,,,unmapped,portfolio_not_in_crosswalk
department of the house of representatives doc,"Annual departmental expenses: Departmental item appropriation 7,527 7,708 7,",217356,3,780000,7884000,2026-27;2027-28;2028-29,forward_estimate,,,,,,unmapped,portfolio_not_in_crosswalk
Climate Change Energy the Environment and Water,Special appropriations ­,217360,4,4472000,8298000,2024-25;2025-26;2026-27;2027-28,budget,Fuel and energy,related_breakdown,low,portfolio_ownership,portfolio_default,mapped,
Climate Change Energy the Environment and Water,"Program 1.2: Support reliable, secure and affordable energy Administered expenses Ordinary annual services (Appropriation Bill No. 1)",217361,5,25452000,457137000,2023-24;2024-25;2025-26;2026-27;2027-28,budget,Fuel and energy,related_breakdown,low,portfolio_ownership,portfolio_default,mapped,
Climate Change Energy the Environment and Water,Special appropriations (a) nfp nfp nfp nfp nfp Payments to corporate entities (b),217362,5,341774000,486064000,2023-24;2024-25;2025-26;2026-27;2027-28,budget,Fuel and energy,related_breakdown,low,portfolio_ownership,portfolio_default,mapped,
Climate Change Energy the Environment and Water,Special appropriations (a) nfp,217364,4,4472000,8298000,2024-25;2025-26;2026-27;2027-28,budget,Fuel and energy,related_breakdown,low,portfolio_ownership,portfolio_default,mapped,
Climate Change Energy the Environment and Water,Payments to corporate entities (b),217365,7,87112000,1025183000,2023-24;2024-25;2025-26;2026-27;2027-28;2028-29;2029-30,budget,Fuel and energy,related_breakdown,low,portfolio_ownership,portfolio_default,mapped,
Climate Change Energy the Environment and Water,"Special accounts 2,713 ­ ­ ­ ­ Expenses not requiring appropriation in the Budget year (d)",217367,5,4010000,4592000,2023-24;2024-25;2025-26;2026-27;2027-28,budget,Fuel and energy,related_breakdown,low,portfolio_ownership,portfolio_default,mapped,
Climate Change Energy the Environment and Water,Australia's International Climate Step­Up,217369,5,370000,3830000,2023-24;2024-25;2025-26;2026-27;2027-28,budget,Fuel and energy,related_breakdown,low,portfolio_ownership,portfolio_default,mapped,
Climate Change Energy the Environment and Water,"Biofuels ­ Monitoring, Compliance and Enforcement for Fuel Quality",217370,5,100000,100000,2023-24;2024-25;2025-26;2026-27;2027-28,budget,Fuel and energy,related_breakdown,low,portfolio_ownership,portfolio_default,mapped,
Climate Change Energy the Environment and Water,Indo­Pacific Carbon Offsets Scheme,217373,5,2520000,30335000,2023-24;2024-25;2025-26;2026-27;2027-28,budget,Fuel and energy,related_breakdown,low,portfolio_ownership,portfolio_default,mapped,
Climate Change Energy the Environment and Water,International Climate Change Engagement,217374,5,3000000,3674000,2023-24;2024-25;2025-26;2026-27;2027-28,budget,Fuel and energy,related_breakdown,low,portfolio_ownership,portfolio_default,mapped,
Climate Change Energy the Environment and Water,"Soil Carbon and Livestock Methane 2,100 1,100 ­ ­ ­ Strategic International Partnerships",217376,5,16543000,91134000,2023-24;2024-25;2025-26;2026-27;2027-28,budget,Fuel and energy,related_breakdown,low,portfolio_ownership,portfolio_default,mapped,
Climate Change Energy the Environment and Water,Payment (b) nfp nfp nfp nfp nfp Total special appropriations nfp nfp nfp nfp nfp Payments to corporate entities Australian Renewable Energy Agency,217382,5,320963000,481712000,2023-24;2024-25;2025-26;2026-27;2027-28,budget,Fuel and energy,related_breakdown,low,portfolio_ownership,portfolio_default,mapped,
Climate Change Energy the Environment and Water,"Program 2.2: Protect Australia's cultural, historic and First Nations heritage Administered expenses Ordinary annual services (Appropriation Bill No. 1)",217384,5,5347000,8372000,2023-24;2024-25;2025-26;2026-27;2027-28,budget,Fuel and energy,related_breakdown,low,portfolio_ownership,portfolio_default,mapped,
Climate Change Energy the Environment and Water,"Payments to corporate entities (a) 4,598 649 ­ ­ ­ Administered total",217385,5,5347000,12970000,2023-24;2024-25;2025-26;2026-27;2027-28,budget,Fuel and energy,related_breakdown,low,portfolio_ownership,portfolio_default,mapped,
Climate Change Energy the Environment and Water,"between years (e) Outcome 2: Program 2.1: Natural Heritage Trust of Australia Account (33,921)",217388,4,2319000,16857000,2024-25;2025-26;2026-27;2027-28,budget,Fuel and energy,related_breakdown,low,portfolio_ownership,portfolio_default,mapped,
Climate Change Energy the Environment and Water,"Expenses not requiring appropriation in the budget year (a) (12,795)",217391,4,10330000,11528000,2024-25;2025-26;2026-27;2027-28,budget,Fuel and energy,related_breakdown,low,portfolio_ownership,portfolio_default,mapped,
Home Affairs,"Special accounts 22,182 9,132 – – – Expenses not requiring appropriation in the Budget year (b)",217417,5,91000,1126000,2026-27;2027-28;2028-29;2029-30,budget;estimated_actual;forward_estimate,Public order and safety,related_breakdown,high,portfolio_ownership,portfolio_default,mapped,
Home Affairs,Program 1.3: Cyber Security Administered expenses Ordinary annual services (Appropriation Bill No. 1),217418,5,1962000,25569000,2026-27;2027-28;2028-29;2029-30,budget;estimated_actual;forward_estimate,Public order and safety,related_breakdown,high,portfolio_ownership,portfolio_default,mapped,
Home Affairs,Program 1.5: Regional Cooperation Administered expenses Ordinary annual services (Appropriation Bill No. 1),217420,5,35807000,67676000,2026-27;2027-28;2028-29;2029-30,budget;estimated_actual;forward_estimate,Public order and safety,related_breakdown,high,portfolio_ownership,portfolio_default,mapped,
Home Affairs,Program 2.2: Visas Administered expenses Ordinary annual services (Appropriation Bill No. 1),217422,5,102000,110000,2026-27;2027-28;2028-29;2029-30,budget;estimated_actual;forward_estimate,Public order and safety,related_breakdown,high,portfolio_ownership,portfolio_default,mapped,
Home Affairs,Program 2.4: UMA Offshore Management Administered expenses Ordinary annual services (Appropriation Bill No. 1),217424,5,345420000,897844000,2026-27;2027-28;2028-29;2029-30,budget;estimated_actual;forward_estimate,Public order and safety,related_breakdown,high,portfolio_ownership,portfolio_default,mapped,
Home Affairs,Special accounts Services for other entities and trust monies,217432,5,17345000,20329000,2026-27;2027-28;2028-29;2029-30,budget;estimated_actual;forward_estimate,Public order and safety,related_breakdown,high,portfolio_ownership,portfolio_default,mapped,
Home Affairs,Special accounts Criminology Research Special Account,217437,5,560000,1964000,2026-27;2027-28;2028-29;2029-30,budget;estimated_actual;forward_estimate,Public order and safety,related_breakdown,high,portfolio_ownership,portfolio_default,mapped,
Industry Science and Resources,Program 1.2: Investing in science and technology (c) Administered expenses Ordinary annual services (Appropriation Bill No. 1),217454,5,290091000,480312000,2023-24;2024-25;2025-26;2026-27;2027-28,budget,Other economic affairs,related_breakdown,medium,portfolio_ownership,portfolio_default,mapped,
Industry Science and Resources,Business Research and Innovation Initiative (a),217466,5,3082000,7147000,2023-24;2024-25;2025-26;2026-27;2027-28,budget,Other economic affairs,related_breakdown,medium,portfolio_ownership,portfolio_default,mapped,
Industry Science and Resources,Green Metals Foundational Initiatives - -,217468,3,2500000,2500000,2025-26;2026-27;2027-28,budget,Other economic affairs,related_breakdown,medium,portfolio_ownership,portfolio_default,mapped,
Industry Science and Resources,Industry Growth Program,217469,6,37010000,125081000,2023-24;2024-25;2025-26;2026-27;2027-28;2028-29,budget,Other economic affairs,related_breakdown,medium,portfolio_ownership,portfolio_default,mapped,
Industry Science and Resources,Growing Australia's Space Industry (c),217477,5,4992000,32808000,2023-24;2024-25;2025-26;2026-27;2027-28,budget,Other economic affairs,related_breakdown,medium,portfolio_ownership,portfolio_default,mapped,
Industry Science and Resources,Inspiring All Australians in STEM,217478,5,14142000,30922000,2023-24;2024-25;2025-26;2026-27;2027-28,budget,Other economic affairs,related_breakdown,medium,portfolio_ownership,portfolio_default,mapped,
Industry Science and Resources,"Support for Quantum Researchers and Academic Partnerships 1,008 1,008 510 - - Total annual administered expenses",217480,5,290091000,480312000,2023-24;2024-25;2025-26;2026-27;2027-28,budget,Other economic affairs,related_breakdown,medium,portfolio_ownership,portfolio_default,mapped,
Industry Science and Resources,Offshore Infrastructure Registrar Special Account,217486,5,3855000,4500000,2023-24;2024-25;2025-26;2026-27;2027-28,budget,Other economic affairs,related_breakdown,medium,portfolio_ownership,portfolio_default,mapped,
Industry Science and Resources,Offshore Electricity Infrastructure and Registrar (f) -,217488,4,133000,133000,2024-25;2025-26;2026-27;2027-28,budget,Other economic affairs,related_breakdown,medium,portfolio_ownership,portfolio_default,mapped,
Industry Science and Resources,Ranger Rehabilitation (g),217489,5,3567000,27684000,2023-24;2024-25;2025-26;2026-27;2027-28,budget,Other economic affairs,related_breakdown,medium,portfolio_ownership,portfolio_default,mapped,
Industry Science and Resources,Revenues from other independent sources -,217504,4,29544000,48469000,2024-25;2025-26;2026-27;2027-28,budget,Other economic affairs,related_breakdown,medium,portfolio_ownership,portfolio_default,mapped,
Health Disability and Ageing,Contributions from state and territory governments,217514,5,12096411000,14428104000,2026-27;2027-28;2028-29;2029-30,budget;estimated_actual;forward_estimate,Health,related_breakdown,high,portfolio_ownership,portfolio_default,mapped,
Health Disability and Ageing,Program 1.2: National Disability Insurance Agency and General Supports Revenue from Government Ordinary annual services,217516,5,1470999000,2390498000,2026-27;2027-28;2028-29;2029-30,budget;estimated_actual;forward_estimate,Social security and welfare / Assistance to people with disabilities / National Disability Insurance Scheme,related_breakdown,high,exact_label_with_portfolio_context,program_label_override,mapped,
Health Disability and Ageing,Payment from related entities,217519,5,38216437000,40353135000,2026-27;2027-28;2028-29;2029-30,budget;estimated_actual;forward_estimate,Health,related_breakdown,high,portfolio_ownership,portfolio_default,mapped,
department of parliamentary services 2025 26 Parliamentary Departments,"Expenses not requiring appropriation in the Budget y ear (b) 2,619 2,793 2,",217523,3,873000,3036000,2023-24;2024-25;2025-26,budget,,,,,,unmapped,portfolio_not_in_crosswalk
department of parliamentary services 2025 26 Parliamentary Departments,"Annual departmental expenses: Departmental item appropriation 12,836 12,855 12,",217530,3,868000,12865000,2023-24;2024-25;2025-26,budget,,,,,,unmapped,portfolio_not_in_crosswalk
department of parliamentary services 2025 26 Parliamentary Departments,"Annual departmental expenses: Departmental item appropriation 2,292 2,181 2,",217531,3,188000,1749000,2023-24;2024-25;2025-26,budget,,,,,,unmapped,portfolio_not_in_crosswalk
department of parliamentary services 2025 26 Parliamentary Departments,"Annual departmental expenses: Departmental item appropriation 7,527 7,708 7,",217533,3,780000,7884000,2023-24;2024-25;2025-26,budget,,,,,,unmapped,portfolio_not_in_crosswalk
Agriculture Fisheries and Forestry,Ordinary annual services (Appropriation Bill (No. 1) and Bill (No. 3)) Agriculture and Land Sectors – low emissions future,217542,5,300000,3236000,2026-27;2027-28;2028-29;2029-30,budget;estimated_actual;forward_estimate,"Agriculture, forestry and fishing",related_breakdown,high,portfolio_ownership,portfolio_default,mapped,
Agriculture Fisheries and Forestry,"Special appropriation Primary Industries Levies and Charges Disbursement Act 2024, s.37 – Forestry Industry",217545,5,15573000,17282000,2026-27;2027-28;2028-29;2029-30,budget;estimated_actual;forward_estimate,"Agriculture, forestry and fishing",related_breakdown,high,portfolio_ownership,portfolio_default,mapped,
Agriculture Fisheries and Forestry,Ordinary annual services (Appropriation Bill (No. 1) and Bill (No. 3)) Fisheries Resources Research Fund,217546,5,836000,965000,2026-27;2027-28;2028-29;2029-30,budget;estimated_actual;forward_estimate,"Agriculture, forestry and fishing",related_breakdown,high,portfolio_ownership,portfolio_default,mapped,
Agriculture Fisheries and Forestry,"Special appropriation Primary Industries Levies and Charges Disbursement Act 2024, s.37 – Fishing Industry",217547,5,29937000,32588000,2026-27;2027-28;2028-29;2029-30,budget;estimated_actual;forward_estimate,"Agriculture, forestry and fishing",related_breakdown,high,portfolio_ownership,portfolio_default,mapped,
Agriculture Fisheries and Forestry,"Special appropriation Primary Industries Levies and Charges Disbursement Act 2024, s.37 – Horticulture Industry",217548,5,148828000,172515000,2026-27;2027-28;2028-29;2029-30,budget;estimated_actual;forward_estimate,"Agriculture, forestry and fishing",related_breakdown,high,portfolio_ownership,portfolio_default,mapped,
Agriculture Fisheries and Forestry,"Special appropriation Primary Industries Levies and Charges Disbursement Act 2024, s.37 – Meat and Livestock Industry",217552,5,288793000,308142000,2026-27;2027-28;2028-29;2029-30,budget;estimated_actual;forward_estimate,"Agriculture, forestry and fishing",related_breakdown,high,portfolio_ownership,portfolio_default,mapped,
Agriculture Fisheries and Forestry,Ordinary annual services (Appropriation Bill (No. 1) and Bill (No. 3)) Agricultural and Veterinary Chemicals Minor Use Program,217553,5,153000,168000,2026-27;2027-28;2028-29;2029-30,budget;estimated_actual;forward_estimate,"Agriculture, forestry and fishing",related_breakdown,high,portfolio_ownership,portfolio_default,mapped,
Agriculture Fisheries and Forestry,Payments to corporate entities (Draw-down) (a) Australian Pesticides and Veterinary Medicines Authority,217556,5,1774000,10450000,2026-27;2027-28;2028-29;2029-30,budget;estimated_actual;forward_estimate,"Agriculture, forestry and fishing",related_breakdown,high,portfolio_ownership,portfolio_default,mapped,
Agriculture Fisheries and Forestry,"Special appropriations Agricultural and Veterinary Chemicals (Administration) Act 1992, s.58(6) – amounts payable to the APVMA",217557,5,45737000,51140000,2026-27;2027-28;2028-29;2029-30,budget;estimated_actual;forward_estimate,"Agriculture, forestry and fishing",related_breakdown,high,portfolio_ownership,portfolio_default,mapped,
Agriculture Fisheries and Forestry,"Primary Industries Levies and Charges Disbursement Act 2024, s.37 – Agricultural Resources",217558,5,114539000,135499000,2026-27;2027-28;2028-29;2029-30,budget;estimated_actual;forward_estimate,"Agriculture, forestry and fishing",related_breakdown,high,portfolio_ownership,portfolio_default,mapped,
Agriculture Fisheries and Forestry,Ordinary annual services (Appropriation Bill (No. 1) and Bill (No. 3)) Future Drought Fund – Administration Costs,217559,5,203000,203000,2026-27;2027-28;2028-29;2029-30,budget;estimated_actual;forward_estimate,"Agriculture, forestry and fishing",related_breakdown,high,portfolio_ownership,portfolio_default,mapped,
Agriculture Fisheries and Forestry,Payments to corporate entities (Draw-down) (a) Regional Investment Corporation,217560,5,17078000,24663000,2026-27;2027-28;2028-29;2029-30,budget;estimated_actual;forward_estimate,"Agriculture, forestry and fishing",related_breakdown,high,portfolio_ownership,portfolio_default,mapped,
Agriculture Fisheries and Forestry,Ordinary annual services (Appropriation Bill (No. 1) and Bill (No. 3)) Rural Financial Counselling Service,217562,5,20966000,21484000,2026-27;2027-28;2028-29;2029-30,budget;estimated_actual;forward_estimate,"Agriculture, forestry and fishing",related_breakdown,high,portfolio_ownership,portfolio_default,mapped,
Agriculture Fisheries and Forestry,"Special appropriation Farm Household Support Act 2014, s.105 – payments for Farm Household Allowance",217563,5,62695000,124928000,2026-27;2027-28;2028-29;2029-30,budget;estimated_actual;forward_estimate,"Agriculture, forestry and fishing",related_breakdown,high,portfolio_ownership,portfolio_default,mapped,
Prime Minister and Cabinet,National Australia Day Council Limited,217589,9,6091000,16301000,2024-25;2025-26;2026-27;2027-28;2028-29;2029-30,budget;estimated_actual;forward_estimate,General public services,related_breakdown,medium,portfolio_ownership,portfolio_default,mapped,
Prime Minister and Cabinet,State occasions and official visits,217590,5,4424000,9531000,2026-27;2027-28;2028-29;2029-30,budget;estimated_actual;forward_estimate,General public services,related_breakdown,medium,portfolio_ownership,portfolio_default,mapped,
Prime Minister and Cabinet,Payments to corporate entities,217591,11,119331000,168734000,2024-25;2025-26;2026-27;2027-28;2028-29;2029-30,budget;estimated_actual;forward_estimate,General public services,related_breakdown,medium,portfolio_ownership,portfolio_default,mapped,
Prime Minister and Cabinet,Ordinary annual services (Appropriation Act No. 1 and Bill No. 3),217592,5,148612000,211013000,2026-27;2027-28;2028-29;2029-30,budget;estimated_actual;forward_estimate,General public services,related_breakdown,medium,portfolio_ownership,portfolio_default,mapped,
Prime Minister and Cabinet,"Special appropriations Public Governance, Performance and Accountability Act 2013 - s77",217593,5,10000,10000,2026-27;2027-28;2028-29;2029-30,budget;estimated_actual;forward_estimate,General public services,related_breakdown,medium,portfolio_ownership,portfolio_default,mapped,
Prime Minister and Cabinet,Program 1.1: Company Operated Hostels Revenue from Government Ordinary annual services (Appropriation Bill (No. 1) and Supply Bill (No. 1),217596,5,36043000,60118000,2026-27;2027-28;2028-29;2029-30,budget;estimated_actual;forward_estimate,General public services,related_breakdown,medium,portfolio_ownership,portfolio_default,mapped,
Prime Minister and Cabinet,"Special appropriations (b) Auditor-General remuneration and expense - Auditor-General Act 1997 Schedule 1, clause 3(4)",217599,5,847000,861000,2026-27;2027-28;2028-29;2029-30,budget;estimated_actual;forward_estimate,General public services,related_breakdown,medium,portfolio_ownership,portfolio_default,mapped,
Prime Minister and Cabinet,Revenues from industry sources Revenues from other independent,217606,5,173067000,185279000,2026-27;2027-28;2028-29;2029-30,budget;estimated_actual;forward_estimate,General public services,related_breakdown,medium,portfolio_ownership,portfolio_default,mapped,
Prime Minister and Cabinet,Indigenous Land and Sea Corporation Special Funding Account,217608,11,62248000,74497000,2024-25;2025-26;2026-27;2027-28;2028-29;2029-30,budget;estimated_actual;forward_estimate,General public services,related_breakdown,medium,portfolio_ownership,portfolio_default,mapped,
Prime Minister and Cabinet,Special appropriations Special accounts,217610,9,778000,74497000,2024-25;2025-26;2026-27;2027-28;2028-29;2029-30,budget;estimated_actual;forward_estimate,General public services,related_breakdown,medium,portfolio_ownership,portfolio_default,mapped,
Prime Minister and Cabinet,"Program 1.1: Jobs, Land and the Economy Administered expenses Ordinary annual services (Appropriation Bill (No. 1) and Supply Bill (No. 1))",217611,5,1171150000,1337534000,2026-27;2027-28;2028-29;2029-30,budget;estimated_actual;forward_estimate,General public services,related_breakdown,medium,portfolio_ownership,portfolio_default,mapped,
Prime Minister and Cabinet,Special accounts Aboriginals and Torres Strait Islander Corporations Unclaimed Money Account,217612,5,12000,12000,2026-27;2027-28;2028-29;2029-30,budget;estimated_actual;forward_estimate,General public services,related_breakdown,medium,portfolio_ownership,portfolio_default,mapped,
Prime Minister and Cabinet,Program 1.2: Children and Schooling Administered expenses Ordinary annual services (Appropriation Bill (No. 1) and Supply Bill (No. 1)),217614,5,280551000,342207000,2026-27;2027-28;2028-29;2029-30,budget;estimated_actual;forward_estimate,General public services,related_breakdown,medium,portfolio_ownership,portfolio_default,mapped,
Prime Minister and Cabinet,Other services (Appropriation Bill (No. 2) and Supply Bill (No. 2)) (c),217615,5,5400000,5720000,2026-27;2027-28;2028-29;2029-30,budget;estimated_actual;forward_estimate,General public services,related_breakdown,medium,portfolio_ownership,portfolio_default,mapped,
Prime Minister and Cabinet,Program 1.3: Safety and Wellbeing Administered expenses Ordinary annual services (Appropriation Bill (No. 1) and Supply Bill (No. 1)),217617,5,297741000,479918000,2026-27;2027-28;2028-29;2029-30,budget;estimated_actual;forward_estimate,General public services,related_breakdown,medium,portfolio_ownership,portfolio_default,mapped,
Prime Minister and Cabinet,Program 1.4: Culture and Capability Administered expenses Ordinary annual services (Appropriation Bill (No. 1) and Supply Bill (No. 1)),217619,5,49061000,86150000,2026-27;2027-28;2028-29;2029-30,budget;estimated_actual;forward_estimate,General public services,related_breakdown,medium,portfolio_ownership,portfolio_default,mapped,
Prime Minister and Cabinet,Program 1.5: Remote Australia Strategies Administered expenses Ordinary annual services (Appropriation Bill (No. 1) and Supply Bill (No. 1)),217620,5,59643000,103702000,2026-27;2027-28;2028-29;2029-30,budget;estimated_actual;forward_estimate,General public services,related_breakdown,medium,portfolio_ownership,portfolio_default,mapped,
Prime Minister and Cabinet,Program 1.6: Evaluation and Research Administered expenses Ordinary annual services (Appropriation Bill (No. 1)),217622,5,5000000,6234000,2026-27;2027-28;2028-29;2029-30,budget;estimated_actual;forward_estimate,General public services,related_breakdown,medium,portfolio_ownership,portfolio_default,mapped,
Prime Minister and Cabinet,Program 1.2: Coordination and Evaluation Administered expenses Ordinary annual services (Appropriation Bill (No. 1) and Supply Bill (No. 1)),217627,5,10150000,10205000,2026-27;2027-28;2028-29;2029-30,budget;estimated_actual;forward_estimate,General public services,related_breakdown,medium,portfolio_ownership,portfolio_default,mapped,
Prime Minister and Cabinet,Program 1.1: Support for the Governor-General and Offical Activities Administered expenses Ordinary annual services (Appropriation Bill (No. 1) and Supply Bill ,217628,5,2492000,3349000,2026-27;2027-28;2028-29;2029-30,budget;estimated_actual;forward_estimate,General public services,related_breakdown,medium,portfolio_ownership,portfolio_default,mapped,
Prime Minister and Cabinet,Special appropriation Governor-,217629,5,709000,709000,2026-27;2027-28;2028-29;2029-30,budget;estimated_actual;forward_estimate,General public services,related_breakdown,medium,portfolio_ownership,portfolio_default,mapped,
Social Services,Program 1.5 – Financial Support for Carers Administered expenses Ordinary annual services (Appropriation Bill No. 1),217638,7,2800000,2800000,2023-24;2024-25;2025-26;2026-27;2027-28;2028-29;2029-30,budget,Social security and welfare / Assistance to people with disabilities,related_breakdown,high,exact_label_with_portfolio_context,program_label_override,mapped,
Social Services,1.5.6 – Component 6 (Carer Adjustment Payment) Annual administered expenses Ordinary annual services (Appropriation Bill No. 1),217649,7,2800000,2800000,2023-24;2024-25;2025-26;2026-27;2027-28;2028-29;2029-30,budget,Social security and welfare,related_breakdown,high,portfolio_ownership,portfolio_default,mapped,
Social Services,1.6.6 – Component 6 (Priority Investment Approach – Validation) Annual administered expenses Ordinary annual services (Appropriation Bill No. 1),217650,5,200000,200000,2023-24;2024-25;2025-26;2026-27;2027-28,budget,Social security and welfare,related_breakdown,high,portfolio_ownership,portfolio_default,mapped,
Social Services,1.6.9 – Component 9 (Payments under Special Circumstances) Annual administered expenses Ordinary annual services (Appropriation Bill No. 1),217651,5,1607000,10072000,2023-24;2024-25;2025-26;2026-27;2027-28,budget,Social security and welfare,related_breakdown,high,portfolio_ownership,portfolio_default,mapped,
Social Services,"Special accounts Social Services SOETM Special Account 2021 4,203 3,384 – – – Administered Total",217655,5,1624388000,2028425000,2023-24;2024-25;2025-26;2026-27;2027-28,budget,Social security and welfare,related_breakdown,high,portfolio_ownership,portfolio_default,mapped,
Social Services,"Special accounts 4,203 3,384 – – – Administered Total",217657,5,1624388000,2028425000,2023-24;2024-25;2025-26;2026-27;2027-28,budget,Social security and welfare,related_breakdown,high,portfolio_ownership,portfolio_default,mapped,
Social Services,Program 1.2 – National Disability Insurance Agency and General Supports Revenue from Government Ordinary annual services (Appropriation Bill No. 1),217660,5,1501090000,2190431000,2023-24;2024-25;2025-26;2026-27;2027-28,budget,Social security and welfare / Assistance to people with disabilities / National Disability Insurance Scheme,related_breakdown,high,exact_label_with_portfolio_context,program_label_override,mapped,
Social Services,"Expenses not requiring appropriation in the Budget year (a) (233,680)",217661,4,5045000,70558000,2024-25;2025-26;2026-27;2027-28,budget,Social security and welfare,related_breakdown,high,portfolio_ownership,portfolio_default,mapped,
Social Services,"Expenses not requiring appropriation in the Budget year (a) (197,680)",217664,4,5045000,70558000,2024-25;2025-26;2026-27;2027-28,budget,Social security and welfare,related_breakdown,high,portfolio_ownership,portfolio_default,mapped,
Social Services,Program 1.1 – Support for National Disability Insurance Scheme providers in relation to registration Administered expenses Ordinary annual services (Appropriati,217666,5,4804000,5316000,2023-24;2024-25;2025-26;2026-27;2027-28,budget,Social security and welfare / Assistance to people with disabilities / National Disability Insurance Scheme,related_breakdown,high,exact_label_with_portfolio_context,program_label_override,mapped,
Social Services,"Program 1.2 – Customer Service Delivery Administered expenses Ordinary annual services (Appropriation Acts No. 1, No. 3 and Bill No. 1)",217668,5,958000,1031000,2023-24;2024-25;2025-26;2026-27;2027-28,budget,Social security and welfare,related_breakdown,high,portfolio_ownership,portfolio_default,mapped,
Infrastructure Transport Regional Development Communications Sport and the Arts,Other services Appropriation Bill (No. 2),217671,5,20620000,250000000,2026-27;2027-28;2028-29;2029-30,budget;estimated_actual;forward_estimate,,,low,portfolio_ownership,portfolio_default,ambiguous,"Portfolio name itself spans at least three distinct Statement 6 functions (Transport and communication; Recreation and culture for sport/arts; Housing and community amenities for regional development) with no single dominant destination and no program-level evidence established in this pass to split them reliably.
"
Infrastructure Transport Regional Development Communications Sport and the Arts,Payments to corporate entities(a),217672,11,13612000,733423000,2024-25;2025-26;2026-27;2027-28;2028-29;2029-30,budget;estimated_actual;forward_estimate,,,low,portfolio_ownership,portfolio_default,ambiguous,"Portfolio name itself spans at least three distinct Statement 6 functions (Transport and communication; Recreation and culture for sport/arts; Housing and community amenities for regional development) with no single dominant destination and no program-level evidence established in this pass to split them reliably.
"
Infrastructure Transport Regional Development Communications Sport and the Arts,Program 1.2: Program Support for Outcome 1 Departmental expenses Departmental appropriation,217674,11,64970000,84976000,2024-25;2025-26;2026-27;2027-28;2028-29;2029-30,budget;estimated_actual;forward_estimate,,,low,portfolio_ownership,portfolio_default,ambiguous,"Portfolio name itself spans at least three distinct Statement 6 functions (Transport and communication; Recreation and culture for sport/arts; Housing and community amenities for regional development) with no single dominant destination and no program-level evidence established in this pass to split them reliably.
"
Infrastructure Transport Regional Development Communications Sport and the Arts,Research and Evaluation,217681,8,13808000,34000000,2025-26;2026-27;2027-28;2028-29;2029-30,budget;estimated_actual;forward_estimate,,,low,portfolio_ownership,portfolio_default,ambiguous,"Portfolio name itself spans at least three distinct Statement 6 functions (Transport and communication; Recreation and culture for sport/arts; Housing and community amenities for regional development) with no single dominant destination and no program-level evidence established in this pass to split them reliably.
"
Infrastructure Transport Regional Development Communications Sport and the Arts,Roads to Recovery,217682,11,618064000,1000000000,2024-25;2025-26;2026-27;2027-28;2028-29;2029-30,budget;estimated_actual;forward_estimate,,,low,portfolio_ownership,portfolio_default,ambiguous,"Portfolio name itself spans at least three distinct Statement 6 functions (Transport and communication; Recreation and culture for sport/arts; Housing and community amenities for regional development) with no single dominant destination and no program-level evidence established in this pass to split them reliably.
"
Infrastructure Transport Regional Development Communications Sport and the Arts,Special Appropriations Australian Maritime Safety Authority Act 1990(b),217685,11,131037000,160197000,2024-25;2025-26;2026-27;2027-28;2028-29;2029-30,budget;estimated_actual;forward_estimate,,,low,portfolio_ownership,portfolio_default,ambiguous,"Portfolio name itself spans at least three distinct Statement 6 functions (Transport and communication; Recreation and culture for sport/arts; Housing and community amenities for regional development) with no single dominant destination and no program-level evidence established in this pass to split them reliably.
"
Infrastructure Transport Regional Development Communications Sport and the Arts,Protection of the Sea (Oil Pollution Compensation Funds) Act 1993(b),217686,11,600000,600000,2024-25;2025-26;2026-27;2027-28;2028-29;2029-30,budget;estimated_actual;forward_estimate,,,low,portfolio_ownership,portfolio_default,ambiguous,"Portfolio name itself spans at least three distinct Statement 6 functions (Transport and communication; Recreation and culture for sport/arts; Housing and community amenities for regional development) with no single dominant destination and no program-level evidence established in this pass to split them reliably.
"
Infrastructure Transport Regional Development Communications Sport and the Arts,Payments to corporate entities(b),217687,11,21295000,193694000,2024-25;2025-26;2026-27;2027-28;2028-29;2029-30,budget;estimated_actual;forward_estimate,,,low,portfolio_ownership,portfolio_default,ambiguous,"Portfolio name itself spans at least three distinct Statement 6 functions (Transport and communication; Recreation and culture for sport/arts; Housing and community amenities for regional development) with no single dominant destination and no program-level evidence established in this pass to split them reliably.
"
Infrastructure Transport Regional Development Communications Sport and the Arts,Special Appropriations - Aviation Fuel Revenues (Special Appropriation) Act 1988(b),217689,5,127200000,142000000,2026-27;2027-28;2028-29;2029-30,budget;estimated_actual;forward_estimate,,,low,portfolio_ownership,portfolio_default,ambiguous,"Portfolio name itself spans at least three distinct Statement 6 functions (Transport and communication; Recreation and culture for sport/arts; Housing and community amenities for regional development) with no single dominant destination and no program-level evidence established in this pass to split them reliably.
"
Infrastructure Transport Regional Development Communications Sport and the Arts,RPAS levy (Special Appropriation) Act 2020(b),217690,11,1000000,28490000,2024-25;2025-26;2026-27;2027-28;2028-29;2029-30,budget;estimated_actual;forward_estimate,,,low,portfolio_ownership,portfolio_default,ambiguous,"Portfolio name itself spans at least three distinct Statement 6 functions (Transport and communication; Recreation and culture for sport/arts; Housing and community amenities for regional development) with no single dominant destination and no program-level evidence established in this pass to split them reliably.
"
Infrastructure Transport Regional Development Communications Sport and the Arts,Program 2.4: Program Support for Outcome 2 Departmental expenses Departmental appropriation,217692,8,139389000,210144000,2025-26;2026-27;2027-28;2028-29;2029-30,budget;estimated_actual;forward_estimate,,,low,portfolio_ownership,portfolio_default,ambiguous,"Portfolio name itself spans at least three distinct Statement 6 functions (Transport and communication; Recreation and culture for sport/arts; Housing and community amenities for regional development) with no single dominant destination and no program-level evidence established in this pass to split them reliably.
"
Infrastructure Transport Regional Development Communications Sport and the Arts,Special appropriations,217696,11,123800000,330487000,2024-25;2025-26;2026-27;2027-28;2028-29;2029-30,budget;estimated_actual;forward_estimate,,,low,portfolio_ownership,portfolio_default,ambiguous,"Portfolio name itself spans at least three distinct Statement 6 functions (Transport and communication; Recreation and culture for sport/arts; Housing and community amenities for regional development) with no single dominant destination and no program-level evidence established in this pass to split them reliably.
"
Infrastructure Transport Regional Development Communications Sport and the Arts,Revenues from other independent sources,217700,9,170000,15343000,2024-25;2025-26;2026-27;2027-28;2028-29;2029-30,budget;estimated_actual;forward_estimate,,,low,portfolio_ownership,portfolio_default,ambiguous,"Portfolio name itself spans at least three distinct Statement 6 functions (Transport and communication; Recreation and culture for sport/arts; Housing and community amenities for regional development) with no single dominant destination and no program-level evidence established in this pass to split them reliably.
"
Infrastructure Transport Regional Development Communications Sport and the Arts,Program 1.2: ABC Transmission and Distribution Services Revenue from government Ordinary annual services Appropriation Bill (No. 1),217701,5,212687000,234482000,2026-27;2027-28;2028-29;2029-30,budget;estimated_actual;forward_estimate,,,low,portfolio_ownership,portfolio_default,ambiguous,"Portfolio name itself spans at least three distinct Statement 6 functions (Transport and communication; Recreation and culture for sport/arts; Housing and community amenities for regional development) with no single dominant destination and no program-level evidence established in this pass to split them reliably.
"
Infrastructure Transport Regional Development Communications Sport and the Arts,"Program 1.2: Consumer safeguards, education and information Administered expenses Special appropriations Telecommunications Act 1997(c)",217708,9,300000,300000,2024-25;2025-26;2026-27;2027-28;2028-29;2029-30,budget;estimated_actual;forward_estimate,,,low,portfolio_ownership,portfolio_default,ambiguous,"Portfolio name itself spans at least three distinct Statement 6 functions (Transport and communication; Recreation and culture for sport/arts; Housing and community amenities for regional development) with no single dominant destination and no program-level evidence established in this pass to split them reliably.
"
Infrastructure Transport Regional Development Communications Sport and the Arts,Special appropriations(c),217713,9,300000,300000,2024-25;2025-26;2026-27;2027-28;2028-29;2029-30,budget;estimated_actual;forward_estimate,,,low,portfolio_ownership,portfolio_default,ambiguous,"Portfolio name itself spans at least three distinct Statement 6 functions (Transport and communication; Recreation and culture for sport/arts; Housing and community amenities for regional development) with no single dominant destination and no program-level evidence established in this pass to split them reliably.
"
Infrastructure Transport Regional Development Communications Sport and the Arts,Special accounts Appropriation receipts(d),217714,9,38746000,59386000,2024-25;2025-26;2026-27;2027-28;2028-29;2029-30,budget;estimated_actual;forward_estimate,,,low,portfolio_ownership,portfolio_default,ambiguous,"Portfolio name itself spans at least three distinct Statement 6 functions (Transport and communication; Recreation and culture for sport/arts; Housing and community amenities for regional development) with no single dominant destination and no program-level evidence established in this pass to split them reliably.
"
Infrastructure Transport Regional Development Communications Sport and the Arts,Payment from related entities,217719,5,477000,2369000,2026-27;2027-28;2028-29;2029-30,budget;estimated_actual;forward_estimate,,,low,portfolio_ownership,portfolio_default,ambiguous,"Portfolio name itself spans at least three distinct Statement 6 functions (Transport and communication; Recreation and culture for sport/arts; Housing and community amenities for regional development) with no single dominant destination and no program-level evidence established in this pass to split them reliably.
"
Infrastructure Transport Regional Development Communications Sport and the Arts,Revenues from industry sources Regulatory fees,217736,5,12500000,12500000,2024-25;2025-26;2026-27;2027-28,budget;estimated_actual;forward_estimate,,,low,portfolio_ownership,portfolio_default,ambiguous,"Portfolio name itself spans at least three distinct Statement 6 functions (Transport and communication; Recreation and culture for sport/arts; Housing and community amenities for regional development) with no single dominant destination and no program-level evidence established in this pass to split them reliably.
"
Infrastructure Transport Regional Development Communications Sport and the Arts,Other income,217737,5,1000000,1000000,2024-25;2025-26;2026-27;2027-28,budget;estimated_actual;forward_estimate,,,low,portfolio_ownership,portfolio_default,ambiguous,"Portfolio name itself spans at least three distinct Statement 6 functions (Transport and communication; Recreation and culture for sport/arts; Housing and community amenities for regional development) with no single dominant destination and no program-level evidence established in this pass to split them reliably.
"
Social Services,Program 1.8 – Disability Employment Services Administered expenses Ordinary annual services (Appropriation Bill No. 1),217766,5,1309602000,1391593000,2025-26;2026-27;2027-28;2028-29;2029-30,budget,Social security and welfare,related_breakdown,high,portfolio_ownership,portfolio_default,mapped,
Social Services,1.6.8 – Component 8 (Payments under Special Circumstances) Annual administered expenses Ordinary annual services (Appropriation Bill No. 1),217771,5,1640000,2991000,2025-26;2026-27;2027-28;2028-29;2029-30,budget,Social security and welfare,related_breakdown,high,portfolio_ownership,portfolio_default,mapped,
Social Services,"Special accounts Social Services SOETM Special Account 2021 2,135 – – – – Administered Total",217780,5,1442026000,2129548000,2025-26;2026-27;2027-28;2028-29;2029-30,budget,Social security and welfare,related_breakdown,high,portfolio_ownership,portfolio_default,mapped,
Social Services,"Special accounts 2,135 – – – – Administered Total",217782,5,1442026000,2129548000,2025-26;2026-27;2027-28;2028-29;2029-30,budget,Social security and welfare,related_breakdown,high,portfolio_ownership,portfolio_default,mapped,
Finance,Program 2.2: Data Scheme Departmental expenses Departmental appropriation (a) Office of the National Data Commissioner,217789,5,12223000,13831000,2026-27;2027-28;2028-29;2029-30,budget;estimated_actual;forward_estimate,General public services,related_breakdown,medium,portfolio_ownership,portfolio_default,mapped,
Finance,Program 2.3: Property and Construction Departmental expenses Special accounts Property Special Account,217790,5,226981000,243615000,2026-27;2027-28;2028-29;2029-30,budget;estimated_actual;forward_estimate,General public services,related_breakdown,medium,portfolio_ownership,portfolio_default,mapped,
Finance,Program 2.4: Insurance and Risk Management Departmental expenses Special accounts Comcover Special Account,217791,5,411524000,985469000,2026-27;2027-28;2028-29;2029-30,budget;estimated_actual;forward_estimate,General public services,related_breakdown,medium,portfolio_ownership,portfolio_default,mapped,
Finance,Program 2.5: Procurement Departmental expenses Departmental appropriation (a) Procurement Framework,217792,5,6900000,7787000,2026-27;2027-28;2028-29;2029-30,budget;estimated_actual;forward_estimate,General public services,related_breakdown,medium,portfolio_ownership,portfolio_default,mapped,
Finance,Special accounts Coordinated Procurement Contracting Special Account,217793,9,35987000,51249000,2024-25;2025-26;2026-27;2027-28;2028-29;2029-30,budget;estimated_actual;forward_estimate,General public services,related_breakdown,medium,portfolio_ownership,portfolio_default,mapped,
Finance,Program 2.7: Service Delivery Office Departmental expenses Departmental appropriation (a) Shared Services Transformation Program Office,217795,5,1334000,5502000,2026-27;2027-28;2028-29;2029-30,budget;estimated_actual;forward_estimate,General public services,related_breakdown,medium,portfolio_ownership,portfolio_default,mapped,
Finance,Special accounts Service Delivery Office Special Account,217796,5,32401000,46142000,2026-27;2027-28;2028-29;2029-30,budget;estimated_actual;forward_estimate,General public services,related_breakdown,medium,portfolio_ownership,portfolio_default,mapped,
Finance,Program 2.8: Public Sector Superannuation Administered expenses Ordinary annual services (Appropriation Bill (No. 1)) Act of Grace,217797,5,1109000,1217000,2026-27;2027-28;2028-29;2029-30,budget;estimated_actual;forward_estimate,General public services,related_breakdown,medium,portfolio_ownership,portfolio_default,mapped,
Finance,Program 2.9: Australian Government Investment Funds Administered expenses Special accounts DisabilityCare Australia Fund Special Account (c),217800,5,3678000,18090000,2026-27;2027-28;2028-29;2029-30,budget;estimated_actual;forward_estimate,General public services,related_breakdown,medium,portfolio_ownership,portfolio_default,mapped,
Finance,Special Accounts,217802,5,1450021000,1651182000,2026-27;2027-28;2028-29;2029-30,budget;estimated_actual;forward_estimate,General public services,related_breakdown,medium,portfolio_ownership,portfolio_default,mapped,
Finance,"Transfers to portfolio special accounts for project payments Disaster Ready Fund special account - expense (200,000) - - - - Closing balance",217806,5,5112006000,6235716000,2026-27;2027-28;2028-29;2029-30,budget;estimated_actual;forward_estimate,General public services,related_breakdown,medium,portfolio_ownership,portfolio_default,mapped,
Finance,"Ordinary annual services (Appropriation Bill (No. 2)) - 5,675 - - - Special appropriations Commonwealth Electoral Act 1918 - - 99,850 - - Administered total -",217809,4,5675000,105853000,2026-27;2027-28;2028-29;2029-30,budget;forward_estimate,General public services,related_breakdown,medium,portfolio_ownership,portfolio_default,mapped,
Finance,"Ordinary annual services (Appropriation Bill (No. 2)) - 5,675 - - - Special appropriations - - 99,850 - - Administered total -",217812,4,5675000,105853000,2026-27;2027-28;2028-29;2029-30,budget;forward_estimate,General public services,related_breakdown,medium,portfolio_ownership,portfolio_default,mapped,
Finance,Program 1.2: Management of the Investment of the Australian Government Investment Funds Departmental expenses Special accounts Future Fund Special Account,217817,5,15293000,15666000,2026-27;2027-28;2028-29;2029-30,budget;estimated_actual;forward_estimate,General public services,related_breakdown,medium,portfolio_ownership,portfolio_default,mapped,
Finance,Program 1.2: Independent Parliamentary Standards Commission Departmental expenses Departmental appropriation,217824,5,2286000,2426000,2026-27;2027-28;2028-29;2029-30,budget;estimated_actual;forward_estimate,General public services,related_breakdown,medium,portfolio_ownership,portfolio_default,mapped,
Finance,Program 1.2 – Customer Service Delivery Administered expenses Ordinary annual services (Appropriation Bill (No. 1)),217827,5,965000,1045000,2026-27;2027-28;2028-29;2029-30,budget;estimated_actual;forward_estimate,General public services,related_breakdown,medium,portfolio_ownership,portfolio_default,mapped,
Finance,Special accounts Child Support special account,217828,5,2116385000,2284887000,2026-27;2027-28;2028-29;2029-30,budget;estimated_actual;forward_estimate,General public services,related_breakdown,medium,portfolio_ownership,portfolio_default,mapped,
Finance,Program 1.3 – Technology and Transformation Departmental expenses Departmental appropriation,217829,5,763182000,1144237000,2026-27;2027-28;2028-29;2029-30,budget;estimated_actual;forward_estimate,General public services,related_breakdown,medium,portfolio_ownership,portfolio_default,mapped,
Education,Ordinary annual services (Appropriation Bill No. 1) Early Learning Support Australian Early Development Census,217848,5,6662000,13191000,2024-25;2025-26;2026-27;2027-28,budget;estimated_actual;forward_estimate,Education,related_breakdown,high,portfolio_ownership,portfolio_default,mapped,
Education,SNAICC – National Voice for Our Children -,217849,4,4000000,4278000,2024-25;2025-26;2026-27;2027-28,budget;forward_estimate,Education,related_breakdown,high,portfolio_ownership,portfolio_default,mapped,
Education,"First Nations Languages in Schools 2,540 9,833 150 - - Grants and Awards",217851,5,1479000,1633000,2024-25;2025-26;2026-27;2027-28,budget;estimated_actual;forward_estimate,Education,related_breakdown,high,portfolio_ownership,portfolio_default,mapped,
Education,Engineering and Mathematics (STEM) 700 - - - - Student Engagement and Wellbeing -,217855,4,1053000,4037000,2024-25;2025-26;2026-27;2027-28,budget;forward_estimate,Education,related_breakdown,high,portfolio_ownership,portfolio_default,mapped,
Education,Teacher Resource Hubs -,217858,4,5230000,10346000,2024-25;2025-26;2026-27;2027-28,budget;forward_estimate,Education,related_breakdown,high,portfolio_ownership,portfolio_default,mapped,
Education,Youth Support,217859,9,905000,1205000,2024-25;2025-26;2026-27;2027-28;2028-29;2029-30,budget;estimated_actual;forward_estimate,Education,related_breakdown,high,portfolio_ownership,portfolio_default,mapped,
Education,Program 2.1: Commonwealth Grant Scheme Administered expenses Special appropriations Higher Education Support Act 2003,217862,5,7572948000,9197320000,2024-25;2025-26;2026-27;2027-28,budget;estimated_actual;forward_estimate,Education,related_breakdown,high,portfolio_ownership,portfolio_default,mapped,
Education,Program 2.3: Higher Education Support Administered expenses Ordinary annual services (Appropriation Bill No. 1),217863,5,59793000,61152000,2024-25;2025-26;2026-27;2027-28,budget;estimated_actual;forward_estimate,Education,related_breakdown,high,portfolio_ownership,portfolio_default,mapped,
Education,Program 2.4: Higher Education Loan Program Special appropriations Higher Education Support Act 2003,217864,5,2546046000,5258944000,2024-25;2025-26;2026-27;2027-28,budget;estimated_actual;forward_estimate,Education,related_breakdown,high,portfolio_ownership,portfolio_default,mapped,
Education,Program 2.6: Research Capacity Administered expenses Ordinary annual services (Appropriation Act No. 1),217865,5,361639000,506672000,2024-25;2025-26;2026-27;2027-28,budget;estimated_actual;forward_estimate,Education,related_breakdown,high,portfolio_ownership,portfolio_default,mapped,
Education,Program 2.7: International Education Support Administered expenses Ordinary annual services (Appropriation Bill No. 1),217866,5,3398000,23735000,2024-25;2025-26;2026-27;2027-28,budget;estimated_actual;forward_estimate,Education,related_breakdown,high,portfolio_ownership,portfolio_default,mapped,
Education,Special appropriations: Higher Education Support Act 2003 Cluster Fund and Place Loadings,217868,5,7524002000,9197320000,2024-25;2025-26;2026-27;2027-28,budget;estimated_actual;forward_estimate,Education,related_breakdown,high,portfolio_ownership,portfolio_default,mapped,
Education,Wellbeing Precinct 750 - - - - Commonwealth Practicum Support -,217871,4,2375000,139005000,2024-25;2025-26;2026-27;2027-28,budget;forward_estimate,Education,related_breakdown,high,portfolio_ownership,portfolio_default,mapped,
Education,Suburban University Study Hubs -,217877,4,8160000,11772000,2024-25;2025-26;2026-27;2027-28,budget;forward_estimate,Education,related_breakdown,high,portfolio_ownership,portfolio_default,mapped,
Education,"Strong Beginnings Fund 4,635 -",217878,3,1000000,1300000,2025-26;2026-27;2027-28,forward_estimate,Education,related_breakdown,high,portfolio_ownership,portfolio_default,mapped,
Veterans' Affairs,Australian War Memorial - Bill,217905,5,2000,120613000,2025-26;2026-27;2027-28;2028-29;2029-30,forward_estimate,Social security and welfare / Assistance to veterans and dependants,related_breakdown,medium,portfolio_ownership,portfolio_default,mapped,
Veterans' Affairs,Special Appropriations,217908,14,972226000,9860936000,2023-24;2024-25;2025-26;2026-27;2027-28;2028-29;2029-30,actual;budget;estimated_actual;forward_estimate,Social security and welfare / Assistance to veterans and dependants,related_breakdown,medium,portfolio_ownership,portfolio_default,mapped,
Veterans' Affairs,Program 1.3: Assistance to Defence Widow/ers and Dependants Administered Expenses Special Appropriations,217909,11,759076000,991264000,2023-24;2024-25;2025-26;2026-27;2027-28;2028-29;2029-30,actual;budget;estimated_actual;forward_estimate,Social security and welfare / Assistance to veterans and dependants,related_breakdown,medium,portfolio_ownership,portfolio_default,mapped,
Veterans' Affairs,Special Accounts,217914,14,35000,86309000,2023-24;2024-25;2025-26;2026-27;2027-28;2028-29;2029-30,actual;budget;estimated_actual;forward_estimate,Social security and welfare / Assistance to veterans and dependants,related_breakdown,medium,portfolio_ownership,portfolio_default,mapped,
Veterans' Affairs,"Expenses not requiring appropriation in the Budget year (a) (337,300) (795,000)",217917,3,1423500000,2055600000,2026-27;2027-28;2028-29,budget,Social security and welfare / Assistance to veterans and dependants,related_breakdown,medium,portfolio_ownership,portfolio_default,mapped,
Veterans' Affairs,Other allowances,217922,10,5948000,6702000,2023-24;2024-25;2025-26;2026-27;2027-28;2028-29;2029-30,budget;estimated_actual;forward_estimate,Social security and welfare / Assistance to veterans and dependants,related_breakdown,medium,portfolio_ownership,portfolio_default,mapped,
Veterans' Affairs,Loss of earnings,217925,6,264000,272000,2023-24;2024-25;2025-26;2026-27;2027-28;2028-29,budget,Social security and welfare / Assistance to veterans and dependants,related_breakdown,medium,portfolio_ownership,portfolio_default,mapped,
Veterans' Affairs,Recreation transport allowance,217926,6,658000,864000,2023-24;2024-25;2025-26;2026-27;2027-28;2028-29,budget,Social security and welfare / Assistance to veterans and dependants,related_breakdown,medium,portfolio_ownership,portfolio_default,mapped,
Veterans' Affairs,Treatment Benefits (Special Access) Act 2019 Southeast Asia Treaty Organisation pharmacy supplement,217927,6,10000,11000,2023-24;2024-25;2025-26;2026-27;2027-28;2028-29,budget,Social security and welfare / Assistance to veterans and dependants,related_breakdown,medium,portfolio_ownership,portfolio_default,mapped,
Veterans' Affairs,Discretionary Payments,217930,6,460000,516000,2024-25;2025-26;2026-27;2027-28;2028-29;2029-30,budget,Social security and welfare / Assistance to veterans and dependants,related_breakdown,medium,portfolio_ownership,portfolio_default,mapped,
Veterans' Affairs,Advocacy Grants and Support,217931,7,6358000,29122000,2023-24;2024-25;2025-26;2026-27;2027-28;2028-29;2029-30,budget,Social security and welfare / Assistance to veterans and dependants,related_breakdown,medium,portfolio_ownership,portfolio_default,mapped,
Veterans' Affairs,Veterans' Access to Community Information,217932,7,48000,1831000,2023-24;2024-25;2025-26;2026-27;2027-28;2028-29;2029-30,budget,Social security and welfare / Assistance to veterans and dependants,related_breakdown,medium,portfolio_ownership,portfolio_default,mapped,
Veterans' Affairs,Special Appropriations: Veterans' Entitlements Act 1986 Funeral benefits,217933,7,955000,4648000,2023-24;2024-25;2025-26;2026-27;2027-28;2028-29;2029-30,budget,Social security and welfare / Assistance to veterans and dependants,related_breakdown,medium,portfolio_ownership,portfolio_default,mapped,
Veterans' Affairs,Prisoners of War in Europe,217934,7,276000,721000,2023-24;2024-25;2025-26;2026-27;2027-28;2028-29;2029-30,budget,Social security and welfare / Assistance to veterans and dependants,related_breakdown,medium,portfolio_ownership,portfolio_default,mapped,
Veterans' Affairs,Compensation payments for British Commonwealth and Allied veterans,217935,7,55000,140000,2023-24;2024-25;2025-26;2026-27;2027-28;2028-29;2029-30,budget,Social security and welfare / Assistance to veterans and dependants,related_breakdown,medium,portfolio_ownership,portfolio_default,mapped,
Veterans' Affairs,Compensation (Japanese Internment) Act 2001 Prisoners of War in Japan,217936,7,25000,25000,2023-24;2024-25;2025-26;2026-27;2027-28;2028-29;2029-30,budget,Social security and welfare / Assistance to veterans and dependants,related_breakdown,medium,portfolio_ownership,portfolio_default,mapped,
Veterans' Affairs,Papua New Guinea (Members of the Forces Benefits) Act 1957 PNG pensions,217937,7,28000,30000,2023-24;2024-25;2025-26;2026-27;2027-28;2028-29;2029-30,budget,Social security and welfare / Assistance to veterans and dependants,related_breakdown,medium,portfolio_ownership,portfolio_default,mapped,
Veterans' Affairs,Special Accounts: DSHIS,217938,6,63149000,86309000,2023-24;2024-25;2025-26;2026-27;2027-28;2028-29,budget,Social security and welfare / Assistance to veterans and dependants,related_breakdown,medium,portfolio_ownership,portfolio_default,mapped,
Veterans' Affairs,Ordinary annual services (Appropriation Bill (No. 1) and Supply Bill (No. 1)) Veterans' Children Education Scheme,217939,5,16865000,19878000,2024-25;2025-26;2026-27;2027-28;2028-29,budget,Social security and welfare / Assistance to veterans and dependants,related_breakdown,medium,portfolio_ownership,portfolio_default,mapped,
Veterans' Affairs,Other income support and compensation-related payments - MRCA,217941,7,22708000,62122000,2023-24;2024-25;2025-26;2026-27;2027-28;2028-29;2029-30,budget,Social security and welfare / Assistance to veterans and dependants,related_breakdown,medium,portfolio_ownership,portfolio_default,mapped,
Veterans' Affairs,"Special Appropriations: Safety, Rehabilitation and Compensation (Defence-related Claims) Act 1988 Permanent impairment",217942,6,160398000,689491000,2023-24;2024-25;2025-26;2026-27;2027-28;2028-29,budget,Social security and welfare / Assistance to veterans and dependants,related_breakdown,medium,portfolio_ownership,portfolio_default,mapped,
Veterans' Affairs,Benefits for eligible dependants,217943,7,36629000,168681000,2023-24;2024-25;2025-26;2026-27;2027-28;2028-29;2029-30,budget,Social security and welfare / Assistance to veterans and dependants,related_breakdown,medium,portfolio_ownership,portfolio_default,mapped,
Veterans' Affairs,Incapacity payments,217944,7,10000,170801000,2023-24;2024-25;2025-26;2026-27;2027-28;2028-29;2029-30,budget,Social security and welfare / Assistance to veterans and dependants,related_breakdown,medium,portfolio_ownership,portfolio_default,mapped,
Veterans' Affairs,Medical examinations,217945,7,43180000,69939000,2023-24;2024-25;2025-26;2026-27;2027-28;2028-29;2029-30,budget,Social security and welfare / Assistance to veterans and dependants,related_breakdown,medium,portfolio_ownership,portfolio_default,mapped,
Veterans' Affairs,Military Rehabilitation and Compensation Act 2004 Permanent impairment,217947,7,2642661000,5105493000,2023-24;2024-25;2025-26;2026-27;2027-28;2028-29;2029-30,budget,Social security and welfare / Assistance to veterans and dependants,related_breakdown,medium,portfolio_ownership,portfolio_default,mapped,
Veterans' Affairs,Income maintenance payments,217948,7,381022000,901067000,2023-24;2024-25;2025-26;2026-27;2027-28;2028-29;2029-30,budget,Social security and welfare / Assistance to veterans and dependants,related_breakdown,medium,portfolio_ownership,portfolio_default,mapped,
Veterans' Affairs,Other income support and compensation-related payments,217949,7,185000,11896000,2023-24;2024-25;2025-26;2026-27;2027-28;2028-29;2029-30,budget,Social security and welfare / Assistance to veterans and dependants,related_breakdown,medium,portfolio_ownership,portfolio_default,mapped,
Veterans' Affairs,Special Accounts: Military death claim compensation,217950,7,30000,100000,2023-24;2024-25;2025-26;2026-27;2027-28;2028-29;2029-30,budget,Social security and welfare / Assistance to veterans and dependants,related_breakdown,medium,portfolio_ownership,portfolio_default,mapped,
Veterans' Affairs,Program 2.2: Veterans' Hospital Services Administered Expenses Special Appropriations,217953,7,1050642000,1167120000,2023-24;2024-25;2025-26;2026-27;2027-28;2028-29;2029-30,budget,Social security and welfare / Assistance to veterans and dependants,related_breakdown,medium,portfolio_ownership,portfolio_default,mapped,
Veterans' Affairs,Program 2.3: Veterans' Pharmaceuticals Benefits Administered Expenses Special Appropriations,217954,7,354110000,380761000,2023-24;2024-25;2025-26;2026-27;2027-28;2028-29;2029-30,budget,Health / Medical services and benefits / Veterans' pharmaceutical benefits,related_breakdown,high,exact_label_with_portfolio_context,program_label_override,mapped,
Veterans' Affairs,Program 1.1: Australian War Memorial Revenue from Government Ordinary annual services (Appropriation Bill (No. 1) and Supply Bill (No. 1)),217960,5,41592000,50451000,2024-25;2025-26;2026-27;2027-28;2028-29,budget,Social security and welfare / Assistance to veterans and dependants,related_breakdown,medium,portfolio_ownership,portfolio_default,mapped,
Veterans' Affairs,Revenues from other independent sources,217962,7,8823000,14425000,2023-24;2024-25;2025-26;2026-27;2027-28;2028-29;2029-30,budget,Social security and welfare / Assistance to veterans and dependants,related_breakdown,medium,portfolio_ownership,portfolio_default,mapped,
Health Disability and Ageing,Medical Research Future Fund,217965,8,650000000,650000000,2024-25;2025-26;2026-27;2027-28;2028-29,budget;estimated_actual;forward_estimate,Health,related_breakdown,high,portfolio_ownership,portfolio_default,mapped,
Health Disability and Ageing,Special appropriations National Health Act 1953 - blood fractionation products and blood related products to National Blood Authority,217966,5,1168695000,1709627000,2025-26;2026-27;2027-28;2028-29,budget;estimated_actual;forward_estimate,Health,related_breakdown,high,portfolio_ownership,portfolio_default,mapped,
Health Disability and Ageing,Payments to corporate entities,217968,11,132268000,2390498000,2024-25;2025-26;2026-27;2027-28;2028-29;2029-30,budget;estimated_actual;forward_estimate,Health,related_breakdown,high,portfolio_ownership,portfolio_default,mapped,
Health Disability and Ageing,Program 1.2: Mental Health and Suicide Prevention (a) Administered expenses Ordinary annual services (b),217969,8,1414736000,1801431000,2025-26;2026-27;2027-28;2028-29;2029-30,budget;estimated_actual;forward_estimate,Health,related_breakdown,high,portfolio_ownership,portfolio_default,mapped,
Health Disability and Ageing,Program 1.3: First Nations Health (a) Administered expenses Ordinary annual services (b),217970,11,1208271000,1325040000,2024-25;2025-26;2026-27;2027-28;2028-29;2029-30,budget;estimated_actual;forward_estimate,Health,related_breakdown,high,portfolio_ownership,portfolio_default,mapped,
Health Disability and Ageing,Program 1.5: Preventive Health and Chronic Disease Support (a) Administered expenses Ordinary annual services (b),217972,11,540709000,959798000,2024-25;2025-26;2026-27;2027-28;2028-29;2029-30,budget;estimated_actual;forward_estimate,Health,related_breakdown,high,portfolio_ownership,portfolio_default,mapped,
Health Disability and Ageing,Program 1.6: Primary Health Care Quality and Coordination (a) Administered expenses Ordinary annual services (b),217973,11,511586000,1754624000,2024-25;2025-26;2026-27;2027-28;2028-29;2029-30,budget;estimated_actual;forward_estimate,Health,related_breakdown,high,portfolio_ownership,portfolio_default,mapped,
Health Disability and Ageing,Program 1.7: Primary Care Practice Incentives and Medical Indemnity Administered expenses Ordinary annual services (b),217974,11,472543000,531785000,2024-25;2025-26;2026-27;2027-28;2028-29;2029-30,budget;estimated_actual;forward_estimate,Health,related_breakdown,high,portfolio_ownership,portfolio_default,mapped,
Health Disability and Ageing,Program 1.9: Immunisation (a) Administered expenses Ordinary annual services (b),217979,11,29962000,34857000,2024-25;2025-26;2026-27;2027-28;2028-29;2029-30,budget;estimated_actual;forward_estimate,Health,related_breakdown,high,portfolio_ownership,portfolio_default,mapped,
Health Disability and Ageing,Special accounts,217984,11,13424000,16258000,2024-25;2025-26;2026-27;2027-28;2028-29;2029-30,budget;estimated_actual;forward_estimate,Health,related_breakdown,high,portfolio_ownership,portfolio_default,mapped,
Health Disability and Ageing,Special accounts AICIS (g),217987,11,20724000,25603000,2024-25;2025-26;2026-27;2027-28;2028-29;2029-30,budget;estimated_actual;forward_estimate,Health,related_breakdown,high,portfolio_ownership,portfolio_default,mapped,
Health Disability and Ageing,OGTR (h),217988,11,8009000,11233000,2024-25;2025-26;2026-27;2027-28;2028-29;2029-30,budget;estimated_actual;forward_estimate,Health,related_breakdown,high,portfolio_ownership,portfolio_default,mapped,
Health Disability and Ageing,Number of Allied Health professionals 26 MM1 – Metropolitan,217991,3,28078000,285757000,2026-27;2027-28;2028-29,forward_estimate,Health,related_breakdown,high,portfolio_ownership,portfolio_default,mapped,
Health Disability and Ageing,Special account Medicare Guarantee Fund - medical benefits,217993,11,29557569000,41296627000,2024-25;2025-26;2026-27;2027-28;2028-29;2029-30,budget;estimated_actual;forward_estimate,Health,related_breakdown,high,portfolio_ownership,portfolio_default,mapped,
Health Disability and Ageing,Program 2.2: Hearing Services Administered expenses Ordinary annual services (a),217995,11,616984000,745157000,2024-25;2025-26;2026-27;2027-28;2028-29;2029-30,budget;estimated_actual;forward_estimate,Health,related_breakdown,high,portfolio_ownership,portfolio_default,mapped,
Health Disability and Ageing,Program 2.3: Pharmaceutical Benefits Administered expenses Ordinary annual services (a),217996,11,958739000,1369823000,2024-25;2025-26;2026-27;2027-28;2028-29;2029-30,budget;estimated_actual;forward_estimate,Health,related_breakdown,high,portfolio_ownership,portfolio_default,mapped,
Health Disability and Ageing,Special account Medicare Guarantee Fund - pharmaceutical benefits,217997,11,17982588000,22888242000,2024-25;2025-26;2026-27;2027-28;2028-29;2029-30,budget;estimated_actual;forward_estimate,Health,related_breakdown,high,portfolio_ownership,portfolio_default,mapped,
Health Disability and Ageing,Program 2.4: Private Health Insurance Administered expenses Ordinary annual services (a),217999,11,6975000,16313000,2024-25;2025-26;2026-27;2027-28;2028-29;2029-30,budget;estimated_actual;forward_estimate,Health,related_breakdown,high,portfolio_ownership,portfolio_default,mapped,
Health Disability and Ageing,Special appropriations Private Health Insurance Act 2007 - incentive payments and rebate,218000,11,7045715000,7774748000,2024-25;2025-26;2026-27;2027-28;2028-29;2029-30,budget;estimated_actual;forward_estimate,Health,related_breakdown,high,portfolio_ownership,portfolio_default,mapped,
Health Disability and Ageing,Program 2.7: Assistance through Aids and Appliances Administered expenses Ordinary annual services (a),218003,11,2012000,52189000,2024-25;2025-26;2026-27;2027-28;2028-29;2029-30,budget;estimated_actual;forward_estimate,Health,related_breakdown,high,portfolio_ownership,portfolio_default,mapped,
Health Disability and Ageing,Special appropriations National Health Act 1953 - aids and appliances,218004,11,502749000,560615000,2024-25;2025-26;2026-27;2027-28;2028-29;2029-30,budget;estimated_actual;forward_estimate,Health,related_breakdown,high,portfolio_ownership,portfolio_default,mapped,
Health Disability and Ageing,Special appropriations,218006,11,7900421000,8610349000,2024-25;2025-26;2026-27;2027-28;2028-29;2029-30,budget;estimated_actual;forward_estimate,Health,related_breakdown,high,portfolio_ownership,portfolio_default,mapped,
Health Disability and Ageing,Special account,218007,11,47540157000,63875310000,2024-25;2025-26;2026-27;2027-28;2028-29;2029-30,budget;estimated_actual;forward_estimate,Health,related_breakdown,high,portfolio_ownership,portfolio_default,mapped,
Health Disability and Ageing,Operating deficit (surplus) (259) (372),218016,3,60000,231000,2026-27;2027-28;2028-29,forward_estimate,Health,related_breakdown,high,portfolio_ownership,portfolio_default,mapped,
Health Disability and Ageing,Amounts from related entities,218020,11,47000000,59000000,2024-25;2025-26;2026-27;2027-28;2028-29;2029-30,budget;estimated_actual;forward_estimate,Health,related_breakdown,high,portfolio_ownership,portfolio_default,mapped,
Health Disability and Ageing,Revenues from independent sources,218021,11,5600000,30097000,2024-25;2025-26;2026-27;2027-28;2028-29;2029-30,budget;estimated_actual;forward_estimate,Health,related_breakdown,high,portfolio_ownership,portfolio_default,mapped,
Health Disability and Ageing,Operating deficit (surplus),218022,8,93000,1000000,2024-25;2025-26;2026-27;2027-28;2028-29,budget;estimated_actual;forward_estimate,Health,related_breakdown,high,portfolio_ownership,portfolio_default,mapped,
Health Disability and Ageing,Income from other sources,218035,9,2200000,3750000,2024-25;2025-26;2026-27;2027-28;2028-29;2029-30,budget;estimated_actual;forward_estimate,Health,related_breakdown,high,portfolio_ownership,portfolio_default,mapped,
Prime Minister and Cabinet,Ordinary annual services (Appropriation Act No.1 and Bill No.3),218053,5,153949000,184564000,2024-25;2025-26;2026-27;2027-28,budget;estimated_actual;forward_estimate,General public services,related_breakdown,medium,portfolio_ownership,portfolio_default,mapped,
Prime Minister and Cabinet,Program 1.1: Prime Minister and Cabinet continued Departmental expenses Departmental appropriation (c),218055,5,218142000,292100000,2024-25;2025-26;2026-27;2027-28,budget;estimated_actual;forward_estimate,General public services,related_breakdown,medium,portfolio_ownership,portfolio_default,mapped,
Prime Minister and Cabinet,Gains Other -,218067,4,697000,776000,2024-25;2025-26;2026-27;2027-28,budget;forward_estimate,General public services,related_breakdown,medium,portfolio_ownership,portfolio_default,mapped,
Prime Minister and Cabinet,Special appropriations Aboriginal Land Rights (Northern Territory (Act) 1976 - Ranger Agreement,218079,5,1153000,1269000,2024-25;2025-26;2026-27;2027-28,budget;estimated_actual;forward_estimate,General public services,related_breakdown,medium,portfolio_ownership,portfolio_default,mapped,
Prime Minister and Cabinet,Indigenous Land and Sea Corporation Funding Special Account (a),218080,11,62251000,74497000,2024-25;2025-26;2026-27;2027-28;2028-29;2029-30,budget;estimated_actual;forward_estimate,General public services,related_breakdown,medium,portfolio_ownership,portfolio_default,mapped,
Prime Minister and Cabinet,"Other services (Appropriation Bill No. 2) (c) 3,635 3,744 - - - Total annual administered expenses",218081,5,264923000,306179000,2024-25;2025-26;2026-27;2027-28,budget;estimated_actual;forward_estimate,General public services,related_breakdown,medium,portfolio_ownership,portfolio_default,mapped,
Prime Minister and Cabinet,Program 1.5: Remote Australia Strategies Administered expenses Ordinary annual services (Appropriation Bill No. 1) (d),218084,5,46758000,75809000,2024-25;2025-26;2026-27;2027-28,budget;estimated_actual;forward_estimate,General public services,related_breakdown,medium,portfolio_ownership,portfolio_default,mapped,
Prime Minister and Cabinet,Special accounts Indigenous Remote Service Delivery Special Account,218085,5,4976000,21459000,2024-25;2025-26;2026-27;2027-28,budget;estimated_actual;forward_estimate,General public services,related_breakdown,medium,portfolio_ownership,portfolio_default,mapped,
Prime Minister and Cabinet,Program 1.7: Program Support Departmental expenses Departmental appropriation (e),218087,5,284057000,346124000,2024-25;2025-26;2026-27;2027-28,budget;estimated_actual;forward_estimate,General public services,related_breakdown,medium,portfolio_ownership,portfolio_default,mapped,
Prime Minister and Cabinet,"Other services (Appropriation Bill No. 2) (c) 3,635 3,744 - - - Special appropriations",218089,5,79635000,91965000,2024-25;2025-26;2026-27;2027-28,budget;estimated_actual;forward_estimate,General public services,related_breakdown,medium,portfolio_ownership,portfolio_default,mapped,
Prime Minister and Cabinet,Program 1.2: Coordination and E valuation Administered expenses Ordinary annual services (Appropriation Bill No. 1),218093,5,7912000,11204000,2024-25;2025-26;2026-27;2027-28,budget;estimated_actual;forward_estimate,General public services,related_breakdown,medium,portfolio_ownership,portfolio_default,mapped,
Health Disability and Ageing,"Expenses not requiring appropriation in the Budget year(c) 523 1,047 1,047 697 - Operating deficit (surplus) Total for Program",218123,6,1100,242796000,2025-26;2026-27;2027-28;2028-29;2029-30,actual;budget;estimated_actual;forward_estimate,Health,related_breakdown,high,portfolio_ownership,portfolio_default,mapped,
Employment and Workplace Relations,Program 1.1: Employment Services Administered expenses Ordinary annual services (Appropriation Bill No. 1) Workforce Australia,218148,5,1359117000,1484033000,2024-25;2025-26;2026-27;2027-28,budget;estimated_actual;forward_estimate,Social security and welfare / Assistance to the unemployed and the sick,related_breakdown,medium,portfolio_ownership,portfolio_default,mapped,
Employment and Workplace Relations,First Nations Prison to Employment Program (d) -,218150,4,30000,22136000,2024-25;2025-26;2026-27;2027-28,budget;forward_estimate,Social security and welfare / Assistance to the unemployed and the sick,related_breakdown,medium,portfolio_ownership,portfolio_default,mapped,
Employment and Workplace Relations,Supporting Worker Transition Through Energy System Changes -,218151,4,13217000,30648000,2024-25;2025-26;2026-27;2027-28,budget;forward_estimate,Social security and welfare / Assistance to the unemployed and the sick,related_breakdown,medium,portfolio_ownership,portfolio_default,mapped,
Employment and Workplace Relations,Special accounts (e) Unique Student Identifiers Special Account,218156,5,2530000,5201000,2024-25;2025-26;2026-27;2027-28,budget;estimated_actual;forward_estimate,Social security and welfare / Assistance to the unemployed and the sick,related_breakdown,medium,portfolio_ownership,portfolio_default,mapped,
Agriculture Fisheries and Forestry,"Special appropriations Primary Industries Research and Development Act 1989, s. 30A(3) & s. 30B(9) – Fisheries R&D Corporation",218167,5,27913000,30757000,2023-24;2024-25;2025-26;2026-27;2027-28,budget,"Agriculture, forestry and fishing",related_breakdown,high,portfolio_ownership,portfolio_default,mapped,
Agriculture Fisheries and Forestry,"Special appropriation Horticulture Marketing and Research and Development Services Act 2000, s. 16(9) – payments to industry services body",218168,5,123172000,131331000,2023-24;2024-25;2025-26;2026-27;2027-28,budget,"Agriculture, forestry and fishing",related_breakdown,high,portfolio_ownership,portfolio_default,mapped,
Agriculture Fisheries and Forestry,"Administered expenses Special appropriation Wool Services Privatisation Act 2000, s. 31(4) – funding contract with research body",218169,5,68000000,95000000,2023-24;2024-25;2025-26;2026-27;2027-28,budget,"Agriculture, forestry and fishing",related_breakdown,high,portfolio_ownership,portfolio_default,mapped,
Agriculture Fisheries and Forestry,"Special appropriations Primary Industries Research and Development Act 1989, s. 30(3) – Grains R&D Corporation – Other Grains",218170,5,104190000,154539000,2023-24;2024-25;2025-26;2026-27;2027-28,budget,"Agriculture, forestry and fishing",related_breakdown,high,portfolio_ownership,portfolio_default,mapped,
Agriculture Fisheries and Forestry,"Primary Industries Research and Development Act 1989, s. 30(3) – Grains R&D Corporation – Wheat",218171,5,111109000,169058000,2023-24;2024-25;2025-26;2026-27;2027-28,budget,"Agriculture, forestry and fishing",related_breakdown,high,portfolio_ownership,portfolio_default,mapped,
Agriculture Fisheries and Forestry,"Administered expenses Special appropriation Dairy Produce Act 1986, s. 6(1) – payments under funding contract",218172,5,54651000,57650000,2023-24;2024-25;2025-26;2026-27;2027-28,budget,"Agriculture, forestry and fishing",related_breakdown,high,portfolio_ownership,portfolio_default,mapped,
Agriculture Fisheries and Forestry,"Australian Meat and Live-stock Industry Act 1997, s. 64(2) – payments to research body",218174,5,28633000,30714000,2023-24;2024-25;2025-26;2026-27;2027-28,budget,"Agriculture, forestry and fishing",related_breakdown,high,portfolio_ownership,portfolio_default,mapped,
Agriculture Fisheries and Forestry,"Australian Meat and Live-stock Industry Act 1997, s. 64A(2) – payments to marketing body",218175,5,2527000,3150000,2023-24;2024-25;2025-26;2026-27;2027-28,budget,"Agriculture, forestry and fishing",related_breakdown,high,portfolio_ownership,portfolio_default,mapped,
Agriculture Fisheries and Forestry,"Australian Meat and Live-stock Industry Act 1997, s. 64B(2) – payments to research body",218176,5,506000,630000,2023-24;2024-25;2025-26;2026-27;2027-28,budget,"Agriculture, forestry and fishing",related_breakdown,high,portfolio_ownership,portfolio_default,mapped,
Agriculture Fisheries and Forestry,"Australian Meat and Live-stock Industry Act 1997, s. 64C(2) – payments to marketing body",218177,5,8007000,8472000,2023-24;2024-25;2025-26;2026-27;2027-28,budget,"Agriculture, forestry and fishing",related_breakdown,high,portfolio_ownership,portfolio_default,mapped,
Agriculture Fisheries and Forestry,"Australian Meat and Live-stock Industry Act 1997, s. 64D(2) – payments to research body",218178,5,12011000,12708000,2023-24;2024-25;2025-26;2026-27;2027-28,budget,"Agriculture, forestry and fishing",related_breakdown,high,portfolio_ownership,portfolio_default,mapped,
Agriculture Fisheries and Forestry,"Australian Meat and Live-stock Industry Act 1997, s. 66(1) – Commonwealth contribution to research body",218179,5,93137000,118206000,2023-24;2024-25;2025-26;2026-27;2027-28,budget,"Agriculture, forestry and fishing",related_breakdown,high,portfolio_ownership,portfolio_default,mapped,
Agriculture Fisheries and Forestry,"Pig Industry Act 2001, s. 10(1) – payments under funding contract",218180,5,23750000,24225000,2023-24;2024-25;2025-26;2026-27;2027-28,budget,"Agriculture, forestry and fishing",related_breakdown,high,portfolio_ownership,portfolio_default,mapped,
Agriculture Fisheries and Forestry,Payments to corporate entities (Draw-down)(b) Australian Pesticides and Veterinary Medicines Authority,218184,5,1779000,5905000,2023-24;2024-25;2025-26;2026-27;2027-28,budget,"Agriculture, forestry and fishing",related_breakdown,high,portfolio_ownership,portfolio_default,mapped,
Agriculture Fisheries and Forestry,"Egg Industry Service Provision Act 2002, s. 8(1) – payments under funding contract",218185,5,11905000,13090000,2023-24;2024-25;2025-26;2026-27;2027-28,budget,"Agriculture, forestry and fishing",related_breakdown,high,portfolio_ownership,portfolio_default,mapped,
Agriculture Fisheries and Forestry,"Primary Industries Research and Development Act 1989, s. 30(3) – Cotton R&D Corporation",218186,5,14254000,22601000,2023-24;2024-25;2025-26;2026-27;2027-28,budget,"Agriculture, forestry and fishing",related_breakdown,high,portfolio_ownership,portfolio_default,mapped,
Agriculture Fisheries and Forestry,"Primary Industries Research and Development Act 1989 , s. 30(3) – Rural Industries R&D Corporation",218187,5,33015000,33515000,2023-24;2024-25;2025-26;2026-27;2027-28,budget,"Agriculture, forestry and fishing",related_breakdown,high,portfolio_ownership,portfolio_default,mapped,
Agriculture Fisheries and Forestry,"Sugar Research and Development Services Act 2013, s. 7 – payment to industry services body",218188,5,29500000,30000000,2023-24;2024-25;2025-26;2026-27;2027-28,budget,"Agriculture, forestry and fishing",related_breakdown,high,portfolio_ownership,portfolio_default,mapped,
Agriculture Fisheries and Forestry,"Wine Australia Act 2013, s. 32 – payments to the Authority",218189,5,22714000,26823000,2023-24;2024-25;2025-26;2026-27;2027-28,budget,"Agriculture, forestry and fishing",related_breakdown,high,portfolio_ownership,portfolio_default,mapped,
Agriculture Fisheries and Forestry,Payments to corporate entities (Draw-down)(b) Regional Investment Corporation,218191,5,12450000,16135000,2023-24;2024-25;2025-26;2026-27;2027-28,budget,"Agriculture, forestry and fishing",related_breakdown,high,portfolio_ownership,portfolio_default,mapped,
Agriculture Fisheries and Forestry,Regional Investment Corporation – Agristarter Loans,218192,5,305000,318000,2023-24;2024-25;2025-26;2026-27;2027-28,budget,"Agriculture, forestry and fishing",related_breakdown,high,portfolio_ownership,portfolio_default,mapped,
Agriculture Fisheries and Forestry,"Special appropriations Farm Household Support Act 2014, s. 105 – payments for Farm Household Allowance",218195,5,60049000,128191000,2023-24;2024-25;2025-26;2026-27;2027-28,budget,"Agriculture, forestry and fishing",related_breakdown,high,portfolio_ownership,portfolio_default,mapped,
Agriculture Fisheries and Forestry,International Agricultural Cooperation - - - 250 255 International Organisations Contributions,218198,5,2113000,2315000,2023-24;2024-25;2025-26;2026-27;2027-28,budget,"Agriculture, forestry and fishing",related_breakdown,high,portfolio_ownership,portfolio_default,mapped,
Agriculture Fisheries and Forestry,"Special appropriations Primary Industries Research and Development Act 1989 , s. 30(3) – Rural Industries R&D Corporation",218205,5,26500000,28000000,2023-24;2024-25;2025-26;2026-27;2027-28,budget,"Agriculture, forestry and fishing",related_breakdown,high,portfolio_ownership,portfolio_default,mapped,
Attorney-General's,Program 1.4: Justice Services Administered expenses Ordinary annual services (Appropriation Bill No. 1) Community Legal Services Programme,218227,8,9887000,19041000,2024-25;2025-26;2026-27;2027-28;2028-29,budget;estimated_actual;forward_estimate,,,low,portfolio_ownership,portfolio_default,ambiguous,"Portfolio spans courts and legal services, emergency management, human rights, and integrity/security functions with no single dominant Statement 6 function and no program-level evidence established in this pass to split them reliably.
"
Attorney-General's,Expensive Commonwealth Criminal Cases Fund,218228,11,6061000,13628000,2024-25;2025-26;2026-27;2027-28;2028-29;2029-30,budget;estimated_actual;forward_estimate,,,low,portfolio_ownership,portfolio_default,ambiguous,"Portfolio spans courts and legal services, emergency management, human rights, and integrity/security functions with no single dominant Statement 6 function and no program-level evidence established in this pass to split them reliably.
"
Attorney-General's,Family Court of Western Australia,218229,11,17794000,20194000,2024-25;2025-26;2026-27;2027-28;2028-29;2029-30,budget;estimated_actual;forward_estimate,,,low,portfolio_ownership,portfolio_default,ambiguous,"Portfolio spans courts and legal services, emergency management, human rights, and integrity/security functions with no single dominant Statement 6 function and no program-level evidence established in this pass to split them reliably.
"
Attorney-General's,Native Title System,218233,11,371000,417000,2024-25;2025-26;2026-27;2027-28;2028-29;2029-30,budget;estimated_actual;forward_estimate,,,low,portfolio_ownership,portfolio_default,ambiguous,"Portfolio spans courts and legal services, emergency management, human rights, and integrity/security functions with no single dominant Statement 6 function and no program-level evidence established in this pass to split them reliably.
"
Attorney-General's,Payments for membership to international bodies,218235,11,355000,422000,2024-25;2025-26;2026-27;2027-28;2028-29;2029-30,budget;estimated_actual;forward_estimate,,,low,portfolio_ownership,portfolio_default,ambiguous,"Portfolio spans courts and legal services, emergency management, human rights, and integrity/security functions with no single dominant Statement 6 function and no program-level evidence established in this pass to split them reliably.
"
Attorney-General's,World Intellectual Property Organisation Contributions,218239,8,310000,319000,2024-25;2025-26;2026-27;2027-28;2028-29,budget;estimated_actual;forward_estimate,,,low,portfolio_ownership,portfolio_default,ambiguous,"Portfolio spans courts and legal services, emergency management, human rights, and integrity/security functions with no single dominant Statement 6 function and no program-level evidence established in this pass to split them reliably.
"
Attorney-General's,"Public Governance, Performance and Accountability Act 2013 s77",218241,11,20000,20000,2024-25;2025-26;2026-27;2027-28;2028-29;2029-30,budget;estimated_actual;forward_estimate,,,low,portfolio_ownership,portfolio_default,ambiguous,"Portfolio spans courts and legal services, emergency management, human rights, and integrity/security functions with no single dominant Statement 6 function and no program-level evidence established in this pass to split them reliably.
"
Attorney-General's,Payments to corporate entities Australian Human Rights Commission,218243,11,27941000,32129000,2024-25;2025-26;2026-27;2027-28;2028-29;2029-30,budget;estimated_actual;forward_estimate,,,low,portfolio_ownership,portfolio_default,ambiguous,"Portfolio spans courts and legal services, emergency management, human rights, and integrity/security functions with no single dominant Statement 6 function and no program-level evidence established in this pass to split them reliably.
"
Attorney-General's,Program 1.5: Family Relationships Administered expenses Ordinary annual services (Appropriation Bill No. 1),218244,11,266789000,291852000,2024-25;2025-26;2026-27;2027-28;2028-29;2029-30,budget;estimated_actual;forward_estimate,,,low,portfolio_ownership,portfolio_default,ambiguous,"Portfolio spans courts and legal services, emergency management, human rights, and integrity/security functions with no single dominant Statement 6 function and no program-level evidence established in this pass to split them reliably.
"
Attorney-General's,Program 1.6: Criminal Justice Administered expenses Ordinary annual services (Appropriation Bill No. 1) Justice Reinvestment,218245,5,20000000,27608000,2024-25;2025-26;2026-27;2027-28,budget;estimated_actual;forward_estimate,,,low,portfolio_ownership,portfolio_default,ambiguous,"Portfolio spans courts and legal services, emergency management, human rights, and integrity/security functions with no single dominant Statement 6 function and no program-level evidence established in this pass to split them reliably.
"
Attorney-General's,Payments for Membership to international bodies,218247,8,124000,141000,2024-25;2025-26;2026-27;2027-28;2028-29,budget;estimated_actual;forward_estimate,,,low,portfolio_ownership,portfolio_default,ambiguous,"Portfolio spans courts and legal services, emergency management, human rights, and integrity/security functions with no single dominant Statement 6 function and no program-level evidence established in this pass to split them reliably.
"
Attorney-General's,Special appropriations,218250,11,330000,980000,2024-25;2025-26;2026-27;2027-28;2028-29;2029-30,budget;estimated_actual;forward_estimate,,,low,portfolio_ownership,portfolio_default,ambiguous,"Portfolio spans courts and legal services, emergency management, human rights, and integrity/security functions with no single dominant Statement 6 function and no program-level evidence established in this pass to split them reliably.
"
Attorney-General's,Special accounts,218251,11,1039000,79542000,2024-25;2025-26;2026-27;2027-28;2028-29;2029-30,budget;estimated_actual;forward_estimate,,,low,portfolio_ownership,portfolio_default,ambiguous,"Portfolio spans courts and legal services, emergency management, human rights, and integrity/security functions with no single dominant Statement 6 function and no program-level evidence established in this pass to split them reliably.
"
Attorney-General's,Payments to corporate entities,218252,11,27941000,32129000,2024-25;2025-26;2026-27;2027-28;2028-29;2029-30,budget;estimated_actual;forward_estimate,,,low,portfolio_ownership,portfolio_default,ambiguous,"Portfolio spans courts and legal services, emergency management, human rights, and integrity/security functions with no single dominant Statement 6 function and no program-level evidence established in this pass to split them reliably.
"
Attorney-General's,Special accounts National Policing Information Systems and Services Special Account,218263,5,169167000,172475000,2025-26;2026-27;2027-28;2028-29,budget;estimated_actual;forward_estimate,,,low,portfolio_ownership,portfolio_default,ambiguous,"Portfolio spans courts and legal services, emergency management, human rights, and integrity/security functions with no single dominant Statement 6 function and no program-level evidence established in this pass to split them reliably.
"
Attorney-General's,Special accounts Services for other entities and trust monies,218267,5,12940000,14460000,2025-26;2026-27;2027-28;2028-29,budget;estimated_actual;forward_estimate,,,low,portfolio_ownership,portfolio_default,ambiguous,"Portfolio spans courts and legal services, emergency management, human rights, and integrity/security functions with no single dominant Statement 6 function and no program-level evidence established in this pass to split them reliably.
"
Attorney-General's,Common Investment Fund Equalisation Account,218272,5,324000,324000,2025-26;2026-27;2027-28;2028-29,budget;estimated_actual;forward_estimate,,,low,portfolio_ownership,portfolio_default,ambiguous,"Portfolio spans courts and legal services, emergency management, human rights, and integrity/security functions with no single dominant Statement 6 function and no program-level evidence established in this pass to split them reliably.
"
Attorney-General's,Payment from related entities,218278,8,1403000,17293000,2025-26;2026-27;2027-28;2028-29;2029-30,budget;estimated_actual;forward_estimate,,,low,portfolio_ownership,portfolio_default,ambiguous,"Portfolio spans courts and legal services, emergency management, human rights, and integrity/security functions with no single dominant Statement 6 function and no program-level evidence established in this pass to split them reliably.
"
Attorney-General's,Special accounts Criminology Research Special Account,218281,5,593000,2209000,2025-26;2026-27;2027-28;2028-29,budget;estimated_actual;forward_estimate,,,low,portfolio_ownership,portfolio_default,ambiguous,"Portfolio spans courts and legal services, emergency management, human rights, and integrity/security functions with no single dominant Statement 6 function and no program-level evidence established in this pass to split them reliably.
"
Attorney-General's,1.1.2 - Component 2: National Native Title Tribunal Annual departmental expenses: Departmental appropriation,218288,8,10098000,11365000,2025-26;2026-27;2027-28;2028-29;2029-30,budget;estimated_actual;forward_estimate,,,low,portfolio_ownership,portfolio_default,ambiguous,"Portfolio spans courts and legal services, emergency management, human rights, and integrity/security functions with no single dominant Statement 6 function and no program-level evidence established in this pass to split them reliably.
"
Attorney-General's,Revenues from other independent sources,218293,8,560000,625000,2025-26;2026-27;2027-28;2028-29;2029-30,budget;estimated_actual;forward_estimate,,,low,portfolio_ownership,portfolio_default,ambiguous,"Portfolio spans courts and legal services, emergency management, human rights, and integrity/security functions with no single dominant Statement 6 function and no program-level evidence established in this pass to split them reliably.
"
Industry Science and Resources,Program 1.2: Investing in science and technology Administered expenses Ordinary annual services (Appropriation Bill (No. 1) and Supply Bill (No. 1)),218305,5,286771000,467405000,2024-25;2025-26;2026-27;2027-28;2028-29,budget,Other economic affairs,related_breakdown,medium,portfolio_ownership,portfolio_default,mapped,
Industry Science and Resources,Maralinga Site Remediation (b) nfp nfp nfp nfp - Petroleum Royalties Administration,218325,5,40000,40000,2024-25;2025-26;2026-27;2027-28;2028-29,budget,Other economic affairs,related_breakdown,medium,portfolio_ownership,portfolio_default,mapped,
Industry Science and Resources,Radioactive Waste Management,218326,6,43000,22961000,2023-24;2024-25;2025-26;2026-27;2027-28;2028-29,budget,Other economic affairs,related_breakdown,medium,portfolio_ownership,portfolio_default,mapped,
Industry Science and Resources,Offshore Infrastructure Registrar (c),218328,5,4194000,4642000,2024-25;2025-26;2026-27;2027-28;2028-29,budget,Other economic affairs,related_breakdown,medium,portfolio_ownership,portfolio_default,mapped,
Industry Science and Resources,Offshore Infrastructure Registrar (c)(e),218330,5,133000,133000,2024-25;2025-26;2026-27;2027-28;2028-29,budget,Other economic affairs,related_breakdown,medium,portfolio_ownership,portfolio_default,mapped,
Industry Science and Resources,Ranger Rehabilitation (f),218331,5,39294000,83737000,2024-25;2025-26;2026-27;2027-28;2028-29,budget,Other economic affairs,related_breakdown,medium,portfolio_ownership,portfolio_default,mapped,
Industry Science and Resources,Program 1: Science and Technology Solutions Revenue from Government Ordinary annual services (Appropriation Bill No. 1 and Supply Bill No. 1),218332,5,305393000,378199000,2024-25;2025-26;2026-27;2027-28;2028-29,budget,Other economic affairs,related_breakdown,medium,portfolio_ownership,portfolio_default,mapped,
Industry Science and Resources,"Expenses not requiring appropriation in the budget year (a) (14,311)",218338,4,1800000,5386000,2025-26;2026-27;2027-28;2028-29,budget,Other economic affairs,related_breakdown,medium,portfolio_ownership,portfolio_default,mapped,
Industry Science and Resources,"Expenses not requiring appropriation in the budget year (a) (15,357)",218342,4,1090000,5453000,2025-26;2026-27;2027-28;2028-29,budget,Other economic affairs,related_breakdown,medium,portfolio_ownership,portfolio_default,mapped,
Veterans' Affairs,Not requiring an appropriation,218357,9,2438000,28415000,2025-26;2026-27;2027-28;2028-29;2029-30,budget;estimated_actual;forward_estimate,Social security and welfare / Assistance to veterans and dependants,related_breakdown,medium,portfolio_ownership,portfolio_default,mapped,
Veterans' Affairs,Special Accounts: Defence Services Home Insurance Scheme (DSHIS),218364,5,62496000,74946000,2025-26;2026-27;2027-28;2028-29;2029-30,budget,Social security and welfare / Assistance to veterans and dependants,related_breakdown,medium,portfolio_ownership,portfolio_default,mapped,
Veterans' Affairs,Ordinary annual services (Appropriation Bill No. 1) Other income support and compensation-related payments - DRCA,218366,5,947000,1761000,2025-26;2026-27;2027-28;2028-29;2029-30,budget,Social security and welfare / Assistance to veterans and dependants,related_breakdown,medium,portfolio_ownership,portfolio_default,mapped,
Infrastructure Transport Regional Development Communications Sport and the Arts,Other services (Appropriation Bill No. 2),218381,5,485306000,999516000,2024-25;2025-26;2026-27;2027-28,budget;estimated_actual;forward_estimate,,,low,portfolio_ownership,portfolio_default,ambiguous,"Portfolio name itself spans at least three distinct Statement 6 functions (Transport and communication; Recreation and culture for sport/arts; Housing and community amenities for regional development) with no single dominant destination and no program-level evidence established in this pass to split them reliably.
"
Infrastructure Transport Regional Development Communications Sport and the Arts,Program 2.2: Road Safety Administered expenses Ordinary annual services (Appropriation Bill No. 1),218389,5,3040000,29370000,2024-25;2025-26;2026-27;2027-28,budget;estimated_actual;forward_estimate,,,low,portfolio_ownership,portfolio_default,ambiguous,"Portfolio name itself spans at least three distinct Statement 6 functions (Transport and communication; Recreation and culture for sport/arts; Housing and community amenities for regional development) with no single dominant destination and no program-level evidence established in this pass to split them reliably.
"
Infrastructure Transport Regional Development Communications Sport and the Arts,Program 2.3: Air Transport Administered expenses Ordinary annual services (Appropriation Bill No. 1),218390,5,27026000,182987000,2024-25;2025-26;2026-27;2027-28,budget;estimated_actual;forward_estimate,,,low,portfolio_ownership,portfolio_default,ambiguous,"Portfolio name itself spans at least three distinct Statement 6 functions (Transport and communication; Recreation and culture for sport/arts; Housing and community amenities for regional development) with no single dominant destination and no program-level evidence established in this pass to split them reliably.
"
Infrastructure Transport Regional Development Communications Sport and the Arts,Special Appropriations Aviation Fuel Revenues (Special Appropriation) Act 1988(b),218391,8,122800000,141200000,2024-25;2025-26;2026-27;2027-28;2028-29,budget;estimated_actual;forward_estimate,,,low,portfolio_ownership,portfolio_default,ambiguous,"Portfolio name itself spans at least three distinct Statement 6 functions (Transport and communication; Recreation and culture for sport/arts; Housing and community amenities for regional development) with no single dominant destination and no program-level evidence established in this pass to split them reliably.
"
Infrastructure Transport Regional Development Communications Sport and the Arts,Program 1.2: ABC Transmission and Distribution Services Revenue from Government Ordinary annual services (Appropriation Bill No. 1),218398,5,196309000,222460000,2024-25;2025-26;2026-27;2027-28,budget;estimated_actual;forward_estimate,,,low,portfolio_ownership,portfolio_default,ambiguous,"Portfolio name itself spans at least three distinct Statement 6 functions (Transport and communication; Recreation and culture for sport/arts; Housing and community amenities for regional development) with no single dominant destination and no program-level evidence established in this pass to split them reliably.
"
Infrastructure Transport Regional Development Communications Sport and the Arts,"Expenses not requiring appropriation in the budget year(a) (25,151)",218417,4,14709000,29564000,2024-25;2025-26;2026-27;2027-28,budget;forward_estimate,,,low,portfolio_ownership,portfolio_default,ambiguous,"Portfolio name itself spans at least three distinct Statement 6 functions (Transport and communication; Recreation and culture for sport/arts; Housing and community amenities for regional development) with no single dominant destination and no program-level evidence established in this pass to split them reliably.
"
Infrastructure Transport Regional Development Communications Sport and the Arts,Revenues from industry sources,218418,5,13500000,13500000,2024-25;2025-26;2026-27;2027-28,budget;estimated_actual;forward_estimate,,,low,portfolio_ownership,portfolio_default,ambiguous,"Portfolio name itself spans at least three distinct Statement 6 functions (Transport and communication; Recreation and culture for sport/arts; Housing and community amenities for regional development) with no single dominant destination and no program-level evidence established in this pass to split them reliably.
"
Infrastructure Transport Regional Development Communications Sport and the Arts,"Expenses not requiring appropriation in the budget year (25,151)",218419,4,14709000,29564000,2024-25;2025-26;2026-27;2027-28,budget;forward_estimate,,,low,portfolio_ownership,portfolio_default,ambiguous,"Portfolio name itself spans at least three distinct Statement 6 functions (Transport and communication; Recreation and culture for sport/arts; Housing and community amenities for regional development) with no single dominant destination and no program-level evidence established in this pass to split them reliably.
"
Infrastructure Transport Regional Development Communications Sport and the Arts,"Expenses not requiring appropriation in the budget year(a) 3,175 (741)",218429,3,7512000,8622000,2024-25;2025-26;2026-27,budget,,,low,portfolio_ownership,portfolio_default,ambiguous,"Portfolio name itself spans at least three distinct Statement 6 functions (Transport and communication; Recreation and culture for sport/arts; Housing and community amenities for regional development) with no single dominant destination and no program-level evidence established in this pass to split them reliably.
"
Home Affairs,"Program 1.3: Australian Government Resilience, Preparedness and Disaster Risk Reduction Support Administered expenses Ordinary annual services (Appropriation Bi",218467,5,11543000,59552000,2023-24;2024-25;2025-26;2026-27;2027-28,budget,Public order and safety,related_breakdown,high,portfolio_ownership,portfolio_default,mapped,
Home Affairs,"Expenses not requiring appropriation in the Budget year (a) 6,005 15,000 – – – Administered total",218468,5,11543000,65557000,2023-24;2024-25;2025-26;2026-27;2027-28,budget,Public order and safety,related_breakdown,high,portfolio_ownership,portfolio_default,mapped,
Treasury,"Administered expenses Ordinary annual services (Appropriation Bill (No. 1) and Supply Bill (No. 1)) 3,766 - - - - Special accounts Medicare Guarantee Fund Speci",218471,5,56032323000,63875310000,2025-26;2026-27;2027-28;2028-29;2029-30,budget,General public services,related_breakdown,medium,portfolio_ownership,portfolio_default,mapped,
Treasury,ABCB Special Account,218473,5,8747000,10732000,2025-26;2026-27;2027-28;2028-29;2029-30,budget,General public services,related_breakdown,medium,portfolio_ownership,portfolio_default,mapped,
Treasury,"Program 1.1: Personal Insolvency and Trustees Services Administered expenses Special appropriations Public Governance, Performance and Accountability Act 2013 s",218475,5,1500000,1500000,2025-26;2026-27;2027-28;2028-29;2029-30,budget,General public services,related_breakdown,medium,portfolio_ownership,portfolio_default,mapped,
Treasury,Common Investment Fund Equalisation Account,218478,5,324000,324000,2025-26;2026-27;2027-28;2028-29;2029-30,budget,General public services,related_breakdown,medium,portfolio_ownership,portfolio_default,mapped,
Treasury,Ordinary annual services (Appropriation Bill No. 1),218484,7,4554000,7012000,2023-24;2024-25;2025-26;2026-27;2027-28;2028-29;2029-30,budget,General public services,related_breakdown,medium,portfolio_ownership,portfolio_default,mapped,
Treasury,Special appropriations Section 77 of the PGPA Act - Corporations Unclaimed Money,218489,5,77324000,99077000,2025-26;2026-27;2027-28;2028-29;2029-30,budget,General public services,related_breakdown,medium,portfolio_ownership,portfolio_default,mapped,
Treasury,Banking Act 1959 - Banking Unclaimed Money,218490,5,137144000,157243000,2025-26;2026-27;2027-28;2028-29;2029-30,budget,General public services,related_breakdown,medium,portfolio_ownership,portfolio_default,mapped,
Treasury,Life Insurance Act 1995 - Life Unclaimed Money,218491,5,23886000,33077000,2025-26;2026-27;2027-28;2028-29;2029-30,budget,General public services,related_breakdown,medium,portfolio_ownership,portfolio_default,mapped,
Treasury,Special appropriations Taxation Administration Act 1953 - section 16 (Non-refund items) - -,218509,3,300000000,1000000000,2026-27;2027-28;2028-29,budget,General public services,related_breakdown,medium,portfolio_ownership,portfolio_default,mapped,
Treasury,Revenues from other independent sources,218515,7,3698000,9159000,2023-24;2024-25;2025-26;2026-27;2027-28;2028-29;2029-30,budget,General public services,related_breakdown,medium,portfolio_ownership,portfolio_default,mapped,
Treasury,Special appropriations Corporations Act 2001 -,218518,4,9172000,265006000,2024-25;2025-26;2026-27;2027-28,budget,General public services,related_breakdown,medium,portfolio_ownership,portfolio_default,mapped,
Treasury,Special accounts Medicare Guarantee Fund Special Account,218519,5,47540157000,55915393000,2023-24;2024-25;2025-26;2026-27;2027-28,budget,General public services,related_breakdown,medium,portfolio_ownership,portfolio_default,mapped,
Treasury,Housing Australia Future Fund Payments Special Account -,218520,4,5100000,43500000,2024-25;2025-26;2026-27;2027-28,budget,General public services,related_breakdown,medium,portfolio_ownership,portfolio_default,mapped,
Treasury,Housing Australia Special Account -,218521,4,36800000,394400000,2024-25;2025-26;2026-27;2027-28,budget,General public services,related_breakdown,medium,portfolio_ownership,portfolio_default,mapped,
Treasury,Payment to corporate entities Housing Australia -,218522,4,4798000,5428000,2024-25;2025-26;2026-27;2027-28,budget,General public services,related_breakdown,medium,portfolio_ownership,portfolio_default,mapped,
Treasury,Program 1.3: Support for Markets and Business Administered expenses Ordinary annual services (Appropriation Bill No.1),218525,5,7941000,27587000,2023-24;2024-25;2025-26;2026-27;2027-28,budget,General public services,related_breakdown,medium,portfolio_ownership,portfolio_default,mapped,
Treasury,Special accounts COAG Reform Fund,218526,5,14251448000,22985207000,2023-24;2024-25;2025-26;2026-27;2027-28,budget,General public services,related_breakdown,medium,portfolio_ownership,portfolio_default,mapped,
Treasury,Payment to corporate entities -,218528,4,4798000,5428000,2024-25;2025-26;2026-27;2027-28,budget,General public services,related_breakdown,medium,portfolio_ownership,portfolio_default,mapped,
Treasury,Ordinary annual services (Appropriation Bill No.1),218531,5,4742000,16361000,2023-24;2024-25;2025-26;2026-27;2027-28,budget,General public services,related_breakdown,medium,portfolio_ownership,portfolio_default,mapped,
Treasury,"Program 1.2: Banking Act 1959, Life Insurance Act 1995, Unclaimed monies and special accounts Administered expenses Companies unclaimed monies - s77 of the PGPA",218533,5,39870000,55554000,2023-24;2024-25;2025-26;2026-27;2027-28,budget,General public services,related_breakdown,medium,portfolio_ownership,portfolio_default,mapped,
Treasury,Special appropriations Banking Act 1959 - Banking Unclaimed Moneys,218534,5,130287000,170416000,2023-24;2024-25;2025-26;2026-27;2027-28,budget,General public services,related_breakdown,medium,portfolio_ownership,portfolio_default,mapped,
Treasury,Life Insurance Act 1995 - Life Unclaimed Moneys,218535,5,10451000,13476000,2023-24;2024-25;2025-26;2026-27;2027-28,budget,General public services,related_breakdown,medium,portfolio_ownership,portfolio_default,mapped,
Treasury,Other services (Appropriation Bill No. 2) Special appropriations,218537,5,143763000,180867000,2023-24;2024-25;2025-26;2026-27;2027-28,budget,General public services,related_breakdown,medium,portfolio_ownership,portfolio_default,mapped,
Treasury,Companies unclaimed monies - s77 of the PGPA Act,218538,5,39870000,55554000,2023-24;2024-25;2025-26;2026-27;2027-28,budget,General public services,related_breakdown,medium,portfolio_ownership,portfolio_default,mapped,
Treasury,Program 1.3: Australian Business Register Departmental expenses Departmental appropriation,218542,5,122802000,131411000,2023-24;2024-25;2025-26;2026-27;2027-28,budget,General public services,related_breakdown,medium,portfolio_ownership,portfolio_default,mapped,
Treasury,Program 1.5: Australian Screen and Digital Game Production Incentive Administered expenses Special appropriations Taxation Administration Act 1953 - section 16 ,218544,5,481175000,710088000,2023-24;2024-25;2025-26;2026-27;2027-28,budget,General public services,related_breakdown,medium,portfolio_ownership,portfolio_default,mapped,
Treasury,Special Appropriations Product Grants and Benefits Administration Act 2000 - product stewardship (oil) benefits,218546,5,84430000,89625000,2023-24;2024-25;2025-26;2026-27;2027-28,budget,General public services,related_breakdown,medium,portfolio_ownership,portfolio_default,mapped,
Treasury,"Outcome 1 Totals by appropriation type Administered expenses Ordinary annual services (Appropriation Bill No. 1) 690 10,564 - - - Special appropriations",218556,5,17986427000,20557564000,2023-24;2024-25;2025-26;2026-27;2027-28,budget,General public services,related_breakdown,medium,portfolio_ownership,portfolio_default,mapped,
Foreign Affairs and Trade,Ordinary annual services (Appropriation Bill No. 1),218567,9,20161000,25100000,2024-25;2025-26;2026-27;2027-28;2028-29;2029-30,budget;estimated_actual;forward_estimate,General public services,related_breakdown,medium,portfolio_ownership,portfolio_default,mapped,
Foreign Affairs and Trade,Corporate Commonwealth Entity - Tourism Australia,218568,5,148291000,156230000,2024-25;2025-26;2026-27;2027-28,budget;estimated_actual;forward_estimate,General public services,related_breakdown,medium,portfolio_ownership,portfolio_default,mapped,
Foreign Affairs and Trade,Export Finance Australia - Administration Fee - NIA -,218571,4,9040000,9140000,2024-25;2025-26;2026-27;2027-28,budget;forward_estimate,General public services,related_breakdown,medium,portfolio_ownership,portfolio_default,mapped,
Foreign Affairs and Trade,Enhancing Pacific Engagement,218572,8,6025000,26933000,2024-25;2025-26;2026-27;2027-28;2028-29,budget;estimated_actual;forward_estimate,General public services,related_breakdown,medium,portfolio_ownership,portfolio_default,mapped,
Foreign Affairs and Trade,South East Asia Maritime Cooperation Programs -,218573,4,10000000,10000000,2024-25;2025-26;2026-27;2027-28,budget;forward_estimate,General public services,related_breakdown,medium,portfolio_ownership,portfolio_default,mapped,
Foreign Affairs and Trade,Non-ODA Support for the Cook Islands,218574,5,2000000,2000000,2024-25;2025-26;2026-27;2027-28,budget;estimated_actual;forward_estimate,General public services,related_breakdown,medium,portfolio_ownership,portfolio_default,mapped,
Foreign Affairs and Trade,Australia-France Bilateral Roadmap,218575,5,894000,2297000,2024-25;2025-26;2026-27;2027-28,budget;estimated_actual;forward_estimate,General public services,related_breakdown,medium,portfolio_ownership,portfolio_default,mapped,
Foreign Affairs and Trade,Comprehensive Strategic Partnership with India - Centre of Excellence for Critical and Emerging Technology Policy,218576,5,1286000,1460000,2024-25;2025-26;2026-27;2027-28,budget;estimated_actual;forward_estimate,General public services,related_breakdown,medium,portfolio_ownership,portfolio_default,mapped,
Foreign Affairs and Trade,Maintaining Support for an Effective Foreign Service,218577,9,900000,900000,2024-25;2025-26;2026-27;2027-28;2028-29;2029-30,budget;estimated_actual;forward_estimate,General public services,related_breakdown,medium,portfolio_ownership,portfolio_default,mapped,
Foreign Affairs and Trade,"Humanitarian, emergencies and refugees",218581,5,479444000,492977000,2024-25;2025-26;2026-27;2027-28,budget;estimated_actual;forward_estimate,General public services,related_breakdown,medium,portfolio_ownership,portfolio_default,mapped,
Foreign Affairs and Trade,Cross regional and global programs,218582,5,923828000,1061129000,2024-25;2025-26;2026-27;2027-28,budget;estimated_actual;forward_estimate,General public services,related_breakdown,medium,portfolio_ownership,portfolio_default,mapped,
Foreign Affairs and Trade,Centre for Australia-ASEAN Relations -,218584,4,4723000,6337000,2024-25;2025-26;2026-27;2027-28,budget;forward_estimate,General public services,related_breakdown,medium,portfolio_ownership,portfolio_default,mapped,
Foreign Affairs and Trade,Asia Marketing Fund,218586,5,20100000,20348000,2024-25;2025-26;2026-27;2027-28,budget;estimated_actual;forward_estimate,General public services,related_breakdown,medium,portfolio_ownership,portfolio_default,mapped,
Foreign Affairs and Trade,Departmental appropriation,218594,5,9343000,12276000,2024-25;2025-26;2026-27;2027-28,budget;estimated_actual;forward_estimate,General public services,related_breakdown,medium,portfolio_ownership,portfolio_default,mapped,
Foreign Affairs and Trade,Revenues from Own-sources,218598,5,18100000,20600000,2024-25;2025-26;2026-27;2027-28,budget;estimated_actual;forward_estimate,General public services,related_breakdown,medium,portfolio_ownership,portfolio_default,mapped,
Education,Program 1.4: Non-Government Schools National Support Administered expenses Other services (Appropriation Bill (No. 2)),218610,5,69577000,136661000,2026-27;2027-28;2028-29;2029-30,budget;estimated_actual;forward_estimate,Education,related_breakdown,high,portfolio_ownership,portfolio_default,mapped,
Education,Other services (Appropriation Bill (No. 2)),218614,5,69577000,136661000,2026-27;2027-28;2028-29;2029-30,budget;estimated_actual;forward_estimate,Education,related_breakdown,high,portfolio_ownership,portfolio_default,mapped,
Education,Ordinary annual services (Appropriation Bill (No. 1)) Early Learning Support Australian Early Development Census,218623,5,6657000,13764000,2026-27;2027-28;2028-29;2029-30,budget;estimated_actual;forward_estimate,Education,related_breakdown,high,portfolio_ownership,portfolio_default,mapped,
Education,School Support Australian Education Research Organisation,218624,5,10000000,10000000,2026-27;2027-28;2028-29;2029-30,budget;estimated_actual;forward_estimate,Education,related_breakdown,high,portfolio_ownership,portfolio_default,mapped,
Education,Government Response to the Antisemitic Bondi Terriorist Attack,218626,5,3240000,11760000,2026-27;2027-28;2028-29;2029-30,budget;estimated_actual;forward_estimate,Education,related_breakdown,high,portfolio_ownership,portfolio_default,mapped,
Education,National Schools Reform,218627,5,1321000,4450000,2026-27;2027-28;2028-29;2029-30,budget;estimated_actual;forward_estimate,Education,related_breakdown,high,portfolio_ownership,portfolio_default,mapped,
Education,Program 2.1: Core Commonwealth Funding for Teaching and Learning in Higher Education Administered expenses Special appropriations Higher Education Support Act 2,218633,5,7992511000,10660534000,2026-27;2027-28;2028-29;2029-30,budget;estimated_actual;forward_estimate,Education,related_breakdown,high,portfolio_ownership,portfolio_default,mapped,
Education,Program 2.3: Higher Education Support Administered expenses Ordinary annual services (Appropriation Bill (No. 1)),218634,5,38007000,42999000,2026-27;2027-28;2028-29;2029-30,budget;estimated_actual;forward_estimate,Education,related_breakdown,high,portfolio_ownership,portfolio_default,mapped,
Education,Program 2.4: Higher Education Loan Program Special appropriations Higher Education Support Act 2003 (a),218635,5,2811508000,15757711000,2026-27;2027-28;2028-29;2029-30,budget;estimated_actual;forward_estimate,Education,related_breakdown,high,portfolio_ownership,portfolio_default,mapped,
Education,Program 2.6: Research Capacity Administered expenses Ordinary annual services (Appropriation Bill (No. 1)),218636,5,212709000,469320000,2026-27;2027-28;2028-29;2029-30,budget;estimated_actual;forward_estimate,Education,related_breakdown,high,portfolio_ownership,portfolio_default,mapped,
Education,Program 2.7: International Education Support Administered expenses Ordinary annual services (Appropriation Bill (No. 1)),218637,5,3405000,11097000,2026-27;2027-28;2028-29;2029-30,budget;estimated_actual;forward_estimate,Education,related_breakdown,high,portfolio_ownership,portfolio_default,mapped,
Education,Needs-based Funding,218641,5,272189000,675687000,2026-27;2027-28;2028-29;2029-30,budget;estimated_actual;forward_estimate,Education,related_breakdown,high,portfolio_ownership,portfolio_default,mapped,
Education,Indigenous Student Success Program,218644,5,85773000,96486000,2026-27;2027-28;2028-29;2029-30,budget;estimated_actual;forward_estimate,Education,related_breakdown,high,portfolio_ownership,portfolio_default,mapped,
Education,Strong Beginnings Fund,218647,5,780000,2080000,2026-27;2027-28;2028-29;2029-30,budget;estimated_actual;forward_estimate,Education,related_breakdown,high,portfolio_ownership,portfolio_default,mapped,
Education,Special Appropriations Higher Education Support Act 2003 Higher Education Loan Program(a),218650,5,2811508000,15757711000,2026-27;2027-28;2028-29;2029-30,budget;estimated_actual;forward_estimate,Education,related_breakdown,high,portfolio_ownership,portfolio_default,mapped,
Education,Special appropriations: Higher Education Support Act 2003 Higher Education Research Promotion,218653,5,6774000,7624000,2026-27;2027-28;2028-29;2029-30,budget;estimated_actual;forward_estimate,Education,related_breakdown,high,portfolio_ownership,portfolio_default,mapped,
Infrastructure Transport Regional Development Communications Sport and the Arts,Other services (Appropriation Bill (No. 2) and Supply Bill (No. 2)),218661,5,649516000,989519000,2025-26;2026-27;2027-28;2028-29,budget;estimated_actual;forward_estimate,,,low,portfolio_ownership,portfolio_default,ambiguous,"Portfolio name itself spans at least three distinct Statement 6 functions (Transport and communication; Recreation and culture for sport/arts; Housing and community amenities for regional development) with no single dominant destination and no program-level evidence established in this pass to split them reliably.
"
Health Disability and Ageing,"Public Governance, Performance and Accountability Act 2013 s77 - repayments",218718,5,2000000,2000000,2024-25;2025-26;2026-27;2027-28,budget;estimated_actual;forward_estimate,Health,related_breakdown,high,portfolio_ownership,portfolio_default,mapped,
Health Disability and Ageing,Program 1.2: Mental Health (a) Administered expenses Ordinary annual services (b),218719,5,1266442000,1548265000,2024-25;2025-26;2026-27;2027-28,budget;estimated_actual;forward_estimate,Health,related_breakdown,high,portfolio_ownership,portfolio_default,mapped,
Health Disability and Ageing,"Expense adjustment (f) (11,225) (1,930)",218724,3,370000,3042000,2025-26;2026-27;2027-28,forward_estimate,Health,related_breakdown,high,portfolio_ownership,portfolio_default,mapped,
Health Disability and Ageing,"Operating deficit (surplus) - 1,000 707 - - Total for Program",218728,6,1100,114096000,2023-24;2024-25;2025-26;2026-27;2027-28,actual;budget;estimated_actual;forward_estimate,Health,related_breakdown,high,portfolio_ownership,portfolio_default,mapped,
department of the senate pbs,"Expenses not requiring appropriation in the Budget y ear (b) 2,619 2,793 2,",218740,3,873000,3036000,2023-24;2024-25;2025-26,budget,,,,,,unmapped,portfolio_not_in_crosswalk
department of the senate pbs,"Annual departmental expenses: Departmental item appropriation 12,836 12,855 12,",218747,3,868000,12865000,2023-24;2024-25;2025-26,budget,,,,,,unmapped,portfolio_not_in_crosswalk
department of the senate pbs,"Annual departmental expenses: Departmental item appropriation 2,292 2,181 2,",218748,3,188000,1749000,2023-24;2024-25;2025-26,budget,,,,,,unmapped,portfolio_not_in_crosswalk
department of the senate pbs,"Annual departmental expenses: Departmental item appropriation 7,527 7,708 7,",218750,3,780000,7884000,2023-24;2024-25;2025-26,budget,,,,,,unmapped,portfolio_not_in_crosswalk
Attorney-General's,Payments for grants to Australian organisations,218764,8,1075000,1157000,2025-26;2026-27;2027-28;2028-29;2029-30,budget;estimated_actual;forward_estimate,,,low,portfolio_ownership,portfolio_default,ambiguous,"Portfolio spans courts and legal services, emergency management, human rights, and integrity/security functions with no single dominant Statement 6 function and no program-level evidence established in this pass to split them reliably.
"
Attorney-General's,"Program 1.1: Personal Insolvency and Trustees Services Administered expenses Special appropriations Public Governance, Performance and Accountability Act 2013 s",218779,5,1500000,1500000,2025-26;2026-27;2027-28;2028-29,budget;estimated_actual;forward_estimate,,,low,portfolio_ownership,portfolio_default,ambiguous,"Portfolio spans courts and legal services, emergency management, human rights, and integrity/security functions with no single dominant Statement 6 function and no program-level evidence established in this pass to split them reliably.
"
Climate Change Energy the Environment and Water,"Program 1.1: Support reliable, secure and affordable energy Administered expenses Ordinary annual services (Appropriation Bill (No. 1) and Supply Bill (No. 1))",218790,5,916753000,3902297000,2025-26;2026-27;2027-28;2028-29;2029-30,budget,Fuel and energy,related_breakdown,low,portfolio_ownership,portfolio_default,mapped,
Climate Change Energy the Environment and Water,"Special accounts – 1,317 – – – Special appropriations (a) nfp nfp nfp nfp nfp Payments to corporate entities (b)",218791,5,87112000,1025183000,2025-26;2026-27;2027-28;2028-29;2029-30,budget,Fuel and energy,related_breakdown,low,portfolio_ownership,portfolio_default,mapped,
Climate Change Energy the Environment and Water,Program 1.2: Reduce Australia's greenhouse gas emissions Administered expenses Ordinary annual services (Appropriation Bill (No. 1) and Supply Bill (No. 1)),218792,5,109260000,447416000,2025-26;2026-27;2027-28;2028-29;2029-30,budget,Fuel and energy,related_breakdown,low,portfolio_ownership,portfolio_default,mapped,
Climate Change Energy the Environment and Water,"Special Accounts – 1,317 – – – Special appropriations",218794,5,1260000,5430000,2025-26;2026-27;2027-28;2028-29;2029-30,budget,Fuel and energy,related_breakdown,low,portfolio_ownership,portfolio_default,mapped,
Climate Change Energy the Environment and Water,"Special accounts 10,632 – – – – Expenses not requiring appropriation in the Budget year (c)",218795,5,2517000,5432000,2025-26;2026-27;2027-28;2028-29;2029-30,budget,Fuel and energy,related_breakdown,low,portfolio_ownership,portfolio_default,mapped,
Climate Change Energy the Environment and Water,Shaping Australia to Capture the Global Hydrogen Opportunity 110 – – – – Total ordinary annual services,218800,5,916753000,3902297000,2025-26;2026-27;2027-28;2028-29;2029-30,budget,Fuel and energy,related_breakdown,low,portfolio_ownership,portfolio_default,mapped,
Climate Change Energy the Environment and Water,"Account – 1,317 – – – Total special accounts – 1,317 – – – Special appropriations Australian Renewable Energy Agency Act 2011 (c) –",218801,4,212177000,890134000,2026-27;2027-28;2028-29;2029-30,budget,Fuel and energy,related_breakdown,low,portfolio_ownership,portfolio_default,mapped,
Climate Change Energy the Environment and Water,Fuel Security Act 2021 (a) nfp nfp nfp nfp nfp Total special appropriations nfp nfp nfp nfp nfp Payments to corporate entities Australian Renewable Energy Agenc,218802,5,67092000,1021124000,2025-26;2026-27;2027-28;2028-29;2029-30,budget,Fuel and energy,related_breakdown,low,portfolio_ownership,portfolio_default,mapped,
Climate Change Energy the Environment and Water,"Supply Bill (No. 1))) Accelerating EV Charging Program – – 9,500 23,687 – Australia Pacific Partnership for Energy Transition",218803,5,5197000,21267000,2025-26;2026-27;2027-28;2028-29;2029-30,budget,Fuel and energy,related_breakdown,low,portfolio_ownership,portfolio_default,mapped,
Climate Change Energy the Environment and Water,"Powering the Regions Fund - Critical Inputs to Clean Energy Industries 24,216 154,700 625 – – Powering the Regions Fund - Safeguard Transformation Stream",218806,5,38475000,131779000,2025-26;2026-27;2027-28;2028-29;2029-30,budget,Fuel and energy,related_breakdown,low,portfolio_ownership,portfolio_default,mapped,
Climate Change Energy the Environment and Water,Special appropriations Offshore Electricity Infrastructure Act 2021,218808,5,5030000,6570000,2024-25;2025-26;2026-27;2027-28;2028-29,budget,Fuel and energy,related_breakdown,low,portfolio_ownership,portfolio_default,mapped,
Climate Change Energy the Environment and Water,"Movement of administered funds between years (f) Outcome 2: Program 2.3: Securing the Future of Jabiru Township (9,861)",218812,4,1150000,4561000,2026-27;2027-28;2028-29;2029-30,budget,Fuel and energy,related_breakdown,low,portfolio_ownership,portfolio_default,mapped,
Climate Change Energy the Environment and Water,Special appropriations Australian Renewable Energy Agency Act 2011 -,218818,4,212177000,890134000,2026-27;2027-28;2028-29;2029-30,budget,Fuel and energy,related_breakdown,low,portfolio_ownership,portfolio_default,mapped,
Climate Change Energy the Environment and Water,Ordinary annual services (Appropriation Bill (No. 1) and Supply Bill (No. 1)) Environmental Protection and Biodiversity Conservation Act 1999 - Water Resources ,218820,3,259000,259000,2027-28;2028-29;2029-30,budget,Fuel and energy,related_breakdown,low,portfolio_ownership,portfolio_default,mapped,
Foreign Affairs and Trade,Program 1.2: Official Development Assistance Administered expenses Ordinary annual services (Appropriation Bill No. 1),218828,5,3983130000,4382503000,2026-27;2027-28;2028-29;2029-30,budget;estimated_actual;forward_estimate,General public services,related_breakdown,medium,portfolio_ownership,portfolio_default,mapped,
Foreign Affairs and Trade,Program 1.4: Payments to International Organisations Administered expenses Ordinary annual services (Appropriation Bill No. 1),218830,5,460262000,469478000,2026-27;2027-28;2028-29;2029-30,budget;estimated_actual;forward_estimate,General public services,related_breakdown,medium,portfolio_ownership,portfolio_default,mapped,
Foreign Affairs and Trade,Program 1.5: New Colombo Plan - Transforming Regional Relationships Administered expenses Ordinary annual services (Appropriation Bill No. 1),218831,5,50933000,50933000,2026-27;2027-28;2028-29;2029-30,budget;estimated_actual;forward_estimate,General public services,related_breakdown,medium,portfolio_ownership,portfolio_default,mapped,
Foreign Affairs and Trade,Program 1.6: Public Information Services and Public Diplomacy Administered expenses Ordinary annual services (Appropriation Bill No. 1),218832,5,61504000,121845000,2026-27;2027-28;2028-29;2029-30,budget;estimated_actual;forward_estimate,General public services,related_breakdown,medium,portfolio_ownership,portfolio_default,mapped,
Foreign Affairs and Trade,Program 1.7: Programs to Promote Australia's International Tourism Interests Administered expenses Corporate Commonw ealth Entity - Tourism Australia,218833,5,140839000,150914000,2026-27;2027-28;2028-29;2029-30,budget;estimated_actual;forward_estimate,General public services,related_breakdown,medium,portfolio_ownership,portfolio_default,mapped,
Foreign Affairs and Trade,Comprehensive Strategic Partnership w ith India – Bay of Bengal Maritime Partnership,218836,5,400000,2900000,2026-27;2027-28;2028-29;2029-30,budget;estimated_actual;forward_estimate,General public services,related_breakdown,medium,portfolio_ownership,portfolio_default,mapped,
Foreign Affairs and Trade,"Comprehensive Strategic Partnership w ith India – Maitri Scholars Program 4,462 - - - - Enhancing Pacific Engagement",218838,5,6025000,27649000,2026-27;2027-28;2028-29;2029-30,budget;estimated_actual;forward_estimate,General public services,related_breakdown,medium,portfolio_ownership,portfolio_default,mapped,
Foreign Affairs and Trade,Expanding the Pacific Labour Scheme,218839,5,3300000,3425000,2026-27;2027-28;2028-29;2029-30,budget;estimated_actual;forward_estimate,General public services,related_breakdown,medium,portfolio_ownership,portfolio_default,mapped,
Foreign Affairs and Trade,Export Finance Australia – National Interest Account (NIA) – other,218840,5,53918000,1126067000,2026-27;2027-28;2028-29;2029-30,budget;estimated_actual;forward_estimate,General public services,related_breakdown,medium,portfolio_ownership,portfolio_default,mapped,
Foreign Affairs and Trade,Support for Nauru -,218844,4,20940000,45676000,2026-27;2027-28;2028-29;2029-30,budget;forward_estimate,General public services,related_breakdown,medium,portfolio_ownership,portfolio_default,mapped,
Foreign Affairs and Trade,South East Asia Maritime Cooperation Programs,218846,5,10000000,10000000,2026-27;2027-28;2028-29;2029-30,budget;estimated_actual;forward_estimate,General public services,related_breakdown,medium,portfolio_ownership,portfolio_default,mapped,
Foreign Affairs and Trade,Singapore-Australia Green Economy Agreement -,218847,4,1446000,2463000,2026-27;2027-28;2028-29;2029-30,budget;forward_estimate,General public services,related_breakdown,medium,portfolio_ownership,portfolio_default,mapped,
Foreign Affairs and Trade,Centre for Australia-ASEAN Relations,218852,5,6237000,6337000,2026-27;2027-28;2028-29;2029-30,budget;estimated_actual;forward_estimate,General public services,related_breakdown,medium,portfolio_ownership,portfolio_default,mapped,
Foreign Affairs and Trade,Pacific Sports Program,218853,5,15600000,16926000,2026-27;2027-28;2028-29;2029-30,budget;estimated_actual;forward_estimate,General public services,related_breakdown,medium,portfolio_ownership,portfolio_default,mapped,
Foreign Affairs and Trade,PNG NRL Program,218854,5,21400000,81900000,2026-27;2027-28;2028-29;2029-30,budget;estimated_actual;forward_estimate,General public services,related_breakdown,medium,portfolio_ownership,portfolio_default,mapped,
Foreign Affairs and Trade,Corporate Commonw ealth Entity – Tourism Australia,218855,5,140839000,150914000,2026-27;2027-28;2028-29;2029-30,budget;estimated_actual;forward_estimate,General public services,related_breakdown,medium,portfolio_ownership,portfolio_default,mapped,
Foreign Affairs and Trade,Program 2.2: Passport Services Administered expenses Special appropriations Special appropriation PGPA Act 2013 s77,218857,5,3000000,3000000,2026-27;2027-28;2028-29;2029-30,budget;estimated_actual;forward_estimate,General public services,related_breakdown,medium,portfolio_ownership,portfolio_default,mapped,
Foreign Affairs and Trade,Program 1.2: Other services Departmental expenses Departmental appropriation (a),218868,5,117279000,129331000,2026-27;2027-28;2028-29;2029-30,budget;estimated_actual;forward_estimate,General public services,related_breakdown,medium,portfolio_ownership,portfolio_default,mapped,
Foreign Affairs and Trade,Revenues from ow n-sources,218871,5,20972000,21900000,2026-27;2027-28;2028-29;2029-30,budget;estimated_actual;forward_estimate,General public services,related_breakdown,medium,portfolio_ownership,portfolio_default,mapped,
Foreign Affairs and Trade,1.1.2 - Component 2: Industry Development Annual departmental expenses: Program support,218874,5,27314000,28956000,2026-27;2027-28;2028-29;2029-30,budget;estimated_actual;forward_estimate,General public services,related_breakdown,medium,portfolio_ownership,portfolio_default,mapped,
Veterans' Affairs,Program 1.2: Veterans’ Disability Support Administered Expenses Ordinary annual services (Appropriation Bill No. 1 & 3),218876,5,14785000,15257000,2023-24;2024-25;2025-26;2026-27;2027-28,actual;budget,Social security and welfare / Assistance to veterans and dependants,related_breakdown,medium,portfolio_ownership,portfolio_default,mapped,
Veterans' Affairs,Program 1.5: Veterans' Children Education Scheme Administered Expenses Ordinary annual services (Appropriation Bill No. 1 & 3),218878,5,16914000,19893000,2023-24;2024-25;2025-26;2026-27;2027-28,actual;budget,Social security and welfare / Assistance to veterans and dependants,related_breakdown,medium,portfolio_ownership,portfolio_default,mapped,
Veterans' Affairs,Program 1.6: Military Rehabilitation and Compensation Acts Payments - Income Support and Compensation Ordinary annual services (Appropriation Bill No. 1 & 3),218879,5,26108000,65275000,2023-24;2024-25;2025-26;2026-27;2027-28,actual;budget,Social security and welfare / Assistance to veterans and dependants,related_breakdown,medium,portfolio_ownership,portfolio_default,mapped,
Veterans' Affairs,"Military Rehabilitation and Compensation Acts Liability Provision - Income Support and Compensation Expenses not requiring appropriation in the Budget year (2,5",218880,3,856800000,872500000,2025-26;2026-27;2027-28,budget,Social security and welfare / Assistance to veterans and dependants,related_breakdown,medium,portfolio_ownership,portfolio_default,mapped,
Veterans' Affairs,"Expenses not requiring appropriation in the Budget year (a) (2,533,100) (779,800)",218882,3,856800000,872500000,2025-26;2026-27;2027-28,budget,Social security and welfare / Assistance to veterans and dependants,related_breakdown,medium,portfolio_ownership,portfolio_default,mapped,
Veterans' Affairs,Ordinary annual services (Appropriation Bill No. 1 & 3) Other income support and compensation-related payments - DRCA,218887,5,3400000,3812000,2023-24;2024-25;2025-26;2026-27;2027-28,budget,Social security and welfare / Assistance to veterans and dependants,related_breakdown,medium,portfolio_ownership,portfolio_default,mapped,
Veterans' Affairs,Program 2.4: Veterans' Community Care and Support Administered Expenses Ordinary annual services (Appropriation Bill No. 1 & 3),218890,5,5258000,59690000,2023-24;2024-25;2025-26;2026-27;2027-28,budget,Social security and welfare / Assistance to veterans and dependants,related_breakdown,medium,portfolio_ownership,portfolio_default,mapped,
Veterans' Affairs,Program 2.5: Veterans' Counselling and Other Health Services Administered Expenses Ordinary annual services (Appropriation Bill No. 1 & 3),218891,5,5299000,10794000,2023-24;2024-25;2025-26;2026-27;2027-28,actual;budget,Social security and welfare / Assistance to veterans and dependants,related_breakdown,medium,portfolio_ownership,portfolio_default,mapped,
Veterans' Affairs,"Expenses not requiring appropriation in the Budget year (a) (594,900)",218895,4,1952800000,2131300000,2024-25;2025-26;2026-27;2027-28,actual;budget,Social security and welfare / Assistance to veterans and dependants,related_breakdown,medium,portfolio_ownership,portfolio_default,mapped,
Attorney-General's,Program 1.4: Justice Services Administered expenses Ordinary annual services (Appropriation Bill No. 1) Community Legal Services Program,218898,5,18149000,19303000,2026-27;2027-28;2028-29;2029-30,budget;estimated_actual;forward_estimate,,,low,portfolio_ownership,portfolio_default,ambiguous,"Portfolio spans courts and legal services, emergency management, human rights, and integrity/security functions with no single dominant Statement 6 function and no program-level evidence established in this pass to split them reliably.
"
Attorney-General's,Program 1.6: Criminal Justice Administered expenses Ordinary annual services (Appropriation Bill No. 1) Justice Reinvestment (c),218907,5,20000000,30999000,2026-27;2027-28;2028-29;2029-30,budget;estimated_actual;forward_estimate,,,low,portfolio_ownership,portfolio_default,ambiguous,"Portfolio spans courts and legal services, emergency management, human rights, and integrity/security functions with no single dominant Statement 6 function and no program-level evidence established in this pass to split them reliably.
"
house representatives DHR 2026 27,Program 2: Schools Hospitality Administered expenses Appropriation (Parliamentary Departments) Bill (No. 1),218941,5,362000,399000,2026-27;2027-28;2028-29;2029-30,budget;estimated_actual;forward_estimate,,,,,,unmapped,portfolio_not_in_crosswalk
parliamentary budget office 2026 27 Portfolio Budget Statement Parliamentary Bud,Adjusted opening balance,219588,1,385000,385000,2025-26,budget,,,,,,unmapped,portfolio_not_in_crosswalk
Industry Science and Resources,Depreciation and amortisation (a),219597,7,623000,39582000,2023-24;2024-25;2025-26;2026-27;2027-28;2028-29;2029-30,budget,Other economic affairs,related_breakdown,medium,portfolio_ownership,portfolio_default,mapped,
Industry Science and Resources,Audit fees,219599,6,680000,680000,2024-25;2025-26;2026-27;2027-28;2028-29;2029-30,budget,Other economic affairs,related_breakdown,medium,portfolio_ownership,portfolio_default,mapped,
Industry Science and Resources,Rental income,219601,7,3694000,6183000,2023-24;2024-25;2025-26;2026-27;2027-28;2028-29;2029-30,budget,Other economic affairs,related_breakdown,medium,portfolio_ownership,portfolio_default,mapped,
Industry Science and Resources,Trade and other receivables,219607,7,13090000,25975000,2023-24;2024-25;2025-26;2026-27;2027-28;2028-29;2029-30,budget,Other economic affairs,related_breakdown,medium,portfolio_ownership,portfolio_default,mapped,
Industry Science and Resources,Provisions Employee provisions,219617,7,277000,3529000,2023-24;2024-25;2025-26;2026-27;2027-28;2028-29;2029-30,budget,Other economic affairs,related_breakdown,medium,portfolio_ownership,portfolio_default,mapped,
Industry Science and Resources,Other provisions,219618,7,98000,357000,2023-24;2024-25;2025-26;2026-27;2027-28;2028-29;2029-30,budget,Other economic affairs,related_breakdown,medium,portfolio_ownership,portfolio_default,mapped,
Industry Science and Resources,"Adjusted opening balance (511,419)",219623,3,40208000,1025458000,2027-28;2028-29;2029-30,budget,Other economic affairs,related_breakdown,medium,portfolio_ownership,portfolio_default,mapped,
Industry Science and Resources,Net GST received,219627,7,9399000,24199000,2023-24;2024-25;2025-26;2026-27;2027-28;2028-29;2029-30,budget,Other economic affairs,related_breakdown,medium,portfolio_ownership,portfolio_default,mapped,
Industry Science and Resources,Cash used Employees,219629,7,7595000,33012000,2023-24;2024-25;2025-26;2026-27;2027-28;2028-29;2029-30,budget,Other economic affairs,related_breakdown,medium,portfolio_ownership,portfolio_default,mapped,
Industry Science and Resources,Interest payments on lease liability,219631,7,47000,405000,2023-24;2024-25;2025-26;2026-27;2027-28;2028-29;2029-30,budget,Other economic affairs,related_breakdown,medium,portfolio_ownership,portfolio_default,mapped,
Industry Science and Resources,Cash used Principal payments on lease liability,219636,7,585000,25218000,2023-24;2024-25;2025-26;2026-27;2027-28;2028-29;2029-30,budget,Other economic affairs,related_breakdown,medium,portfolio_ownership,portfolio_default,mapped,
Industry Science and Resources,Cash and cash equivalents at the beginning of the reporting period,219640,7,200000,715049000,2023-24;2024-25;2025-26;2026-27;2027-28;2028-29;2029-30,budget,Other economic affairs,related_breakdown,medium,portfolio_ownership,portfolio_default,mapped,
Industry Science and Resources,Cash and cash equivalents at the end of the reporting period,219641,7,200000,872473000,2023-24;2024-25;2025-26;2026-27;2027-28;2028-29;2029-30,budget,Other economic affairs,related_breakdown,medium,portfolio_ownership,portfolio_default,mapped,
Industry Science and Resources,Funded by capital appropriations – DCB (b),219645,7,30473000,33265000,2023-24;2024-25;2025-26;2026-27;2027-28;2028-29;2029-30,budget,Other economic affairs,related_breakdown,medium,portfolio_ownership,portfolio_default,mapped,
Industry Science and Resources,"By purchase - other - ROU assets - 2,605 - - 2,605 Total additions -",219650,4,17091000,135691000,2026-27;2027-28;2028-29;2029-30,budget,Other economic affairs,related_breakdown,medium,portfolio_ownership,portfolio_default,mapped,
Industry Science and Resources,Payments to corporate Commonwealth entities,219655,7,1295465000,1433714000,2023-24;2024-25;2025-26;2026-27;2027-28;2028-29;2029-30,budget,Other economic affairs,related_breakdown,medium,portfolio_ownership,portfolio_default,mapped,
Industry Science and Resources,Royalties,219659,7,356618000,1061080000,2023-24;2024-25;2025-26;2026-27;2027-28;2028-29;2029-30,budget,Other economic affairs,related_breakdown,medium,portfolio_ownership,portfolio_default,mapped,
Industry Science and Resources,Gains Other gains,219661,7,680000,59039000,2023-24;2024-25;2025-26;2026-27;2027-28;2028-29;2029-30,budget,Other economic affairs,related_breakdown,medium,portfolio_ownership,portfolio_default,mapped,
Industry Science and Resources,Other investments,219663,7,465188000,519732000,2023-24;2024-25;2025-26;2026-27;2027-28;2028-29;2029-30,budget,Other economic affairs,related_breakdown,medium,portfolio_ownership,portfolio_default,mapped,
Industry Science and Resources,Rehabilitation provision,219665,7,1257487000,2393019000,2023-24;2024-25;2025-26;2026-27;2027-28;2028-29;2029-30,budget,Other economic affairs,related_breakdown,medium,portfolio_ownership,portfolio_default,mapped,
Industry Science and Resources,Levy receipts,219667,7,35840000,62180000,2023-24;2024-25;2025-26;2026-27;2027-28;2028-29;2029-30,budget,Other economic affairs,related_breakdown,medium,portfolio_ownership,portfolio_default,mapped,
Industry Science and Resources,Cash used Suppliers,219668,7,87546000,362633000,2023-24;2024-25;2025-26;2026-27;2027-28;2028-29;2029-30,budget,Other economic affairs,related_breakdown,medium,portfolio_ownership,portfolio_default,mapped,
Industry Science and Resources,"Corporate Commonwealth Entities 14,200 - - - - Total cash received",219672,5,5144000,42497000,2025-26;2026-27;2027-28;2028-29;2029-30,budget,Other economic affairs,related_breakdown,medium,portfolio_ownership,portfolio_default,mapped,
Industry Science and Resources,Cash from Official Public Account for: Appropriations,219676,7,1753365000,3073756000,2023-24;2024-25;2025-26;2026-27;2027-28;2028-29;2029-30,budget,Other economic affairs,related_breakdown,medium,portfolio_ownership,portfolio_default,mapped,
Industry Science and Resources,GST appropriations,219679,7,38589000,153741000,2023-24;2024-25;2025-26;2026-27;2027-28;2028-29;2029-30,budget,Other economic affairs,related_breakdown,medium,portfolio_ownership,portfolio_default,mapped,
Industry Science and Resources,"Adjusted opening balance (566,496)",219693,4,9384000,1369275000,2026-27;2027-28;2028-29;2029-30,budget,Other economic affairs,related_breakdown,medium,portfolio_ownership,portfolio_default,mapped,
Industry Science and Resources,"Cash used Purchase of property, plant and equipment and intangibles",219697,7,111431000,291675000,2023-24;2024-25;2025-26;2026-27;2027-28;2028-29;2029-30,budget,Other economic affairs,related_breakdown,medium,portfolio_ownership,portfolio_default,mapped,
Industry Science and Resources,Purchase of financial instruments,219698,7,348664000,547856000,2023-24;2024-25;2025-26;2026-27;2027-28;2028-29;2029-30,budget,Other economic affairs,related_breakdown,medium,portfolio_ownership,portfolio_default,mapped,
Industry Science and Resources,Funded internally from departmental resources (b),219702,7,15000000,163033000,2023-24;2024-25;2025-26;2026-27;2027-28;2028-29;2029-30,budget,Other economic affairs,related_breakdown,medium,portfolio_ownership,portfolio_default,mapped,
Industry Science and Resources,Royalties and licence fees,219707,7,52165000,60065000,2023-24;2024-25;2025-26;2026-27;2027-28;2028-29;2029-30,budget,Other economic affairs,related_breakdown,medium,portfolio_ownership,portfolio_default,mapped,
Industry Science and Resources,Investment property,219713,7,5500000,48016000,2023-24;2024-25;2025-26;2026-27;2027-28;2028-29;2029-30,budget,Other economic affairs,related_breakdown,medium,portfolio_ownership,portfolio_default,mapped,
Industry Science and Resources,Deposits,219716,7,11828000,17011000,2023-24;2024-25;2025-26;2026-27;2027-28;2028-29;2029-30,budget,Other economic affairs,related_breakdown,medium,portfolio_ownership,portfolio_default,mapped,
Industry Science and Resources,Retained surplus (accumulated deficit),219718,7,18921000,288734000,2023-24;2024-25;2025-26;2026-27;2027-28;2028-29;2029-30,budget,Other economic affairs,related_breakdown,medium,portfolio_ownership,portfolio_default,mapped,
Industry Science and Resources,Net GST paid,219719,7,9399000,24199000,2023-24;2024-25;2025-26;2026-27;2027-28;2028-29;2029-30,budget,Other economic affairs,related_breakdown,medium,portfolio_ownership,portfolio_default,mapped,
Industry Science and Resources,Adjusted opening balance,219731,6,23683000,2011825000,2024-25;2025-26;2026-27;2027-28;2028-29;2029-30,budget,Other economic affairs,related_breakdown,medium,portfolio_ownership,portfolio_default,mapped,
Industry Science and Resources,Sublease interest income,219757,7,22000,166000,2023-24;2024-25;2025-26;2026-27;2027-28;2028-29;2029-30,budget,Other economic affairs,related_breakdown,medium,portfolio_ownership,portfolio_default,mapped,
Industry Science and Resources,Other Unearned Income,219760,6,4937000,7330000,2024-25;2025-26;2026-27;2027-28;2028-29;2029-30,budget,Other economic affairs,related_breakdown,medium,portfolio_ownership,portfolio_default,mapped,
Industry Science and Resources,Provision for Impairment,219768,5,14875000,71588000,2025-26;2026-27;2027-28;2028-29;2029-30,budget,Other economic affairs,related_breakdown,medium,portfolio_ownership,portfolio_default,mapped,
Industry Science and Resources,Concessional Loan Discount,219769,5,6789000,127398000,2025-26;2026-27;2027-28;2028-29;2029-30,budget,Other economic affairs,related_breakdown,medium,portfolio_ownership,portfolio_default,mapped,
Industry Science and Resources,Other Finance costs,219770,5,70000,103000,2025-26;2026-27;2027-28;2028-29;2029-30,budget,Other economic affairs,related_breakdown,medium,portfolio_ownership,portfolio_default,mapped,
Industry Science and Resources,Interest from loans and advances,219772,5,13693000,169176000,2025-26;2026-27;2027-28;2028-29;2029-30,budget,Other economic affairs,related_breakdown,medium,portfolio_ownership,portfolio_default,mapped,
Industry Science and Resources,Add concessional loan discount,219780,5,6789000,127398000,2025-26;2026-27;2027-28;2028-29;2029-30,budget,Other economic affairs,related_breakdown,medium,portfolio_ownership,portfolio_default,mapped,
Industry Science and Resources,Add Provision for Impairment,219782,5,14875000,71588000,2025-26;2026-27;2027-28;2028-29;2029-30,budget,Other economic affairs,related_breakdown,medium,portfolio_ownership,portfolio_default,mapped,
Industry Science and Resources,Net adjustments to investment carrying values,219783,5,14875000,71588000,2025-26;2026-27;2027-28;2028-29;2029-30,budget,Other economic affairs,related_breakdown,medium,portfolio_ownership,portfolio_default,mapped,
Industry Science and Resources,Advances and loans,219784,6,981048000,8660228000,2024-25;2025-26;2026-27;2027-28;2028-29;2029-30,budget,Other economic affairs,related_breakdown,medium,portfolio_ownership,portfolio_default,mapped,
Industry Science and Resources,Equities,219785,6,981000000,6599891000,2024-25;2025-26;2026-27;2027-28;2028-29;2029-30,budget,Other economic affairs,related_breakdown,medium,portfolio_ownership,portfolio_default,mapped,
Industry Science and Resources,Investment in shares,219792,5,704280000,2560833000,2025-26;2026-27;2027-28;2028-29;2029-30,budget,Other economic affairs,related_breakdown,medium,portfolio_ownership,portfolio_default,mapped,
Industry Science and Resources,Transactions with owners Contributions by owners Departmental Capital Budget (DCB) - 127 127 Sub-total transactions with owners - 127 127 Estimated closing bala,219798,4,2027000,23758000,2026-27;2027-28;2028-29;2029-30,budget,Other economic affairs,related_breakdown,medium,portfolio_ownership,portfolio_default,mapped,
department of the house of representatives doc,Depreciation and amortisation (a),219806,5,370000,422000,2025-26;2026-27;2027-28;2028-29,budget;estimated_actual;forward_estimate,,,,,,unmapped,portfolio_not_in_crosswalk
department of the house of representatives doc,Royalties,219809,3,5000,10000,2026-27;2027-28;2028-29,forward_estimate,,,,,,unmapped,portfolio_not_in_crosswalk
department of the house of representatives doc,Gains Other,219810,8,2100000,2200000,2024-25;2025-26;2026-27;2027-28;2028-29,budget;estimated_actual;forward_estimate,,,,,,unmapped,portfolio_not_in_crosswalk
department of the house of representatives doc,Trade and other receivables,219815,8,24778000,26366000,2024-25;2025-26;2026-27;2027-28;2028-29,budget;estimated_actual;forward_estimate,,,,,,unmapped,portfolio_not_in_crosswalk
department of the house of representatives doc,Provisions Employee provisions,219823,8,6313000,6338000,2024-25;2025-26;2026-27;2027-28;2028-29,budget;estimated_actual;forward_estimate,,,,,,unmapped,portfolio_not_in_crosswalk
department of the house of representatives doc,Retained surplus (accumulated deficit),219826,5,23511000,24982000,2025-26;2026-27;2027-28;2028-29,budget;estimated_actual;forward_estimate,,,,,,unmapped,portfolio_not_in_crosswalk
department of the house of representatives doc,Cash used Employees,219829,5,26438000,26713000,2025-26;2026-27;2027-28;2028-29,budget;estimated_actual;forward_estimate,,,,,,unmapped,portfolio_not_in_crosswalk
department of the house of representatives doc,Interest payments on lease liability,219830,8,1000,2000,2024-25;2025-26;2026-27;2027-28;2028-29,budget;estimated_actual;forward_estimate,,,,,,unmapped,portfolio_not_in_crosswalk
department of the house of representatives doc,Cash and cash equivalents at the end of the reporting period,219835,8,2716000,5600000,2024-25;2025-26;2026-27;2027-28;2028-29,budget;estimated_actual;forward_estimate,,,,,,unmapped,portfolio_not_in_crosswalk
department of the house of representatives doc,Surplus/(deficit) before income tax,219842,8,347000,388000,2024-25;2025-26;2026-27;2027-28;2028-29,budget;estimated_actual;forward_estimate,,,,,,unmapped,portfolio_not_in_crosswalk
department of the house of representatives doc,Surplus/(deficit) after income tax,219843,8,347000,388000,2024-25;2025-26;2026-27;2027-28;2028-29,budget;estimated_actual;forward_estimate,,,,,,unmapped,portfolio_not_in_crosswalk
Climate Change Energy the Environment and Water,Payment measures Agriculture and Land Sectors – low emissions future (b) 1.1 Administered payment ­ ­ ­ ­ ­ Departmental payment ­,219845,4,2281000,8551000,2024-25;2025-26;2026-27;2027-28,budget;forward_estimate,Fuel and energy,related_breakdown,low,portfolio_ownership,portfolio_default,mapped,
Climate Change Energy the Environment and Water,"Approvals Processes (a) 1.2, 2.1, 2.2 Administered payment ­ ­ ­ ­ ­ Departmental payment ­",219847,4,6974000,21293000,2024-25;2025-26;2026-27;2027-28,budget;forward_estimate,Fuel and energy,related_breakdown,low,portfolio_ownership,portfolio_default,mapped,
Climate Change Energy the Environment and Water,Departmental payment ­,219849,4,43383000,58491000,2024-25;2025-26;2026-27;2027-28,budget;forward_estimate,Fuel and energy,related_breakdown,low,portfolio_ownership,portfolio_default,mapped,
Climate Change Energy the Environment and Water,Jabiru Remediation – continuing delivery 2.3 Administered payment ­,219850,4,200000,5775000,2024-25;2025-26;2026-27;2027-28,budget;forward_estimate,Fuel and energy,related_breakdown,low,portfolio_ownership,portfolio_default,mapped,
Climate Change Energy the Environment and Water,Departmental payment ­ ­ ­ ­ ­ Total -,219851,4,6000000,21000000,2024-25;2025-26;2026-27;2027-28,budget;forward_estimate,Fuel and energy,related_breakdown,low,portfolio_ownership,portfolio_default,mapped,
Climate Change Energy the Environment and Water,"Reducing the Impact of Litter and Supporting On­ground and Biodiversity Actions 2.1, 2.3 Administered payment (600)",219853,4,113000,131000,2024-25;2025-26;2026-27;2027-28,budget;forward_estimate,Fuel and energy,related_breakdown,low,portfolio_ownership,portfolio_default,mapped,
Climate Change Energy the Environment and Water,Departmental payment ­ 112 ­ ­ ­ Total (600),219854,4,113000,243000,2024-25;2025-26;2026-27;2027-28,budget;forward_estimate,Fuel and energy,related_breakdown,low,portfolio_ownership,portfolio_default,mapped,
Climate Change Energy the Environment and Water,"Regional cooperation initiative on carbon sequestration 1.1, 2.1 Administered payment ­ ­ ­ ­ ­ Departmental payment ­",219855,4,4362000,5335000,2024-25;2025-26;2026-27;2027-28,budget;forward_estimate,Fuel and energy,related_breakdown,low,portfolio_ownership,portfolio_default,mapped,
Climate Change Energy the Environment and Water,Sustaining Water Functions 4.1 Administered payment ­,219856,4,551000,551000,2024-25;2025-26;2026-27;2027-28,budget;forward_estimate,Fuel and energy,related_breakdown,low,portfolio_ownership,portfolio_default,mapped,
Climate Change Energy the Environment and Water,Ordinary annual services (Appropriation Bill No. 1) Agriculture 2030 ­ Soil and Stewardship Pilot stewardship program,219858,5,3900000,8870000,2023-24;2024-25;2025-26;2026-27;2027-28,budget,Fuel and energy,related_breakdown,low,portfolio_ownership,portfolio_default,mapped,
Climate Change Energy the Environment and Water,"Agriculture Stewardship Package 10,404 3,166 255 ­ ­ Australian Biological Resources Study",219859,5,2030000,2030000,2023-24;2024-25;2025-26;2026-27;2027-28,budget,Fuel and energy,related_breakdown,low,portfolio_ownership,portfolio_default,mapped,
Climate Change Energy the Environment and Water,Independent Expert Scientific Committee on Coal Seam Gas & Large Coal Mining,219861,5,1035000,1035000,2023-24;2024-25;2025-26;2026-27;2027-28,budget,Fuel and energy,related_breakdown,low,portfolio_ownership,portfolio_default,mapped,
Climate Change Energy the Environment and Water,"Landcare Rangers ­ ­ ­ ­ 14,996 National Environmental Science Program",219862,5,24867000,25384000,2023-24;2024-25;2025-26;2026-27;2027-28,budget,Fuel and energy,related_breakdown,low,portfolio_ownership,portfolio_default,mapped,
Climate Change Energy the Environment and Water,Natural Heritage Trust,219863,7,179208000,227488000,2023-24;2024-25;2025-26;2026-27;2027-28;2028-29;2029-30,budget,Fuel and energy,related_breakdown,low,portfolio_ownership,portfolio_default,mapped,
Climate Change Energy the Environment and Water,Payments to corporate entities Australian Institute of Marine Science,219867,7,81869000,99852000,2023-24;2024-25;2025-26;2026-27;2027-28;2028-29;2029-30,budget,Fuel and energy,related_breakdown,low,portfolio_ownership,portfolio_default,mapped,
Climate Change Energy the Environment and Water,Director of National Parks,219868,7,106592000,139854000,2023-24;2024-25;2025-26;2026-27;2027-28;2028-29;2029-30,budget,Fuel and energy,related_breakdown,low,portfolio_ownership,portfolio_default,mapped,
Climate Change Energy the Environment and Water,Special accounts Natural Heritage Trust of Australia Account,219869,5,173761000,241531000,2023-24;2024-25;2025-26;2026-27;2027-28,budget,Fuel and energy,related_breakdown,low,portfolio_ownership,portfolio_default,mapped,
Climate Change Energy the Environment and Water,Reef Trust Special Account,219870,7,54614000,168625000,2023-24;2024-25;2025-26;2026-27;2027-28;2028-29;2029-30,budget,Fuel and energy,related_breakdown,low,portfolio_ownership,portfolio_default,mapped,
Climate Change Energy the Environment and Water,"Behaviours ­ supporting small business to adopt the Australian recycling label 1,000 ­ ­ ­ ­ National Environment Protection Council",219874,5,429000,676000,2023-24;2024-25;2025-26;2026-27;2027-28,budget,Fuel and energy,related_breakdown,low,portfolio_ownership,portfolio_default,mapped,
Climate Change Energy the Environment and Water,Per­and Poly­Fluorinated Alkyl Substances Research Grant 429 ­ ­ ­ ­ Reducing the impact of litter on our environment and biodiversity ­,219875,4,300000,300000,2024-25;2025-26;2026-27;2027-28,budget,Fuel and energy,related_breakdown,low,portfolio_ownership,portfolio_default,mapped,
Climate Change Energy the Environment and Water,Securing the Future of Jabiru Township,219876,5,200000,11851000,2023-24;2024-25;2025-26;2026-27;2027-28,budget,Fuel and energy,related_breakdown,low,portfolio_ownership,portfolio_default,mapped,
Climate Change Energy the Environment and Water,Special accounts National Environment Protection Council Special Account,219877,5,429000,676000,2023-24;2024-25;2025-26;2026-27;2027-28,budget,Fuel and energy,related_breakdown,low,portfolio_ownership,portfolio_default,mapped,
Climate Change Energy the Environment and Water,Ozone Protection & Synthetic Greenhouse Gas Account,219878,7,17295000,18800000,2023-24;2024-25;2025-26;2026-27;2027-28;2028-29;2029-30,budget,Fuel and energy,related_breakdown,low,portfolio_ownership,portfolio_default,mapped,
Climate Change Energy the Environment and Water,Payments to corporate entities,219881,7,640696000,1419482000,2023-24;2024-25;2025-26;2026-27;2027-28;2028-29;2029-30,budget,Fuel and energy,related_breakdown,low,portfolio_ownership,portfolio_default,mapped,
Climate Change Energy the Environment and Water,Ordinary annual services (Appropriation Bill No. 1) Commonwealth Contribution under the Murray­Darling Basin Agreement,219882,5,16926000,23261000,2023-24;2024-25;2025-26;2026-27;2027-28,budget,Fuel and energy,related_breakdown,low,portfolio_ownership,portfolio_default,mapped,
Climate Change Energy the Environment and Water,Commonwealth Contribution to National Water Activities ­,219883,4,551000,551000,2024-25;2025-26;2026-27;2027-28,budget,Fuel and energy,related_breakdown,low,portfolio_ownership,portfolio_default,mapped,
Climate Change Energy the Environment and Water,Water Efficiency Labelling Scheme Account,219887,7,2676000,4035000,2023-24;2024-25;2025-26;2026-27;2027-28;2028-29;2029-30,budget,Fuel and energy,related_breakdown,low,portfolio_ownership,portfolio_default,mapped,
Climate Change Energy the Environment and Water,Water for the Environment Special Account,219888,5,100000000,325000000,2023-24;2024-25;2025-26;2026-27;2027-28,budget,Fuel and energy,related_breakdown,low,portfolio_ownership,portfolio_default,mapped,
Climate Change Energy the Environment and Water,Water Resources Special Account,219889,5,551000,2576000,2023-24;2024-25;2025-26;2026-27;2027-28,budget,Fuel and energy,related_breakdown,low,portfolio_ownership,portfolio_default,mapped,
Climate Change Energy the Environment and Water,Payments to corporate entities Payment to Murray­Darling Basin Authority,219890,5,39805000,87880000,2023-24;2024-25;2025-26;2026-27;2027-28,budget,Fuel and energy,related_breakdown,low,portfolio_ownership,portfolio_default,mapped,
Climate Change Energy the Environment and Water,"Fees and fines 39 129 ­ ­ ­ Other 4,159 4,000 ­ ­ ­ Total own-source revenue",219895,5,8800000,21394000,2023-24;2024-25;2025-26;2026-27;2027-28,budget,Fuel and energy,related_breakdown,low,portfolio_ownership,portfolio_default,mapped,
Climate Change Energy the Environment and Water,Gains Other,219896,7,85000,16753000,2023-24;2024-25;2025-26;2026-27;2027-28;2028-29;2029-30,budget,Fuel and energy,related_breakdown,low,portfolio_ownership,portfolio_default,mapped,
Climate Change Energy the Environment and Water,Trade and other receivables,219900,7,1254000,12909000,2023-24;2024-25;2025-26;2026-27;2027-28;2028-29;2029-30,budget,Fuel and energy,related_breakdown,low,portfolio_ownership,portfolio_default,mapped,
Climate Change Energy the Environment and Water,Provisions Employee provisions,219910,7,1864000,15546000,2023-24;2024-25;2025-26;2026-27;2027-28;2028-29;2029-30,budget,Fuel and energy,related_breakdown,low,portfolio_ownership,portfolio_default,mapped,
Climate Change Energy the Environment and Water,Other provisions,219911,7,17000,2066000,2023-24;2024-25;2025-26;2026-27;2027-28;2028-29;2029-30,budget,Fuel and energy,related_breakdown,low,portfolio_ownership,portfolio_default,mapped,
Climate Change Energy the Environment and Water,"Adjusted opening balance (215,118)",219916,3,55774000,759035000,2025-26;2026-27;2027-28,budget,Fuel and energy,related_breakdown,low,portfolio_ownership,portfolio_default,mapped,
Climate Change Energy the Environment and Water,Net GST received,219920,7,11263000,202915000,2023-24;2024-25;2025-26;2026-27;2027-28;2028-29;2029-30,budget,Fuel and energy,related_breakdown,low,portfolio_ownership,portfolio_default,mapped,
Climate Change Energy the Environment and Water,"Other 4,309 4,112 25 ­ ­ Total cash received",219921,5,864567000,1389763000,2023-24;2024-25;2025-26;2026-27;2027-28,budget,Fuel and energy,related_breakdown,low,portfolio_ownership,portfolio_default,mapped,
Climate Change Energy the Environment and Water,Cash used Employees,219922,7,9473000,59582000,2023-24;2024-25;2025-26;2026-27;2027-28;2028-29;2029-30,budget,Fuel and energy,related_breakdown,low,portfolio_ownership,portfolio_default,mapped,
Climate Change Energy the Environment and Water,Interest payments on lease liability,219924,7,3000,100000,2023-24;2024-25;2025-26;2026-27;2027-28;2028-29;2029-30,budget,Fuel and energy,related_breakdown,low,portfolio_ownership,portfolio_default,mapped,
Climate Change Energy the Environment and Water,Cash used Principal payments on lease liability,219927,7,43000,3956000,2023-24;2024-25;2025-26;2026-27;2027-28;2028-29;2029-30,budget,Fuel and energy,related_breakdown,low,portfolio_ownership,portfolio_default,mapped,
Climate Change Energy the Environment and Water,Cash and cash equivalents at the end of the reporting period,219930,7,167000,13493000,2023-24;2024-25;2025-26;2026-27;2027-28;2028-29;2029-30,budget,Fuel and energy,related_breakdown,low,portfolio_ownership,portfolio_default,mapped,
Climate Change Energy the Environment and Water,Funded by capital appropriations – DCB (b),219934,7,76009000,108594000,2023-24;2024-25;2025-26;2026-27;2027-28;2028-29;2029-30,budget,Fuel and energy,related_breakdown,low,portfolio_ownership,portfolio_default,mapped,
Climate Change Energy the Environment and Water,Payments to corporate Commonwealth entities,219941,7,640696000,1419482000,2023-24;2024-25;2025-26;2026-27;2027-28;2028-29;2029-30,budget,Fuel and energy,related_breakdown,low,portfolio_ownership,portfolio_default,mapped,
Climate Change Energy the Environment and Water,Fees and fines,219943,7,119000,9136000,2023-24;2024-25;2025-26;2026-27;2027-28;2028-29;2029-30,budget,Fuel and energy,related_breakdown,low,portfolio_ownership,portfolio_default,mapped,
Climate Change Energy the Environment and Water,"Interest 6,984 ­ ­ ­ ­ Dividends",219944,5,207300000,237946000,2023-24;2024-25;2025-26;2026-27;2027-28,budget,Fuel and energy,related_breakdown,low,portfolio_ownership,portfolio_default,mapped,
Climate Change Energy the Environment and Water,Taxation Receivables,219947,5,3626000,3626000,2023-24;2024-25;2025-26;2026-27;2027-28,budget,Fuel and energy,related_breakdown,low,portfolio_ownership,portfolio_default,mapped,
Climate Change Energy the Environment and Water,Other investments,219948,7,25257000,69332000,2023-24;2024-25;2025-26;2026-27;2027-28;2028-29;2029-30,budget,Fuel and energy,related_breakdown,low,portfolio_ownership,portfolio_default,mapped,
Climate Change Energy the Environment and Water,Provisions Rehabilitation provision,219951,7,5012000,10597000,2023-24;2024-25;2025-26;2026-27;2027-28;2028-29;2029-30,budget,Fuel and energy,related_breakdown,low,portfolio_ownership,portfolio_default,mapped,
Climate Change Energy the Environment and Water,"Interest 9,072 ­ ­ ­ ­ Dividends",219953,5,207300000,237946000,2023-24;2024-25;2025-26;2026-27;2027-28,budget,Fuel and energy,related_breakdown,low,portfolio_ownership,portfolio_default,mapped,
Climate Change Energy the Environment and Water,Cash used Grant,219955,5,646017000,1493191000,2023-24;2024-25;2025-26;2026-27;2027-28,budget,Fuel and energy,related_breakdown,low,portfolio_ownership,portfolio_default,mapped,
Climate Change Energy the Environment and Water,Net GST Paid,219956,5,79006000,143159000,2023-24;2024-25;2025-26;2026-27;2027-28,budget,Fuel and energy,related_breakdown,low,portfolio_ownership,portfolio_default,mapped,
Climate Change Energy the Environment and Water,"INVESTING ACTIVITIES Cash received Repayments of loans and advances 32,000 ­ ­ ­ ­ Other (a)",219957,5,350000000,400000000,2023-24;2024-25;2025-26;2026-27;2027-28,budget,Fuel and energy,related_breakdown,low,portfolio_ownership,portfolio_default,mapped,
Climate Change Energy the Environment and Water,Cash from Official Public Account for: Appropriations,219960,7,2806714000,11279639000,2023-24;2024-25;2025-26;2026-27;2027-28;2028-29;2029-30,budget,Fuel and energy,related_breakdown,low,portfolio_ownership,portfolio_default,mapped,
Climate Change Energy the Environment and Water,"Special Accounts 30,000 ­ ­ ­ ­ Total cash from Official Public Account",219961,5,1784022000,11309639000,2023-24;2024-25;2025-26;2026-27;2027-28,budget,Fuel and energy,related_breakdown,low,portfolio_ownership,portfolio_default,mapped,
Climate Change Energy the Environment and Water,Other financial assets (129),219972,4,1228000,1593000,2024-25;2025-26;2026-27;2027-28,budget,Fuel and energy,related_breakdown,low,portfolio_ownership,portfolio_default,mapped,
Climate Change Energy the Environment and Water,Adjusted opening balance,219974,6,577000,158420000,2024-25;2025-26;2026-27;2027-28;2028-29;2029-30,budget,Fuel and energy,related_breakdown,low,portfolio_ownership,portfolio_default,mapped,
Climate Change Energy the Environment and Water,"Other 10,560 (1,194)",219977,3,272000,765000,2025-26;2026-27;2027-28,budget,Fuel and energy,related_breakdown,low,portfolio_ownership,portfolio_default,mapped,
Climate Change Energy the Environment and Water,Cash and cash equivalents at the beginning of the reporting period,219981,7,167000,1228000,2023-24;2024-25;2025-26;2026-27;2027-28;2028-29;2029-30,budget,Fuel and energy,related_breakdown,low,portfolio_ownership,portfolio_default,mapped,
Climate Change Energy the Environment and Water,Funded internally from departmental resources (b),219983,7,3111000,35060000,2023-24;2024-25;2025-26;2026-27;2027-28;2028-29;2029-30,budget,Fuel and energy,related_breakdown,low,portfolio_ownership,portfolio_default,mapped,
Climate Change Energy the Environment and Water,Payment measures Future Made in Australia – Making Australia a Renewable Energy Superpower (a) (b) 1.1 Departmental payment ­,219988,4,138083000,497550000,2024-25;2025-26;2026-27;2027-28,budget,Fuel and energy,related_breakdown,low,portfolio_ownership,portfolio_default,mapped,
Climate Change Energy the Environment and Water,Surplus/(deficit) attributable to the Australian Government,219994,5,18534000,42180000,2024-25;2025-26;2026-27;2027-28;2028-29,budget,Fuel and energy,related_breakdown,low,portfolio_ownership,portfolio_default,mapped,
Climate Change Energy the Environment and Water,Supplier,220007,6,156816000,241236000,2024-25;2025-26;2026-27;2027-28;2028-29;2029-30,budget,Fuel and energy,related_breakdown,low,portfolio_ownership,portfolio_default,mapped,
Climate Change Energy the Environment and Water,"Adjusted opening balance (1,202,608)",220017,3,383808000,1796417000,2024-25;2025-26;2027-28,budget,Fuel and energy,related_breakdown,low,portfolio_ownership,portfolio_default,mapped,
Climate Change Energy the Environment and Water,Lease liability – interest payments,220020,6,656000,2266000,2024-25;2025-26;2026-27;2027-28;2028-29;2029-30,budget,Fuel and energy,related_breakdown,low,portfolio_ownership,portfolio_default,mapped,
Climate Change Energy the Environment and Water,Cash used Lease liability – principal payments,220025,6,1450000,15287000,2024-25;2025-26;2026-27;2027-28;2028-29;2029-30,budget,Fuel and energy,related_breakdown,low,portfolio_ownership,portfolio_default,mapped,
Climate Change Energy the Environment and Water,Funded by capital appropriation – DCB (b),220029,6,919000,137866000,2024-25;2025-26;2026-27;2027-28;2028-29;2029-30,budget,Fuel and energy,related_breakdown,low,portfolio_ownership,portfolio_default,mapped,
Climate Change Energy the Environment and Water,Funded internally from departmental resources (c),220030,6,3786000,5697000,2024-25;2025-26;2026-27;2027-28;2028-29;2029-30,budget,Fuel and energy,related_breakdown,low,portfolio_ownership,portfolio_default,mapped,
Climate Change Energy the Environment and Water,Concessional loan discount,220036,6,295143000,4117547000,2024-25;2025-26;2026-27;2027-28;2028-29;2029-30,budget,Fuel and energy,related_breakdown,low,portfolio_ownership,portfolio_default,mapped,
Climate Change Energy the Environment and Water,Other financing costs,220037,6,226000,757000,2024-25;2025-26;2026-27;2027-28;2028-29;2029-30,budget,Fuel and energy,related_breakdown,low,portfolio_ownership,portfolio_default,mapped,
Climate Change Energy the Environment and Water,Provision for Impairment,220038,6,37500000,188400000,2024-25;2025-26;2026-27;2027-28;2028-29;2029-30,budget,Fuel and energy,related_breakdown,low,portfolio_ownership,portfolio_default,mapped,
Climate Change Energy the Environment and Water,Advances and loans,220046,6,4611551000,14873163000,2024-25;2025-26;2026-27;2027-28;2028-29;2029-30,budget,Fuel and energy,related_breakdown,low,portfolio_ownership,portfolio_default,mapped,
Climate Change Energy the Environment and Water,Investment in shares,220047,6,1868258000,2980909000,2024-25;2025-26;2026-27;2027-28;2028-29;2029-30,budget,Fuel and energy,related_breakdown,low,portfolio_ownership,portfolio_default,mapped,
Climate Change Energy the Environment and Water,Investments in other interest bearing securities,220048,6,1433394000,2247864000,2024-25;2025-26;2026-27;2027-28;2028-29;2029-30,budget,Fuel and energy,related_breakdown,low,portfolio_ownership,portfolio_default,mapped,
Climate Change Energy the Environment and Water,Employee payables,220051,6,14388000,15654000,2024-25;2025-26;2026-27;2027-28;2028-29;2029-30,budget,Fuel and energy,related_breakdown,low,portfolio_ownership,portfolio_default,mapped,
Climate Change Energy the Environment and Water,Provisions for loan commitment,220052,6,170393000,3334601000,2024-25;2025-26;2026-27;2027-28;2028-29;2029-30,budget,Fuel and energy,related_breakdown,low,portfolio_ownership,portfolio_default,mapped,
Climate Change Energy the Environment and Water,Other investing cash receipts for policy purposes,220057,6,185188000,521966000,2024-25;2025-26;2026-27;2027-28;2028-29;2029-30,budget,Fuel and energy,related_breakdown,low,portfolio_ownership,portfolio_default,mapped,
Climate Change Energy the Environment and Water,"Cash used Purchase of property plant, and equipment and intangibles",220058,6,1000000,6250000,2024-25;2025-26;2026-27;2027-28;2028-29;2029-30,budget,Fuel and energy,related_breakdown,low,portfolio_ownership,portfolio_default,mapped,
Climate Change Energy the Environment and Water,Advances and loans made,220059,6,2823959000,6054527000,2024-25;2025-26;2026-27;2027-28;2028-29;2029-30,budget,Fuel and energy,related_breakdown,low,portfolio_ownership,portfolio_default,mapped,
Climate Change Energy the Environment and Water,Other investing cash payments for policy purposes,220060,6,588696000,909936000,2024-25;2025-26;2026-27;2027-28;2028-29;2029-30,budget,Fuel and energy,related_breakdown,low,portfolio_ownership,portfolio_default,mapped,
Climate Change Energy the Environment and Water,Return to CEFC Special Account held by portfolio department,220065,6,100000000,550000000,2024-25;2025-26;2026-27;2027-28;2028-29;2029-30,budget,Fuel and energy,related_breakdown,low,portfolio_ownership,portfolio_default,mapped,
Climate Change Energy the Environment and Water,Depreciation and amortisation (a),220073,6,3895000,3956000,2024-25;2025-26;2026-27;2027-28;2028-29;2029-30,budget,Fuel and energy,related_breakdown,low,portfolio_ownership,portfolio_default,mapped,
Climate Change Energy the Environment and Water,"Adjusted opening balance (85,065)",220077,3,9832000,92411000,2024-25;2025-26;2027-28,budget,Fuel and energy,related_breakdown,low,portfolio_ownership,portfolio_default,mapped,
Climate Change Energy the Environment and Water,Provisions Other provisions,220090,6,795424000,820694000,2024-25;2025-26;2026-27;2027-28;2028-29;2029-30,budget,Fuel and energy,related_breakdown,low,portfolio_ownership,portfolio_default,mapped,
Climate Change Energy the Environment and Water,Cash used Suppliers,220092,6,64468000,96379000,2024-25;2025-26;2026-27;2027-28;2028-29;2029-30,budget,Fuel and energy,related_breakdown,low,portfolio_ownership,portfolio_default,mapped,
Climate Change Energy the Environment and Water,Cash used Special Account,220095,6,3500000,3500000,2024-25;2025-26;2026-27;2027-28;2028-29;2029-30,budget,Fuel and energy,related_breakdown,low,portfolio_ownership,portfolio_default,mapped,
Climate Change Energy the Environment and Water,"Adjusted opening balance (19,801)",220113,3,232374000,495914000,2024-25;2025-26;2027-28,budget,Fuel and energy,related_breakdown,low,portfolio_ownership,portfolio_default,mapped,
Climate Change Energy the Environment and Water,Borrowing costs,220117,6,914000,10295000,2024-25;2025-26;2026-27;2027-28;2028-29;2029-30,budget,Fuel and energy,related_breakdown,low,portfolio_ownership,portfolio_default,mapped,
Climate Change Energy the Environment and Water,Payments to Queensland Government for Field Management Program,220124,6,25301000,32596000,2024-25;2025-26;2026-27;2027-28;2028-29;2029-30,budget,Fuel and energy,related_breakdown,low,portfolio_ownership,portfolio_default,mapped,
Climate Change Energy the Environment and Water,Permit fees,220127,6,124000,260000,2024-25;2025-26;2026-27;2027-28;2028-29;2029-30,budget,Fuel and energy,related_breakdown,low,portfolio_ownership,portfolio_default,mapped,
Climate Change Energy the Environment and Water,Permit bonds,220130,6,1063000,1620000,2024-25;2025-26;2026-27;2027-28;2028-29;2029-30,budget,Fuel and energy,related_breakdown,low,portfolio_ownership,portfolio_default,mapped,
Climate Change Energy the Environment and Water,"Adjusted opening balance (2,315)",220133,3,2147000,83784000,2024-25;2025-26;2027-28,budget,Fuel and energy,related_breakdown,low,portfolio_ownership,portfolio_default,mapped,
Climate Change Energy the Environment and Water,Interest payment on lease liability,220138,6,34000,34000,2024-25;2025-26;2026-27;2027-28;2028-29;2029-30,budget,Fuel and energy,related_breakdown,low,portfolio_ownership,portfolio_default,mapped,
Climate Change Energy the Environment and Water,Payment to Queensland Government for Field Management Program,220139,6,25301000,32596000,2024-25;2025-26;2026-27;2027-28;2028-29;2029-30,budget,Fuel and energy,related_breakdown,low,portfolio_ownership,portfolio_default,mapped,
Climate Change Energy the Environment and Water,Infringement notices,220148,6,80000,80000,2024-25;2025-26;2026-27;2027-28;2028-29;2029-30,budget,Fuel and energy,related_breakdown,low,portfolio_ownership,portfolio_default,mapped,
Climate Change Energy the Environment and Water,Rental income,220149,6,433000,511000,2024-25;2025-26;2026-27;2027-28;2028-29;2029-30,budget,Fuel and energy,related_breakdown,low,portfolio_ownership,portfolio_default,mapped,
Climate Change Energy the Environment and Water,Cash to Official Public Account for: – Special Appropriations,220154,6,11000000,13000000,2024-25;2025-26;2026-27;2027-28;2028-29;2029-30,budget,Fuel and energy,related_breakdown,low,portfolio_ownership,portfolio_default,mapped,
Climate Change Energy the Environment and Water,Cash from Official Public Account for:,220156,6,11513000,13591000,2024-25;2025-26;2026-27;2027-28;2028-29;2029-30,budget,Fuel and energy,related_breakdown,low,portfolio_ownership,portfolio_default,mapped,
Climate Change Energy the Environment and Water,"Accumulated depreciation/amortisation and impairment ­ (1,425) (1,425) Opening net book balance",220157,3,2238000,9208000,2024-25;2025-26;2027-28,budget,Fuel and energy,related_breakdown,low,portfolio_ownership,portfolio_default,mapped,
Climate Change Energy the Environment and Water,Other movements Deprecation expense ­ 14 14 Total other movements - 14 14 As at 30 June 2025 Gross book value,220158,3,3663000,10633000,2024-25;2025-26;2027-28,budget,Fuel and energy,related_breakdown,low,portfolio_ownership,portfolio_default,mapped,
Climate Change Energy the Environment and Water,"Accumulated depreciation/amortisation and impairment ­ (1,439) (1,439) Closing net book balance",220159,3,2224000,9194000,2024-25;2025-26;2027-28,budget,Fuel and energy,related_breakdown,low,portfolio_ownership,portfolio_default,mapped,
Climate Change Energy the Environment and Water,Grants (a),220161,6,10572000,19572000,2024-25;2025-26;2026-27;2027-28;2028-29;2029-30,budget,Fuel and energy,related_breakdown,low,portfolio_ownership,portfolio_default,mapped,
Climate Change Energy the Environment and Water,Finance cost,220162,6,150000,177000,2024-25;2025-26;2026-27;2027-28;2028-29;2029-30,budget,Fuel and energy,related_breakdown,low,portfolio_ownership,portfolio_default,mapped,
Climate Change Energy the Environment and Water,Grants (b),220163,6,109232000,138171000,2024-25;2025-26;2026-27;2027-28;2028-29;2029-30,budget,Fuel and energy,related_breakdown,low,portfolio_ownership,portfolio_default,mapped,
Climate Change Energy the Environment and Water,Royalties,220164,6,1200000,1200000,2024-25;2025-26;2026-27;2027-28;2028-29;2029-30,budget,Fuel and energy,related_breakdown,low,portfolio_ownership,portfolio_default,mapped,
Climate Change Energy the Environment and Water,Asset Revaluation Reserve,220170,6,577000,884000,2024-25;2025-26;2026-27;2027-28;2028-29;2029-30,budget,Fuel and energy,related_breakdown,low,portfolio_ownership,portfolio_default,mapped,
Climate Change Energy the Environment and Water,Grants cash received,220173,6,109232000,138171000,2024-25;2025-26;2026-27;2027-28;2028-29;2029-30,budget,Fuel and energy,related_breakdown,low,portfolio_ownership,portfolio_default,mapped,
Climate Change Energy the Environment and Water,"Provided for: Purchase of non­financial assets 9,998 ­",220178,3,1294000,1344000,2024-25;2025-26;2027-28,budget,Fuel and energy,related_breakdown,low,portfolio_ownership,portfolio_default,mapped,
Climate Change Energy the Environment and Water,"PURCHASE OF NON-FINANCIAL ASSETS Funded by capital appropriations (a) 6,145 ­",220179,3,1294000,1344000,2024-25;2025-26;2027-28,budget,Fuel and energy,related_breakdown,low,portfolio_ownership,portfolio_default,mapped,
Home Affairs,Streamlining AusCheck's Background Checking Services (a) 1.2 Administered receipt –,220208,4,12894000,19146000,2026-27;2027-28;2028-29;2029-30,budget;forward_estimate,Public order and safety,related_breakdown,high,portfolio_ownership,portfolio_default,mapped,
Home Affairs,"Administered receipt (20,000) .. – – – Total (20,000) .. – – – Uplift of the Passenger Movement Charge (a) 3.3 Administered receipt –",220209,4,90000000,230000000,2026-27;2027-28;2028-29;2029-30,budget;forward_estimate,Public order and safety,related_breakdown,high,portfolio_ownership,portfolio_default,mapped,
Home Affairs,Australian Trusted Trader Program – expansion 3.1 Departmental payment –,220210,4,196000,2956000,2026-27;2027-28;2028-29;2029-30,budget;forward_estimate,Public order and safety,related_breakdown,high,portfolio_ownership,portfolio_default,mapped,
Home Affairs,Departmental payment 183 565 – – – Total 183 565 – – – Streamlining AusCheck's Background Checking Services 1.2 Departmental payment –,220211,4,15832000,17696000,2026-27;2027-28;2028-29;2029-30,budget;forward_estimate,Public order and safety,related_breakdown,high,portfolio_ownership,portfolio_default,mapped,
Home Affairs,Supporting Aviation Priorities (f) 3.2 Departmental payment –,220213,4,2364000,7070000,2026-27;2027-28;2028-29;2029-30,budget;forward_estimate,Public order and safety,related_breakdown,high,portfolio_ownership,portfolio_default,mapped,
Home Affairs,Program 3.2: Border Management Administered expenses Ordinary annual services (Appropriation Bill No. 1),220214,5,8000,25464000,2026-27;2027-28;2028-29;2029-30,budget;estimated_actual;forward_estimate,Public order and safety,related_breakdown,high,portfolio_ownership,portfolio_default,mapped,
Home Affairs,Program 3.4: Border Enforcement Administered expenses Ordinary annual services (Appropriation Bill No. 1),220215,5,2915000,289941000,2026-27;2027-28;2028-29;2029-30,budget;estimated_actual;forward_estimate,Public order and safety,related_breakdown,high,portfolio_ownership,portfolio_default,mapped,
Home Affairs,Depreciation and amortisation (a),220218,11,405000,5916000,2023-24;2024-25;2025-26;2026-27;2027-28;2028-29;2029-30,budget;estimated_actual;forward_estimate,Public order and safety,related_breakdown,high,portfolio_ownership,portfolio_default,mapped,
Home Affairs,Rental income,220220,11,3031000,3978000,2023-24;2024-25;2025-26;2026-27;2027-28;2028-29;2029-30,budget;estimated_actual;forward_estimate,Public order and safety,related_breakdown,high,portfolio_ownership,portfolio_default,mapped,
Home Affairs,Trade and other receivables,220224,11,43792000,84724000,2023-24;2024-25;2025-26;2026-27;2027-28;2028-29;2029-30,budget;estimated_actual;forward_estimate,Public order and safety,related_breakdown,high,portfolio_ownership,portfolio_default,mapped,
Home Affairs,Provisions Employee provisions,220234,11,12185000,16634000,2023-24;2024-25;2025-26;2026-27;2027-28;2028-29;2029-30,budget;estimated_actual;forward_estimate,Public order and safety,related_breakdown,high,portfolio_ownership,portfolio_default,mapped,
Home Affairs,Other provisions,220235,11,41732000,69314000,2023-24;2024-25;2025-26;2026-27;2027-28;2028-29;2029-30,budget;estimated_actual;forward_estimate,Public order and safety,related_breakdown,high,portfolio_ownership,portfolio_default,mapped,
Home Affairs,"Adjusted opening balance (4,405,125)",220240,3,599340000,4675617000,2027-28;2028-29;2029-30,forward_estimate,Public order and safety,related_breakdown,high,portfolio_ownership,portfolio_default,mapped,
Home Affairs,Net GST received,220244,11,6152000,128687000,2023-24;2024-25;2025-26;2026-27;2027-28;2028-29;2029-30,budget;estimated_actual;forward_estimate,Public order and safety,related_breakdown,high,portfolio_ownership,portfolio_default,mapped,
Home Affairs,Cash used Employees,220246,11,51281000,2102714000,2023-24;2024-25;2025-26;2026-27;2027-28;2028-29;2029-30,budget;estimated_actual;forward_estimate,Public order and safety,related_breakdown,high,portfolio_ownership,portfolio_default,mapped,
Home Affairs,Interest payments on lease liability,220247,11,111000,59520000,2023-24;2024-25;2025-26;2026-27;2027-28;2028-29;2029-30,budget;estimated_actual;forward_estimate,Public order and safety,related_breakdown,high,portfolio_ownership,portfolio_default,mapped,
Home Affairs,Cash used Principal payments on lease liability,220250,11,1532000,4790000,2023-24;2024-25;2025-26;2026-27;2027-28;2028-29;2029-30,budget;estimated_actual;forward_estimate,Public order and safety,related_breakdown,high,portfolio_ownership,portfolio_default,mapped,
Home Affairs,Cash and cash equivalents at the end of the reporting period,220253,11,1008000,4704000,2023-24;2024-25;2025-26;2026-27;2027-28;2028-29;2029-30,budget;estimated_actual;forward_estimate,Public order and safety,related_breakdown,high,portfolio_ownership,portfolio_default,mapped,
Home Affairs,Funded by capital appropriation – DCB (b),220257,9,63111000,177118000,2023-24;2024-25;2025-26;2026-27;2027-28;2028-29;2029-30,budget;estimated_actual;forward_estimate,Public order and safety,related_breakdown,high,portfolio_ownership,portfolio_default,mapped,
Home Affairs,"Funded internally from departmental resources (c) 1,550 – – – – TOTAL",220258,5,187988000,278086000,2026-27;2027-28;2028-29;2029-30,budget;estimated_actual;forward_estimate,Public order and safety,related_breakdown,high,portfolio_ownership,portfolio_default,mapped,
Home Affairs,Other taxes,220269,11,4840982000,7937131000,2023-24;2024-25;2025-26;2026-27;2027-28;2028-29;2029-30,budget;estimated_actual;forward_estimate,Public order and safety,related_breakdown,high,portfolio_ownership,portfolio_default,mapped,
Home Affairs,Surplus/(deficit) after income tax,220272,5,10549026000,11928288000,2026-27;2027-28;2028-29;2029-30,budget;estimated_actual;forward_estimate,Public order and safety,related_breakdown,high,portfolio_ownership,portfolio_default,mapped,
Home Affairs,Taxation receivables,220273,11,319926000,516782000,2023-24;2024-25;2025-26;2026-27;2027-28;2028-29;2029-30,budget;estimated_actual;forward_estimate,Public order and safety,related_breakdown,high,portfolio_ownership,portfolio_default,mapped,
Home Affairs,Provisions Other provisions,220274,11,7616000,9991000,2023-24;2024-25;2025-26;2026-27;2027-28;2028-29;2029-30,budget;estimated_actual;forward_estimate,Public order and safety,related_breakdown,high,portfolio_ownership,portfolio_default,mapped,
Home Affairs,Cash used Grant,220277,11,46854000,795542000,2023-24;2024-25;2025-26;2026-27;2027-28;2028-29;2029-30,budget;estimated_actual;forward_estimate,Public order and safety,related_breakdown,high,portfolio_ownership,portfolio_default,mapped,
Home Affairs,"Other 33,313 – – – – Total cash received",220278,5,28828000,263061000,2026-27;2027-28;2028-29;2029-30,budget;estimated_actual;forward_estimate,Public order and safety,related_breakdown,high,portfolio_ownership,portfolio_default,mapped,
Home Affairs,Cash and cash equivalents at beginning of reporting period,220281,8,120670000,153083000,2025-26;2026-27;2027-28;2028-29;2029-30,budget;estimated_actual;forward_estimate,Public order and safety,related_breakdown,high,portfolio_ownership,portfolio_default,mapped,
Home Affairs,Cash from Official Public Account for: - Appropriations,220282,11,60373000,3082275000,2023-24;2024-25;2025-26;2026-27;2027-28;2028-29;2029-30,budget;estimated_actual;forward_estimate,Public order and safety,related_breakdown,high,portfolio_ownership,portfolio_default,mapped,
Home Affairs,Cash to Official Public Account for: - Appropriations,220283,8,7331000,13102000,2025-26;2026-27;2027-28;2028-29;2029-30,budget;estimated_actual;forward_estimate,Public order and safety,related_breakdown,high,portfolio_ownership,portfolio_default,mapped,
Home Affairs,Cash and cash equivalents at end of reporting period,220284,8,500000,7112000,2025-26;2026-27;2027-28;2028-29;2029-30,budget;estimated_actual;forward_estimate,Public order and safety,related_breakdown,high,portfolio_ownership,portfolio_default,mapped,
Home Affairs,Securing the National Disability Insurance Scheme for Future Generations (e) 1.1 Departmental payment –,220293,4,1457000,1514000,2026-27;2027-28;2028-29;2029-30,budget;forward_estimate,Public order and safety,related_breakdown,high,portfolio_ownership,portfolio_default,mapped,
Home Affairs,Retained surplus (accumulated deficit),220297,9,1029000,13534000,2023-24;2024-25;2025-26;2026-27;2027-28;2028-29;2029-30,budget;estimated_actual;forward_estimate,Public order and safety,related_breakdown,high,portfolio_ownership,portfolio_default,mapped,
Home Affairs,Adjusted opening balance,220298,8,462000,43885000,2024-25;2025-26;2026-27;2027-28;2028-29;2029-30,budget;forward_estimate,Public order and safety,related_breakdown,high,portfolio_ownership,portfolio_default,mapped,
Home Affairs,"Equity injections – Bill 2 24,267 32,511 – – – Total new capital appropriations",220304,5,2893000,35361000,2026-27;2027-28;2028-29;2029-30,budget;estimated_actual;forward_estimate,Public order and safety,related_breakdown,high,portfolio_ownership,portfolio_default,mapped,
Home Affairs,"ASSETS Funded by capital appropriations (a) 24,374 32,511 – – – Funded by capital appropriation – DCB (b)",220305,5,2802000,2964000,2026-27;2027-28;2028-29;2029-30,budget;estimated_actual;forward_estimate,Public order and safety,related_breakdown,high,portfolio_ownership,portfolio_default,mapped,
Home Affairs,Funded internally from departmental resources,220306,5,23326000,38302000,2026-27;2027-28;2028-29;2029-30,budget;estimated_actual;forward_estimate,Public order and safety,related_breakdown,high,portfolio_ownership,portfolio_default,mapped,
Home Affairs,Securing the National Disability Insurance Scheme for Future Generations (d) 1.1 Departmental payment –,220313,4,2778000,3153000,2026-27;2027-28;2028-29;2029-30,budget;forward_estimate,Public order and safety,related_breakdown,high,portfolio_ownership,portfolio_default,mapped,
Home Affairs,Gains Other,220315,5,13845000,14880000,2026-27;2027-28;2028-29;2029-30,budget;estimated_actual;forward_estimate,Public order and safety,related_breakdown,high,portfolio_ownership,portfolio_default,mapped,
Home Affairs,Funded internally from departmental resources (c),220321,5,4946000,10034000,2026-27;2027-28;2028-29;2029-30,budget;estimated_actual;forward_estimate,Public order and safety,related_breakdown,high,portfolio_ownership,portfolio_default,mapped,
Home Affairs,Cash received Net GST received 7 7 – – – Total cash received 7 7 – – – Cash used Suppliers,220328,5,102729000,141673000,2026-27;2027-28;2028-29;2029-30,budget;estimated_actual;forward_estimate,Public order and safety,related_breakdown,high,portfolio_ownership,portfolio_default,mapped,
Home Affairs,Net GST paid 7 7 – – – Total cash used,220329,5,102729000,141673000,2026-27;2027-28;2028-29;2029-30,budget;estimated_actual;forward_estimate,Public order and safety,related_breakdown,high,portfolio_ownership,portfolio_default,mapped,
Home Affairs,Cash and cash equivalents at beginning of reporting period Cash from Official Public Account for: - Appropriations,220330,5,102729000,141673000,2026-27;2027-28;2028-29;2029-30,budget;estimated_actual;forward_estimate,Public order and safety,related_breakdown,high,portfolio_ownership,portfolio_default,mapped,
Home Affairs,Royalties,220331,5,50000,50000,2026-27;2027-28;2028-29;2029-30,budget;estimated_actual;forward_estimate,Public order and safety,related_breakdown,high,portfolio_ownership,portfolio_default,mapped,
Home Affairs,Library collection,220334,5,574000,581000,2026-27;2027-28;2028-29;2029-30,budget;estimated_actual;forward_estimate,Public order and safety,related_breakdown,high,portfolio_ownership,portfolio_default,mapped,
Home Affairs,Contributions by owners Departmental capital budget (DCB) – – 24 24 Sub-total transactions with owners – – 24 24 Estimated closing balance as at 30 June,220336,5,713000,3226000,2026-27;2027-28;2028-29;2029-30,budget;estimated_actual;forward_estimate,Public order and safety,related_breakdown,high,portfolio_ownership,portfolio_default,mapped,
Home Affairs,Cash used Other,220351,9,39514000,69470000,2023-24;2024-25;2025-26;2026-27;2027-28;2028-29;2029-30,budget;estimated_actual;forward_estimate,Public order and safety,related_breakdown,high,portfolio_ownership,portfolio_default,mapped,
Home Affairs,"Other 27,028 – – – – Total cash received",220354,5,132274000,210004000,2026-27;2027-28;2028-29;2029-30,budget;estimated_actual;forward_estimate,Public order and safety,related_breakdown,high,portfolio_ownership,portfolio_default,mapped,
Home Affairs,Net GST paid,220360,5,3952000,5050000,2026-27;2027-28;2028-29;2029-30,budget;estimated_actual;forward_estimate,Public order and safety,related_breakdown,high,portfolio_ownership,portfolio_default,mapped,
Home Affairs,"Equity injections – Bill 2 35,177 8,926 996 – – Total new capital appropriations",220363,5,3431000,36450000,2026-27;2027-28;2028-29;2029-30,budget;estimated_actual;forward_estimate,Public order and safety,related_breakdown,high,portfolio_ownership,portfolio_default,mapped,
Home Affairs,"ASSETS Funded by capital appropriations (a) 33,177 10,926 996 – – Funded by capital appropriation – DCB (b)",220364,5,3332000,3826000,2026-27;2027-28;2028-29;2029-30,budget;estimated_actual;forward_estimate,Public order and safety,related_breakdown,high,portfolio_ownership,portfolio_default,mapped,
Home Affairs,"Accumulated depreciation/ amortisation and impairment – ROU assets (25,550) – – (25,550) Opening net book balance",220365,4,17110000,109099000,2026-27;2027-28;2028-29;2029-30,budget;forward_estimate,Public order and safety,related_breakdown,high,portfolio_ownership,portfolio_default,mapped,
Home Affairs,"Accumulated depreciation/ amortisation and impairment – ROU assets (30,915) – – (30,915) Closing net book balance",220367,4,13725000,99640000,2026-27;2027-28;2028-29;2029-30,budget;forward_estimate,Public order and safety,related_breakdown,high,portfolio_ownership,portfolio_default,mapped,
Home Affairs,Leasehold improvements,220375,8,4296000,16536000,2025-26;2026-27;2027-28;2028-29;2029-30,budget;estimated_actual;forward_estimate,Public order and safety,related_breakdown,high,portfolio_ownership,portfolio_default,mapped,
Home Affairs,Plant and equipment,220376,8,286000,1618000,2025-26;2026-27;2027-28;2028-29;2029-30,budget;estimated_actual;forward_estimate,Public order and safety,related_breakdown,high,portfolio_ownership,portfolio_default,mapped,
Home Affairs,Supplier prepayments,220378,8,630000,1746000,2025-26;2026-27;2027-28;2028-29;2029-30,budget;estimated_actual;forward_estimate,Public order and safety,related_breakdown,high,portfolio_ownership,portfolio_default,mapped,
Home Affairs,Asset revaluation reserve,220382,8,462000,4913000,2025-26;2026-27;2027-28;2028-29;2029-30,budget;estimated_actual;forward_estimate,Public order and safety,related_breakdown,high,portfolio_ownership,portfolio_default,mapped,
Home Affairs,Contributions by owners Departmental capital budget (DCB) – – 221 221 Sub-total transactions with owners – – 221 221 Estimated closing balance as at 30 June,220383,5,2027000,40421000,2026-27;2027-28;2028-29;2029-30,budget;estimated_actual;forward_estimate,Public order and safety,related_breakdown,high,portfolio_ownership,portfolio_default,mapped,
Home Affairs,"Rendering of Services – – 14,479 14,162 – Total non-taxation revenue",220392,5,5448000,20387000,2026-27;2027-28;2028-29;2029-30,budget;estimated_actual;forward_estimate,Public order and safety,related_breakdown,high,portfolio_ownership,portfolio_default,mapped,
Home Affairs,Grant payables,220394,8,101000,7124000,2025-26;2026-27;2027-28;2028-29;2029-30,budget;estimated_actual;forward_estimate,Public order and safety,related_breakdown,high,portfolio_ownership,portfolio_default,mapped,
Home Affairs,"Sale of goods and rendering of services – – 14,479 14,162 – Other",220396,5,4725000,5370000,2026-27;2027-28;2028-29;2029-30,budget;estimated_actual;forward_estimate,Public order and safety,related_breakdown,high,portfolio_ownership,portfolio_default,mapped,
Home Affairs,Cash used Suppliers,220397,8,1868000,44714000,2025-26;2026-27;2027-28;2028-29;2029-30,budget;estimated_actual;forward_estimate,Public order and safety,related_breakdown,high,portfolio_ownership,portfolio_default,mapped,
Industry Science and Resources,"Future Made in Australia - Making Australia a Renewable Energy Superpower (e) (f) (j) 1.1, 1.3 Administered payment (24,500) -",220400,3,2500000,2500000,2025-26;2026-27;2027-28,forward_estimate,Other economic affairs,related_breakdown,medium,portfolio_ownership,portfolio_default,mapped,
Industry Science and Resources,Departmental payment -,220401,7,897000,2560000,2024-25;2025-26;2026-27;2027-28;2028-29;2029-30,budget;forward_estimate,Other economic affairs,related_breakdown,medium,portfolio_ownership,portfolio_default,mapped,
Industry Science and Resources,Departmental payment,220403,11,90000,126862000,2023-24;2024-25;2025-26;2026-27;2027-28;2028-29,budget;estimated_actual;forward_estimate,Other economic affairs,related_breakdown,medium,portfolio_ownership,portfolio_default,mapped,
Industry Science and Resources,"Adjusted opening balance (453,987)",220409,3,28763000,754532000,2025-26;2026-27;2027-28,budget,Other economic affairs,related_breakdown,medium,portfolio_ownership,portfolio_default,mapped,
Industry Science and Resources,Funded internally from departmental resources (c),220415,6,1200000,1800000,2023-24;2024-25;2025-26;2026-27;2027-28;2028-29,budget,Other economic affairs,related_breakdown,medium,portfolio_ownership,portfolio_default,mapped,
Industry Science and Resources,"By purchase - other - ROU assets 11,261 - - 11,261 Total additions",220419,4,31907000,118380000,2024-25;2025-26;2026-27;2027-28,budget,Other economic affairs,related_breakdown,medium,portfolio_ownership,portfolio_default,mapped,
Industry Science and Resources,Rehabilitation costs and other,220425,6,25000000,501825000,2023-24;2024-25;2025-26;2026-27;2027-28;2028-29,budget,Other economic affairs,related_breakdown,medium,portfolio_ownership,portfolio_default,mapped,
Industry Science and Resources,"Special Account by Act 5,000,000 - - - 2,205,000 Equity appropriation - corporate entities",220431,5,110262000,259350000,2023-24;2024-25;2025-26;2026-27;2027-28,budget,Other economic affairs,related_breakdown,medium,portfolio_ownership,portfolio_default,mapped,
Industry Science and Resources,Funded by special accounts,220434,5,200000,3695000,2023-24;2024-25;2025-26;2026-27;2027-28,budget,Other economic affairs,related_breakdown,medium,portfolio_ownership,portfolio_default,mapped,
Industry Science and Resources,"Adjusted opening balance (571,603)",220447,4,9383000,1301414000,2024-25;2025-26;2026-27;2027-28,budget,Other economic affairs,related_breakdown,medium,portfolio_ownership,portfolio_default,mapped,
Industry Science and Resources,Sublease income,220474,6,316000,600000,2023-24;2024-25;2025-26;2026-27;2027-28;2028-29,budget,Other economic affairs,related_breakdown,medium,portfolio_ownership,portfolio_default,mapped,
Industry Science and Resources,Funded by capital appropriation - DCB (b),220481,5,8043000,8854000,2023-24;2024-25;2025-26;2026-27;2027-28,budget,Other economic affairs,related_breakdown,medium,portfolio_ownership,portfolio_default,mapped,
Industry Science and Resources,Borrowing costs -,220504,4,161000,439000,2024-25;2025-26;2026-27;2027-28,budget,Other economic affairs,related_breakdown,medium,portfolio_ownership,portfolio_default,mapped,
Industry Science and Resources,Other provisions -,220510,4,46000,49000,2024-25;2025-26;2026-27;2027-28,budget,Other economic affairs,related_breakdown,medium,portfolio_ownership,portfolio_default,mapped,
Industry Science and Resources,Interest payments on lease liability -,220514,4,160000,438000,2024-25;2025-26;2026-27;2027-28,budget,Other economic affairs,related_breakdown,medium,portfolio_ownership,portfolio_default,mapped,
Industry Science and Resources,Advances and loans made,220517,5,25250000,1540250000,2023-24;2024-25;2025-26;2026-27;2027-28,budget,Other economic affairs,related_breakdown,medium,portfolio_ownership,portfolio_default,mapped,
Industry Science and Resources,Other investing cash payments for policy purposes,220518,6,24750000,1437500000,2023-24;2024-25;2025-26;2026-27;2027-28;2028-29,budget,Other economic affairs,related_breakdown,medium,portfolio_ownership,portfolio_default,mapped,
Industry Science and Resources,Cash used Principal payments on lease liability -,220520,4,1243000,3515000,2024-25;2025-26;2026-27;2027-28,budget,Other economic affairs,related_breakdown,medium,portfolio_ownership,portfolio_default,mapped,
senate,Gains Resources received free of charge,220529,5,2593000,2832000,2026-27;2027-28;2028-29;2029-30,budget;estimated_actual;forward_estimate,,,,,,unmapped,portfolio_not_in_crosswalk
senate,Trade and other receivables,220531,5,14727000,14727000,2026-27;2027-28;2028-29;2029-30,budget;estimated_actual;forward_estimate,,,,,,unmapped,portfolio_not_in_crosswalk
senate,"Adjusted opening balance (6,699)",220541,3,3859000,11534000,2027-28;2028-29;2029-30,forward_estimate,,,,,,unmapped,portfolio_not_in_crosswalk
senate,"Departmental Capital Budget (DCB) - - 108 108 Sub-total transactions with owners - - 108 108 Estimated closing balance as at 30 June 2027 (6,901)",220542,3,3967000,11534000,2027-28;2028-29;2029-30,forward_estimate,,,,,,unmapped,portfolio_not_in_crosswalk
senate,Cash used Employees,220546,5,25817000,26229000,2026-27;2027-28;2028-29;2029-30,budget;estimated_actual;forward_estimate,,,,,,unmapped,portfolio_not_in_crosswalk
senate,Cash and cash equivalents at the end of the reporting period,220551,5,180000,180000,2026-27;2027-28;2028-29;2029-30,budget;estimated_actual;forward_estimate,,,,,,unmapped,portfolio_not_in_crosswalk
department of parliamentary services DPS 2024 25,Depreciation and amortisation (a),220575,5,50328000,50328000,2024-25;2025-26;2026-27;2027-28,budget;estimated_actual;forward_estimate,,,,,,unmapped,portfolio_not_in_crosswalk
department of parliamentary services DPS 2024 25,Trade and other receivables,220583,5,13912000,13912000,2024-25;2025-26;2026-27;2027-28,budget;estimated_actual;forward_estimate,,,,,,unmapped,portfolio_not_in_crosswalk
department of parliamentary services DPS 2024 25,Provisions Employee provisions,220592,5,28680000,28680000,2024-25;2025-26;2026-27;2027-28,budget;estimated_actual;forward_estimate,,,,,,unmapped,portfolio_not_in_crosswalk
department of parliamentary services DPS 2024 25,Net GST received,220598,5,6416000,6573000,2024-25;2025-26;2026-27;2027-28,budget;estimated_actual;forward_estimate,,,,,,unmapped,portfolio_not_in_crosswalk
department of parliamentary services DPS 2024 25,Cash used Employees,220600,5,119269000,123635000,2024-25;2025-26;2026-27;2027-28,budget;estimated_actual;forward_estimate,,,,,,unmapped,portfolio_not_in_crosswalk
department of parliamentary services DPS 2024 25,Net GST Paid,220601,5,6416000,6573000,2024-25;2025-26;2026-27;2027-28,budget;estimated_actual;forward_estimate,,,,,,unmapped,portfolio_not_in_crosswalk
department of parliamentary services DPS 2024 25,Interest payments on lease liability,220602,5,13000,1827000,2024-25;2025-26;2026-27;2027-28,budget;estimated_actual;forward_estimate,,,,,,unmapped,portfolio_not_in_crosswalk
department of parliamentary services DPS 2024 25,Cash used Principal payments on lease liability,220607,5,2279000,3782000,2024-25;2025-26;2026-27;2027-28,budget;estimated_actual;forward_estimate,,,,,,unmapped,portfolio_not_in_crosswalk
department of parliamentary services DPS 2024 25,Cash and cash equivalents at the end of the reporting period,220610,5,893000,893000,2024-25;2025-26;2026-27;2027-28,budget;estimated_actual;forward_estimate,,,,,,unmapped,portfolio_not_in_crosswalk
department of parliamentary services DPS 2024 25,Surplus/(deficit) before income tax,220621,5,56368000,57137000,2024-25;2025-26;2026-27;2027-28,budget;estimated_actual;forward_estimate,,,,,,unmapped,portfolio_not_in_crosswalk
department of parliamentary services DPS 2024 25,Income tax expense Surplus/(deficit) after income tax,220622,5,56368000,57137000,2024-25;2025-26;2026-27;2027-28,budget;estimated_actual;forward_estimate,,,,,,unmapped,portfolio_not_in_crosswalk
department of parliamentary services DPS 2024 25,GST receivable,220623,5,1474000,1474000,2024-25;2025-26;2026-27;2027-28,budget;estimated_actual;forward_estimate,,,,,,unmapped,portfolio_not_in_crosswalk
department of parliamentary services DPS 2024 25,Heritage and cultural,220624,5,127150000,131194000,2024-25;2025-26;2026-27;2027-28,budget;estimated_actual;forward_estimate,,,,,,unmapped,portfolio_not_in_crosswalk
department of parliamentary services DPS 2024 25,Cash used Suppliers,220626,5,10894000,12142000,2024-25;2025-26;2026-27;2027-28,budget;estimated_actual;forward_estimate,,,,,,unmapped,portfolio_not_in_crosswalk
Health Disability and Ageing,"DEPARTMENTAL Prior year appropriation available 2,528,959 3,101,490 Annual appropriations Annual appropriations - ordinary annual services (a) Outcome",220635,3,1000,2390498000,2027-28;2028-29;2029-30,forward_estimate,Health,related_breakdown,high,portfolio_ownership,portfolio_default,mapped,
Health Disability and Ageing,Interest on RoU,220640,11,5000,85000,2024-25;2025-26;2026-27;2027-28;2028-29;2029-30,budget;estimated_actual;forward_estimate,Health,related_breakdown,high,portfolio_ownership,portfolio_default,mapped,
Health Disability and Ageing,"Surplus (Deficit) 29,564 (18,786)",220647,3,16407000,37307000,2025-26;2026-27;2027-28,budget,Health,related_breakdown,high,portfolio_ownership,portfolio_default,mapped,
Health Disability and Ageing,"Surplus (Deficit) attributable to the Australian Government 29,564 (18,786)",220648,3,16407000,37307000,2025-26;2026-27;2027-28,budget,Health,related_breakdown,high,portfolio_ownership,portfolio_default,mapped,
Health Disability and Ageing,Other provisions,220660,11,205000,993000,2024-25;2025-26;2026-27;2027-28;2028-29;2029-30,budget;estimated_actual;forward_estimate,Health,related_breakdown,high,portfolio_ownership,portfolio_default,mapped,
Health Disability and Ageing,Retained surpluses or (accumulated deficits),220665,11,3530000,75941000,2024-25;2025-26;2026-27;2027-28;2028-29;2029-30,budget;estimated_actual;forward_estimate,Health,related_breakdown,high,portfolio_ownership,portfolio_default,mapped,
Health Disability and Ageing,Net GST received,220668,11,469000,290481000,2024-25;2025-26;2026-27;2027-28;2028-29;2029-30,budget;estimated_actual;forward_estimate,Health,related_breakdown,high,portfolio_ownership,portfolio_default,mapped,
Health Disability and Ageing,Cash used Employees,220669,11,10555000,29529000,2024-25;2025-26;2026-27;2027-28;2028-29;2029-30,budget;estimated_actual;forward_estimate,Health,related_breakdown,high,portfolio_ownership,portfolio_default,mapped,
Health Disability and Ageing,Net GST paid,220670,11,423000,290481000,2024-25;2025-26;2026-27;2027-28;2028-29;2029-30,budget;estimated_actual;forward_estimate,Health,related_breakdown,high,portfolio_ownership,portfolio_default,mapped,
Health Disability and Ageing,Interest payments on lease liability,220671,11,5000,85000,2024-25;2025-26;2026-27;2027-28;2028-29;2029-30,budget;estimated_actual;forward_estimate,Health,related_breakdown,high,portfolio_ownership,portfolio_default,mapped,
Health Disability and Ageing,Cash and cash equivalents at the beginning of the reporting period,220676,9,80000,6786000,2024-25;2025-26;2026-27;2027-28;2028-29;2029-30,budget;estimated_actual;forward_estimate,Health,related_breakdown,high,portfolio_ownership,portfolio_default,mapped,
Health Disability and Ageing,Cash and cash equivalents at the end of the reporting period,220677,11,5310000,103760000,2024-25;2025-26;2026-27;2027-28;2028-29;2029-30,budget;estimated_actual;forward_estimate,Health,related_breakdown,high,portfolio_ownership,portfolio_default,mapped,
Health Disability and Ageing,Gross book value - RoU,220680,3,4505000,449723000,2025-26;2026-27;2027-28,budget,Health,related_breakdown,high,portfolio_ownership,portfolio_default,mapped,
Health Disability and Ageing,By purchase - RoU,220683,3,754000,53779000,2025-26;2026-27;2027-28,budget,Health,related_breakdown,high,portfolio_ownership,portfolio_default,mapped,
department of parliamentary services 2025 26 Parliamentary Departments,Depreciation and amortisation (a),220686,5,50328000,50328000,2021-22;2022-23;2023-24;2024-25;2025-26,budget,,,,,,unmapped,portfolio_not_in_crosswalk
department of parliamentary services 2025 26 Parliamentary Departments,"Gains Resources received free of charge 2,407 2,",220687,4,593000,2832000,2022-23;2023-24;2024-25;2025-26,budget,,,,,,unmapped,portfolio_not_in_crosswalk
department of parliamentary services 2025 26 Parliamentary Departments,"Trade and other receivables 13,638 13,",220690,4,638000,13638000,2022-23;2023-24;2024-25;2025-26,budget,,,,,,unmapped,portfolio_not_in_crosswalk
department of parliamentary services 2025 26 Parliamentary Departments,"Non-financial assets Property, plant and equipment 2,052 2,",220691,4,192000,2521000,2022-23;2023-24;2024-25;2025-26,budget,,,,,,unmapped,portfolio_not_in_crosswalk
department of parliamentary services 2025 26 Parliamentary Departments,"EQUIT Y* Parent entity interest Contributed equity 3,559 3,",220699,4,859000,4793000,2022-23;2023-24;2024-25;2025-26,budget,,,,,,unmapped,portfolio_not_in_crosswalk
department of parliamentary services 2025 26 Parliamentary Departments,"Reserves 11,495 11,",220700,4,495000,11495000,2022-23;2023-24;2024-25;2025-26,budget,,,,,,unmapped,portfolio_not_in_crosswalk
department of parliamentary services 2025 26 Parliamentary Departments,"Adjusted opening balance (7,503)",220702,3,3559000,11495000,2023-24;2024-25;2025-26,budget,,,,,,unmapped,portfolio_not_in_crosswalk
department of parliamentary services 2025 26 Parliamentary Departments,"Departmental Capital Budget (DCB) - - 300 300 Sub-total transactions with owners - - 300 300 Estimated closing balance as at 30 June 2026 (7,694)",220703,3,3859000,11495000,2023-24;2024-25;2025-26,budget,,,,,,unmapped,portfolio_not_in_crosswalk
department of parliamentary services 2025 26 Parliamentary Departments,Cash used Employees,220707,5,117216000,125078000,2021-22;2022-23;2023-24;2024-25;2025-26,budget,,,,,,unmapped,portfolio_not_in_crosswalk
department of parliamentary services 2025 26 Parliamentary Departments,Cash and cash equivalents at the end of the reporting period,220712,5,967000,967000,2021-22;2022-23;2023-24;2024-25;2025-26,budget,,,,,,unmapped,portfolio_not_in_crosswalk
department of parliamentary services 2025 26 Parliamentary Departments,T otal new capital appropriations,220713,5,299000,315000,2021-22;2022-23;2023-24;2024-25;2025-26,budget,,,,,,unmapped,portfolio_not_in_crosswalk
department of parliamentary services 2025 26 Parliamentary Departments,Royalties,220722,3,5000,10000,2023-24;2024-25;2025-26,budget,,,,,,unmapped,portfolio_not_in_crosswalk
department of parliamentary services 2025 26 Parliamentary Departments,Gains Other,220723,5,2100000,2200000,2021-22;2022-23;2023-24;2024-25;2025-26,budget,,,,,,unmapped,portfolio_not_in_crosswalk
department of parliamentary services 2025 26 Parliamentary Departments,Trade and other receivables,220728,5,25604000,25604000,2021-22;2022-23;2023-24;2024-25;2025-26,budget,,,,,,unmapped,portfolio_not_in_crosswalk
department of parliamentary services 2025 26 Parliamentary Departments,Provisions Employee provisions,220733,5,6313000,6313000,2021-22;2022-23;2023-24;2024-25;2025-26,budget,,,,,,unmapped,portfolio_not_in_crosswalk
department of parliamentary services 2025 26 Parliamentary Departments,Retained surplus (accumulated deficit),220735,5,23511000,24982000,2021-22;2022-23;2023-24;2024-25;2025-26,budget,,,,,,unmapped,portfolio_not_in_crosswalk
department of parliamentary services 2025 26 Parliamentary Departments,Interest payments on lease liability,220737,5,859000,1945000,2021-22;2022-23;2023-24;2024-25;2025-26,budget,,,,,,unmapped,portfolio_not_in_crosswalk
department of parliamentary services 2025 26 Parliamentary Departments,Surplus/(deficit) before income tax,220748,5,56643000,57703000,2021-22;2022-23;2023-24;2024-25;2025-26,budget,,,,,,unmapped,portfolio_not_in_crosswalk
department of parliamentary services 2025 26 Parliamentary Departments,Surplus/(deficit) after income tax,220749,5,357000,388000,2021-22;2022-23;2023-24;2024-25;2025-26,budget,,,,,,unmapped,portfolio_not_in_crosswalk
department of parliamentary services 2025 26 Parliamentary Departments,Net GST received,220762,5,6510000,6573000,2021-22;2022-23;2023-24;2024-25;2025-26,budget,,,,,,unmapped,portfolio_not_in_crosswalk
department of parliamentary services 2025 26 Parliamentary Departments,Net GST paid,220763,5,1409000,1409000,2021-22;2022-23;2023-24;2024-25;2025-26,budget,,,,,,unmapped,portfolio_not_in_crosswalk
department of parliamentary services 2025 26 Parliamentary Departments,Cash used Principal payments on lease liability,220766,5,2336000,5294000,2021-22;2022-23;2023-24;2024-25;2025-26,budget,,,,,,unmapped,portfolio_not_in_crosswalk
department of parliamentary services 2025 26 Parliamentary Departments,Income tax expense Surplus/(deficit) after income tax,220776,5,56643000,57703000,2021-22;2022-23;2023-24;2024-25;2025-26,budget,,,,,,unmapped,portfolio_not_in_crosswalk
department of parliamentary services 2025 26 Parliamentary Departments,Heritage and cultural,220778,5,133654000,138657000,2021-22;2022-23;2023-24;2024-25;2025-26,budget,,,,,,unmapped,portfolio_not_in_crosswalk
department of parliamentary services 2025 26 Parliamentary Departments,Cash used Suppliers,220780,5,10697000,11926000,2021-22;2022-23;2023-24;2024-25;2025-26,budget,,,,,,unmapped,portfolio_not_in_crosswalk
department of parliamentary services 2025 26 Parliamentary Departments,Adjusted opening balance,220795,1,1759000,1759000,2024-25,budget,,,,,,unmapped,portfolio_not_in_crosswalk
Agriculture Fisheries and Forestry,"Departmental payment OC1,OC2 -",220801,4,16122000,24190000,2026-27;2027-28;2028-29;2029-30,budget;forward_estimate,"Agriculture, forestry and fishing",related_breakdown,high,portfolio_ownership,portfolio_default,mapped,
Agriculture Fisheries and Forestry,Supporting Trade and Tourism (b) Administered payment 1.10 - 220 80 - - Departmental payment OC1 -,220802,4,1036000,2345000,2026-27;2027-28;2028-29;2029-30,budget;forward_estimate,"Agriculture, forestry and fishing",related_breakdown,high,portfolio_ownership,portfolio_default,mapped,
Agriculture Fisheries and Forestry,Enhancing Australia’s Biosecurity System – Priority Pest and Disease Planning and Response,220804,11,2558000,4534000,2023-24;2024-25;2025-26;2026-27;2027-28;2028-29;2029-30,budget;estimated_actual;forward_estimate,"Agriculture, forestry and fishing",related_breakdown,high,portfolio_ownership,portfolio_default,mapped,
Agriculture Fisheries and Forestry,Indigenous Rangers Biosecurity Program,220805,8,1146000,3613000,2025-26;2026-27;2027-28;2028-29;2029-30,budget;estimated_actual;forward_estimate,"Agriculture, forestry and fishing",related_breakdown,high,portfolio_ownership,portfolio_default,mapped,
Agriculture Fisheries and Forestry,"Green Brand 2,000 - - - 2,000 Priorities for Australia's Biosecurity System – Environmental Protection Officer",220806,5,825000,1298000,2026-27;2027-28;2028-29;2029-30,budget;estimated_actual;forward_estimate,"Agriculture, forestry and fishing",related_breakdown,high,portfolio_ownership,portfolio_default,mapped,
Agriculture Fisheries and Forestry,Commonwealth Membership of Animal Health Australia and Plant Health Australia,220809,11,2518000,3390000,2023-24;2024-25;2025-26;2026-27;2027-28;2028-29;2029-30,budget;estimated_actual;forward_estimate,"Agriculture, forestry and fishing",related_breakdown,high,portfolio_ownership,portfolio_default,mapped,
Agriculture Fisheries and Forestry,International Organisations Contribution – World Organisation for Animal Health,220810,11,268000,664000,2023-24;2024-25;2025-26;2026-27;2027-28;2028-29;2029-30,budget;estimated_actual;forward_estimate,"Agriculture, forestry and fishing",related_breakdown,high,portfolio_ownership,portfolio_default,mapped,
Agriculture Fisheries and Forestry,Other Exotic Disease Preparedness Program,220811,11,723000,825000,2023-24;2024-25;2025-26;2026-27;2027-28;2028-29;2029-30,budget;estimated_actual;forward_estimate,"Agriculture, forestry and fishing",related_breakdown,high,portfolio_ownership,portfolio_default,mapped,
Agriculture Fisheries and Forestry,Payment to CSIRO – contribution to the operating costs of the Australian Centre for Disease Preparedness,220812,9,9186000,10673000,2023-24;2024-25;2025-26;2026-27;2027-28;2028-29;2029-30,budget;estimated_actual;forward_estimate,"Agriculture, forestry and fishing",related_breakdown,high,portfolio_ownership,portfolio_default,mapped,
Agriculture Fisheries and Forestry,Plant Biosecurity and Response Reform,220813,11,1563000,2371000,2023-24;2024-25;2025-26;2026-27;2027-28;2028-29;2029-30,budget;estimated_actual;forward_estimate,"Agriculture, forestry and fishing",related_breakdown,high,portfolio_ownership,portfolio_default,mapped,
Agriculture Fisheries and Forestry,"Economy – strengthening research, skills and management of natural resources – immediate assistance fund",220814,5,260000,2199000,2026-27;2027-28;2028-29;2029-30,budget;estimated_actual;forward_estimate,"Agriculture, forestry and fishing",related_breakdown,high,portfolio_ownership,portfolio_default,mapped,
Agriculture Fisheries and Forestry,"Special appropriations Primary Industries Levies and Charges Disbursement Act 2024, s.52 – Animal Health Australia",220816,5,11346000,12237000,2026-27;2027-28;2028-29;2029-30,budget;estimated_actual;forward_estimate,"Agriculture, forestry and fishing",related_breakdown,high,portfolio_ownership,portfolio_default,mapped,
Agriculture Fisheries and Forestry,"Primary Industries Levies and Charges Disbursement Act 2024, s.62 – Plant Health Australia",220817,5,13235000,14116000,2026-27;2027-28;2028-29;2029-30,budget;estimated_actual;forward_estimate,"Agriculture, forestry and fishing",related_breakdown,high,portfolio_ownership,portfolio_default,mapped,
Agriculture Fisheries and Forestry,"Special accounts: Biosecurity, Imported Food and Export Certification Special Account",220818,6,2020000,747764000,2025-26;2026-27;2027-28;2028-29;2029-30,actual;budget;estimated_actual;forward_estimate,"Agriculture, forestry and fishing",related_breakdown,high,portfolio_ownership,portfolio_default,mapped,
Agriculture Fisheries and Forestry,"Special Account – s.80, PGPA Act [s.64, Primary Industries Levies and Charges Disbursement Act 2024]",220819,5,13399000,14512000,2026-27;2027-28;2028-29;2029-30,budget;estimated_actual;forward_estimate,"Agriculture, forestry and fishing",related_breakdown,high,portfolio_ownership,portfolio_default,mapped,
Agriculture Fisheries and Forestry,Special Account total,220820,11,519832000,761312000,2023-24;2024-25;2025-26;2026-27;2027-28;2028-29;2029-30,budget;estimated_actual;forward_estimate,"Agriculture, forestry and fishing",related_breakdown,high,portfolio_ownership,portfolio_default,mapped,
Agriculture Fisheries and Forestry,Impairment loss on financial instruments,220826,11,919000,919000,2023-24;2024-25;2025-26;2026-27;2027-28;2028-29;2029-30,budget;estimated_actual;forward_estimate,"Agriculture, forestry and fishing",related_breakdown,high,portfolio_ownership,portfolio_default,mapped,
Agriculture Fisheries and Forestry,Gains Other,220830,11,45000,1618000,2023-24;2024-25;2025-26;2026-27;2027-28;2028-29;2029-30,budget;estimated_actual;forward_estimate,"Agriculture, forestry and fishing",related_breakdown,high,portfolio_ownership,portfolio_default,mapped,
Agriculture Fisheries and Forestry,Trade and other receivables,220834,11,1140000,8095000,2023-24;2024-25;2025-26;2026-27;2027-28;2028-29;2029-30,budget;estimated_actual;forward_estimate,"Agriculture, forestry and fishing",related_breakdown,high,portfolio_ownership,portfolio_default,mapped,
Agriculture Fisheries and Forestry,Other investments,220835,10,16000000,16000000,2023-24;2024-25;2025-26;2026-27;2027-28;2028-29;2029-30,budget;estimated_actual;forward_estimate,"Agriculture, forestry and fishing",related_breakdown,high,portfolio_ownership,portfolio_default,mapped,
Agriculture Fisheries and Forestry,Intangibles & computer,220838,5,259172000,286299000,2026-27;2027-28;2028-29;2029-30,budget;estimated_actual;forward_estimate,"Agriculture, forestry and fishing",related_breakdown,high,portfolio_ownership,portfolio_default,mapped,
Agriculture Fisheries and Forestry,Provisions Employee provisions,220844,11,1500000,5579000,2023-24;2024-25;2025-26;2026-27;2027-28;2028-29;2029-30,budget;estimated_actual;forward_estimate,"Agriculture, forestry and fishing",related_breakdown,high,portfolio_ownership,portfolio_default,mapped,
Agriculture Fisheries and Forestry,Other provisions,220845,11,188000,10786000,2023-24;2024-25;2025-26;2026-27;2027-28;2028-29;2029-30,budget;estimated_actual;forward_estimate,"Agriculture, forestry and fishing",related_breakdown,high,portfolio_ownership,portfolio_default,mapped,
Agriculture Fisheries and Forestry,"Adjusted opening balance (1,458,801)",220850,4,75526000,1185779000,2026-27;2027-28;2028-29;2029-30,budget;forward_estimate,"Agriculture, forestry and fishing",related_breakdown,high,portfolio_ownership,portfolio_default,mapped,
Agriculture Fisheries and Forestry,Net GST received,220855,11,1141000,72819000,2023-24;2024-25;2025-26;2026-27;2027-28;2028-29;2029-30,budget;estimated_actual;forward_estimate,"Agriculture, forestry and fishing",related_breakdown,high,portfolio_ownership,portfolio_default,mapped,
Agriculture Fisheries and Forestry,Cash used Employees,220857,11,12141000,27775000,2023-24;2024-25;2025-26;2026-27;2027-28;2028-29;2029-30,budget;estimated_actual;forward_estimate,"Agriculture, forestry and fishing",related_breakdown,high,portfolio_ownership,portfolio_default,mapped,
Agriculture Fisheries and Forestry,Net GST paid,220858,5,53229000,53229000,2026-27;2027-28;2028-29;2029-30,budget;estimated_actual;forward_estimate,"Agriculture, forestry and fishing",related_breakdown,high,portfolio_ownership,portfolio_default,mapped,
Agriculture Fisheries and Forestry,"Cash used Construction/purchase of property, plant and equipment",220862,5,80981000,154691000,2026-27;2027-28;2028-29;2029-30,budget;estimated_actual;forward_estimate,"Agriculture, forestry and fishing",related_breakdown,high,portfolio_ownership,portfolio_default,mapped,
Agriculture Fisheries and Forestry,Purchase of financial instruments,220863,10,16000000,16000000,2023-24;2024-25;2025-26;2026-27;2027-28;2028-29;2029-30,budget;estimated_actual;forward_estimate,"Agriculture, forestry and fishing",related_breakdown,high,portfolio_ownership,portfolio_default,mapped,
Agriculture Fisheries and Forestry,Cash and cash equivalents at the end of the reporting period,220867,11,8000000,15201000,2023-24;2024-25;2025-26;2026-27;2027-28;2028-29;2029-30,budget;estimated_actual;forward_estimate,"Agriculture, forestry and fishing",related_breakdown,high,portfolio_ownership,portfolio_default,mapped,
Agriculture Fisheries and Forestry,Funded by capital appropriations – DCB (b),220871,5,67507000,87804000,2026-27;2027-28;2028-29;2029-30,budget;estimated_actual;forward_estimate,"Agriculture, forestry and fishing",related_breakdown,high,portfolio_ownership,portfolio_default,mapped,
Agriculture Fisheries and Forestry,Funded internally from departmental resources (c),220872,9,10000000,10000000,2024-25;2025-26;2026-27;2027-28;2028-29;2029-30,budget;estimated_actual;forward_estimate,"Agriculture, forestry and fishing",related_breakdown,high,portfolio_ownership,portfolio_default,mapped,
Agriculture Fisheries and Forestry,Levy disbursements and Commonwealth contributions,220881,10,984659000,1196450000,2023-24;2024-25;2025-26;2026-27;2027-28;2028-29;2029-30,budget;estimated_actual;forward_estimate,"Agriculture, forestry and fishing",related_breakdown,high,portfolio_ownership,portfolio_default,mapped,
Agriculture Fisheries and Forestry,Payments to corporate entities,220883,10,18873000,30368000,2023-24;2024-25;2025-26;2026-27;2027-28;2028-29;2029-30,budget;estimated_actual;forward_estimate,"Agriculture, forestry and fishing",related_breakdown,high,portfolio_ownership,portfolio_default,mapped,
Agriculture Fisheries and Forestry,Agriculture Future Drought Resilience Special Account,220886,10,79000000,100000000,2023-24;2024-25;2025-26;2026-27;2027-28;2028-29;2029-30,budget;estimated_actual;forward_estimate,"Agriculture, forestry and fishing",related_breakdown,high,portfolio_ownership,portfolio_default,mapped,
Agriculture Fisheries and Forestry,Loan receivables,220888,10,2861270000,3522590000,2023-24;2024-25;2025-26;2026-27;2027-28;2028-29;2029-30,budget;estimated_actual;forward_estimate,"Agriculture, forestry and fishing",related_breakdown,high,portfolio_ownership,portfolio_default,mapped,
Agriculture Fisheries and Forestry,Provisions Loans commitments to Farm Business,220891,9,1547000,25000000,2024-25;2025-26;2026-27;2027-28;2028-29;2029-30,budget;estimated_actual;forward_estimate,"Agriculture, forestry and fishing",related_breakdown,high,portfolio_ownership,portfolio_default,mapped,
Agriculture Fisheries and Forestry,Special account transfers,220893,10,79000000,100000000,2023-24;2024-25;2025-26;2026-27;2027-28;2028-29;2029-30,budget;estimated_actual;forward_estimate,"Agriculture, forestry and fishing",related_breakdown,high,portfolio_ownership,portfolio_default,mapped,
Agriculture Fisheries and Forestry,Other Operating Receipts,220894,5,8836000,8836000,2026-27;2027-28;2028-29;2029-30,budget;estimated_actual;forward_estimate,"Agriculture, forestry and fishing",related_breakdown,high,portfolio_ownership,portfolio_default,mapped,
Agriculture Fisheries and Forestry,Cash used Grants,220895,10,1250657000,1549887000,2023-24;2024-25;2025-26;2026-27;2027-28;2028-29;2029-30,budget;estimated_actual;forward_estimate,"Agriculture, forestry and fishing",related_breakdown,high,portfolio_ownership,portfolio_default,mapped,
Agriculture Fisheries and Forestry,Repayments of advances and loans,220897,10,16608000,709779000,2023-24;2024-25;2025-26;2026-27;2027-28;2028-29;2029-30,budget;estimated_actual;forward_estimate,"Agriculture, forestry and fishing",related_breakdown,high,portfolio_ownership,portfolio_default,mapped,
Agriculture Fisheries and Forestry,Cash from Official Public Account for: Appropriations,220901,5,1370922000,1561551000,2026-27;2027-28;2028-29;2029-30,budget;estimated_actual;forward_estimate,"Agriculture, forestry and fishing",related_breakdown,high,portfolio_ownership,portfolio_default,mapped,
Agriculture Fisheries and Forestry,Other Grants,220905,9,5500000,8638000,2023-24;2024-25;2025-26;2026-27;2027-28;2028-29;2029-30,budget;estimated_actual;forward_estimate,"Agriculture, forestry and fishing",related_breakdown,high,portfolio_ownership,portfolio_default,mapped,
Agriculture Fisheries and Forestry,Royalties,220906,9,268000,500000,2023-24;2024-25;2025-26;2026-27;2027-28;2028-29;2029-30,budget;estimated_actual;forward_estimate,"Agriculture, forestry and fishing",related_breakdown,high,portfolio_ownership,portfolio_default,mapped,
Agriculture Fisheries and Forestry,Industry contributions,220909,9,5515000,6715000,2023-24;2024-25;2025-26;2026-27;2027-28;2028-29;2029-30,budget;estimated_actual;forward_estimate,"Agriculture, forestry and fishing",related_breakdown,high,portfolio_ownership,portfolio_default,mapped,
Agriculture Fisheries and Forestry,Investments – Deposits,220910,9,23847000,47957000,2023-24;2024-25;2025-26;2026-27;2027-28;2028-29;2029-30,budget;estimated_actual;forward_estimate,"Agriculture, forestry and fishing",related_breakdown,high,portfolio_ownership,portfolio_default,mapped,
Agriculture Fisheries and Forestry,Interest payments on lease liability,220914,9,3000,13000,2023-24;2024-25;2025-26;2026-27;2027-28;2028-29;2029-30,budget;estimated_actual;forward_estimate,"Agriculture, forestry and fishing",related_breakdown,high,portfolio_ownership,portfolio_default,mapped,
Agriculture Fisheries and Forestry,Rental income,220921,7,135000,146000,2023-24;2024-25;2025-26;2026-27;2027-28;2028-29;2029-30,budget,"Agriculture, forestry and fishing",related_breakdown,high,portfolio_ownership,portfolio_default,mapped,
Agriculture Fisheries and Forestry,Levies and licence fees provided via crediting right to special account,220922,7,13892000,19231000,2023-24;2024-25;2025-26;2026-27;2027-28;2028-29;2029-30,budget,"Agriculture, forestry and fishing",related_breakdown,high,portfolio_ownership,portfolio_default,mapped,
Agriculture Fisheries and Forestry,"Adjusted opening balance (9,506)",220929,3,6395000,19685000,2027-28;2028-29;2029-30,budget,"Agriculture, forestry and fishing",related_breakdown,high,portfolio_ownership,portfolio_default,mapped,
Agriculture Fisheries and Forestry,Contributions by owners Departmental Capital Budget (DCB) - - 504 504 Sub-total transactions with owners - - 504 504 Estimated closing balance as at 30 June 202,220930,3,6395000,20189000,2027-28;2028-29;2029-30,budget,"Agriculture, forestry and fishing",related_breakdown,high,portfolio_ownership,portfolio_default,mapped,
Agriculture Fisheries and Forestry,Appropriations,220932,7,22144000,27741000,2023-24;2024-25;2025-26;2026-27;2027-28;2028-29;2029-30,budget,"Agriculture, forestry and fishing",related_breakdown,high,portfolio_ownership,portfolio_default,mapped,
Agriculture Fisheries and Forestry,Borrowing costs,220933,7,76000,133000,2023-24;2024-25;2025-26;2026-27;2027-28;2028-29;2029-30,budget,"Agriculture, forestry and fishing",related_breakdown,high,portfolio_ownership,portfolio_default,mapped,
Agriculture Fisheries and Forestry,Cash used Lease liability – principal payments,220937,7,1246000,1607000,2023-24;2024-25;2025-26;2026-27;2027-28;2028-29;2029-30,budget,"Agriculture, forestry and fishing",related_breakdown,high,portfolio_ownership,portfolio_default,mapped,
Agriculture Fisheries and Forestry,Adjusted opening balance,220948,9,385000,38635000,2013-14;2022-23;2023-24;2024-25;2025-26;2026-27;2027-28;2028-29;2029-30,budget,"Agriculture, forestry and fishing",related_breakdown,high,portfolio_ownership,portfolio_default,mapped,
Agriculture Fisheries and Forestry,"Cash used Purchase of property, plant and equipment and intangibles",220965,6,80000,80707000,2023-24;2024-25;2025-26;2026-27;2027-28;2028-29,budget,"Agriculture, forestry and fishing",related_breakdown,high,portfolio_ownership,portfolio_default,mapped,
Agriculture Fisheries and Forestry,Cash and cash equivalents at the beginning of the reporting period,221014,11,6574000,48067000,2023-24;2024-25;2025-26;2026-27;2027-28;2028-29;2029-30,budget;estimated_actual;forward_estimate,"Agriculture, forestry and fishing",related_breakdown,high,portfolio_ownership,portfolio_default,mapped,
Prime Minister and Cabinet,"Administered Annual appropriations - ordinary annual services Prior year appropriations available (b) 9,727 9,727 Outcome",221018,3,1000,44198000,2027-28;2028-29;2029-30,forward_estimate,General public services,related_breakdown,medium,portfolio_ownership,portfolio_default,mapped,
Prime Minister and Cabinet,Depreciation and amortisation (a),221019,11,722000,2490000,2024-25;2025-26;2026-27;2027-28;2028-29;2029-30,budget;estimated_actual;forward_estimate,General public services,related_breakdown,medium,portfolio_ownership,portfolio_default,mapped,
Prime Minister and Cabinet,Trade and other receivables,221025,11,1483000,5571000,2024-25;2025-26;2026-27;2027-28;2028-29;2029-30,budget;estimated_actual;forward_estimate,General public services,related_breakdown,medium,portfolio_ownership,portfolio_default,mapped,
Prime Minister and Cabinet,Provisions Employee provisions,221034,11,11000,1035000,2024-25;2025-26;2026-27;2027-28;2028-29;2029-30,budget;estimated_actual;forward_estimate,General public services,related_breakdown,medium,portfolio_ownership,portfolio_default,mapped,
Prime Minister and Cabinet,Other provisions,221035,11,225000,50700000,2024-25;2025-26;2026-27;2027-28;2028-29;2029-30,budget;estimated_actual;forward_estimate,General public services,related_breakdown,medium,portfolio_ownership,portfolio_default,mapped,
Prime Minister and Cabinet,"Adjusted opening balance (188,409)",221040,3,9123000,269896000,2027-28;2028-29;2029-30,forward_estimate,General public services,related_breakdown,medium,portfolio_ownership,portfolio_default,mapped,
Prime Minister and Cabinet,Cash used Employees,221043,11,7577000,28451000,2024-25;2025-26;2026-27;2027-28;2028-29;2029-30,budget;estimated_actual;forward_estimate,General public services,related_breakdown,medium,portfolio_ownership,portfolio_default,mapped,
Prime Minister and Cabinet,Interest payments on lease liability,221044,11,8000,451000,2024-25;2025-26;2026-27;2027-28;2028-29;2029-30,budget;estimated_actual;forward_estimate,General public services,related_breakdown,medium,portfolio_ownership,portfolio_default,mapped,
Prime Minister and Cabinet,Cash used Principal payments on lease liability,221049,11,500000,3027000,2024-25;2025-26;2026-27;2027-28;2028-29;2029-30,budget;estimated_actual;forward_estimate,General public services,related_breakdown,medium,portfolio_ownership,portfolio_default,mapped,
Prime Minister and Cabinet,Cash and cash equivalents at the end of the reporting period,221051,11,10000,261000,2024-25;2025-26;2026-27;2027-28;2028-29;2029-30,budget;estimated_actual;forward_estimate,General public services,related_breakdown,medium,portfolio_ownership,portfolio_default,mapped,
Prime Minister and Cabinet,Other investments,221060,11,15000000,32299000,2024-25;2025-26;2026-27;2027-28;2028-29;2029-30,budget;estimated_actual;forward_estimate,General public services,related_breakdown,medium,portfolio_ownership,portfolio_default,mapped,
Prime Minister and Cabinet,RECONCILIATION OF CASH USED Total accrual purchases,221066,5,1889000,4560000,2026-27;2027-28;2028-29;2029-30,budget;estimated_actual;forward_estimate,General public services,related_breakdown,medium,portfolio_ownership,portfolio_default,mapped,
Prime Minister and Cabinet,Gains Other,221075,11,33000,355000,2024-25;2025-26;2026-27;2027-28;2028-29;2029-30,budget;estimated_actual;forward_estimate,General public services,related_breakdown,medium,portfolio_ownership,portfolio_default,mapped,
Prime Minister and Cabinet,"Adjusted opening balance (28,793)",221079,3,81184000,152039000,2027-28;2028-29;2029-30,forward_estimate,General public services,related_breakdown,medium,portfolio_ownership,portfolio_default,mapped,
Prime Minister and Cabinet,Net GST received,221082,11,2095000,9779000,2024-25;2025-26;2026-27;2027-28;2028-29;2029-30,budget;estimated_actual;forward_estimate,General public services,related_breakdown,medium,portfolio_ownership,portfolio_default,mapped,
Prime Minister and Cabinet,Net GST paid,221083,9,2435000,3582000,2024-25;2025-26;2026-27;2027-28;2028-29;2029-30,budget;estimated_actual;forward_estimate,General public services,related_breakdown,medium,portfolio_ownership,portfolio_default,mapped,
Prime Minister and Cabinet,Retained surplus (accumulated deficit),221095,11,71082000,432391000,2024-25;2025-26;2026-27;2027-28;2028-29;2029-30,budget;estimated_actual;forward_estimate,General public services,related_breakdown,medium,portfolio_ownership,portfolio_default,mapped,
Prime Minister and Cabinet,Adjusted opening balance,221096,8,11074000,686152000,2024-25;2025-26;2026-27;2027-28;2028-29;2029-30,budget;forward_estimate,General public services,related_breakdown,medium,portfolio_ownership,portfolio_default,mapped,
Prime Minister and Cabinet,"Other 1,319 367 - Total cash used",221098,5,27707000,42689000,2026-27;2027-28;2028-29;2029-30,budget;estimated_actual;forward_estimate,General public services,related_breakdown,medium,portfolio_ownership,portfolio_default,mapped,
Prime Minister and Cabinet,Purchase of financial instruments Investments -,221101,4,400000,3434000,2026-27;2027-28;2028-29;2029-30,budget;forward_estimate,General public services,related_breakdown,medium,portfolio_ownership,portfolio_default,mapped,
Prime Minister and Cabinet,Funded internally from departmental resources (b),221105,11,1900000,3999000,2024-25;2025-26;2026-27;2027-28;2028-29;2029-30,budget;estimated_actual;forward_estimate,General public services,related_breakdown,medium,portfolio_ownership,portfolio_default,mapped,
Prime Minister and Cabinet,"Adjusted opening balance (21,596)",221115,3,2410000,21408000,2027-28;2028-29;2029-30,forward_estimate,General public services,related_breakdown,medium,portfolio_ownership,portfolio_default,mapped,
Prime Minister and Cabinet,Adjusted opening balance (566),221128,3,1621000,12781000,2027-28;2028-29;2029-30,forward_estimate,General public services,related_breakdown,medium,portfolio_ownership,portfolio_default,mapped,
Prime Minister and Cabinet,"Departmental Capital Budget (DCB) - - 448 448 Sub-total transactions with owners - - 448 448 Estimated closing balance as at 30 June 2027 (2,290)",221129,3,1621000,12174000,2027-28;2028-29;2029-30,forward_estimate,General public services,related_breakdown,medium,portfolio_ownership,portfolio_default,mapped,
Prime Minister and Cabinet,Impairment loss on financial instruments,221140,11,1188000,5621000,2024-25;2025-26;2026-27;2027-28;2028-29;2029-30,budget;estimated_actual;forward_estimate,General public services,related_breakdown,medium,portfolio_ownership,portfolio_default,mapped,
Prime Minister and Cabinet,Rental income,221141,11,1713000,2884000,2024-25;2025-26;2026-27;2027-28;2028-29;2029-30,budget;estimated_actual;forward_estimate,General public services,related_breakdown,medium,portfolio_ownership,portfolio_default,mapped,
Prime Minister and Cabinet,Unw inding concessional loan discount,221142,5,77055000,82415000,2026-27;2027-28;2028-29;2029-30,budget;estimated_actual;forward_estimate,General public services,related_breakdown,medium,portfolio_ownership,portfolio_default,mapped,
Prime Minister and Cabinet,Investment property,221148,11,159022000,199329000,2024-25;2025-26;2026-27;2027-28;2028-29;2029-30,budget;estimated_actual;forward_estimate,General public services,related_breakdown,medium,portfolio_ownership,portfolio_default,mapped,
Prime Minister and Cabinet,Tax liability,221150,11,554000,1063000,2024-25;2025-26;2026-27;2027-28;2028-29;2029-30,budget;estimated_actual;forward_estimate,General public services,related_breakdown,medium,portfolio_ownership,portfolio_default,mapped,
Prime Minister and Cabinet,Receipts from Government,221156,11,1240000,27500000,2024-25;2025-26;2026-27;2027-28;2028-29;2029-30,budget;estimated_actual;forward_estimate,General public services,related_breakdown,medium,portfolio_ownership,portfolio_default,mapped,
Prime Minister and Cabinet,Borrow ing costs,221157,9,675000,1860000,2024-25;2025-26;2026-27;2027-28;2028-29;2029-30,budget;estimated_actual;forward_estimate,General public services,related_breakdown,medium,portfolio_ownership,portfolio_default,mapped,
Prime Minister and Cabinet,Net GST paid - Interest payments on lease liability,221158,5,225000,248000,2026-27;2027-28;2028-29;2029-30,budget;estimated_actual;forward_estimate,General public services,related_breakdown,medium,portfolio_ownership,portfolio_default,mapped,
Prime Minister and Cabinet,Other - loans repayments,221161,9,276776000,345584000,2024-25;2025-26;2026-27;2027-28;2028-29;2029-30,budget;estimated_actual;forward_estimate,General public services,related_breakdown,medium,portfolio_ownership,portfolio_default,mapped,
Prime Minister and Cabinet,"Cash used Purchase of property, plant and equipment and intangibles",221162,5,1145000,3742000,2026-27;2027-28;2028-29;2029-30,budget;estimated_actual;forward_estimate,General public services,related_breakdown,medium,portfolio_ownership,portfolio_default,mapped,
Prime Minister and Cabinet,Purchase of financial instruments,221163,5,27417000,99033000,2026-27;2027-28;2028-29;2029-30,budget;estimated_actual;forward_estimate,General public services,related_breakdown,medium,portfolio_ownership,portfolio_default,mapped,
Prime Minister and Cabinet,Other - loans & advances,221164,9,385634000,520465000,2024-25;2025-26;2026-27;2027-28;2028-29;2029-30,budget;estimated_actual;forward_estimate,General public services,related_breakdown,medium,portfolio_ownership,portfolio_default,mapped,
Prime Minister and Cabinet,Cash used Repayments of borrow ings 100 Principal payments on lease liability,221166,5,2045000,3035000,2026-27;2027-28;2028-29;2029-30,budget;estimated_actual;forward_estimate,General public services,related_breakdown,medium,portfolio_ownership,portfolio_default,mapped,
Prime Minister and Cabinet,Provided for: IBA's IHOP,221170,11,22850000,22850000,2024-25;2025-26;2026-27;2027-28;2028-29;2029-30,budget;estimated_actual;forward_estimate,General public services,related_breakdown,medium,portfolio_ownership,portfolio_default,mapped,
Prime Minister and Cabinet,"Surplus/(deficit) attributable to the Australian Government (354,439)",221178,4,19000,207000,2026-27;2027-28;2028-29;2029-30,budget;forward_estimate,General public services,related_breakdown,medium,portfolio_ownership,portfolio_default,mapped,
Prime Minister and Cabinet,Other - - - 125 64 Total cash used,221184,5,92241000,96509000,2026-27;2027-28;2028-29;2029-30,budget;estimated_actual;forward_estimate,General public services,related_breakdown,medium,portfolio_ownership,portfolio_default,mapped,
Prime Minister and Cabinet,Finance costs (a),221193,11,1043000,2009000,2024-25;2025-26;2026-27;2027-28;2028-29;2029-30,budget;estimated_actual;forward_estimate,General public services,related_breakdown,medium,portfolio_ownership,portfolio_default,mapped,
Prime Minister and Cabinet,Resources received free of charge,221195,11,1000000,3728000,2024-25;2025-26;2026-27;2027-28;2028-29;2029-30,budget;estimated_actual;forward_estimate,General public services,related_breakdown,medium,portfolio_ownership,portfolio_default,mapped,
Prime Minister and Cabinet,"Adjusted opening balance (38,886)",221204,3,37599000,102448000,2027-28;2028-29;2029-30,forward_estimate,General public services,related_breakdown,medium,portfolio_ownership,portfolio_default,mapped,
Prime Minister and Cabinet,Appropriations,221207,11,297922000,357842000,2024-25;2025-26;2026-27;2027-28;2028-29;2029-30,budget;estimated_actual;forward_estimate,General public services,related_breakdown,medium,portfolio_ownership,portfolio_default,mapped,
Prime Minister and Cabinet,Retained receipts transferred to Official Public Account,221209,8,8763000,9762000,2025-26;2026-27;2027-28;2028-29;2029-30,budget;estimated_actual;forward_estimate,General public services,related_breakdown,medium,portfolio_ownership,portfolio_default,mapped,
Prime Minister and Cabinet,Departmental Capital Budget,221214,11,8920000,10352000,2024-25;2025-26;2026-27;2027-28;2028-29;2029-30,budget;estimated_actual;forward_estimate,General public services,related_breakdown,medium,portfolio_ownership,portfolio_default,mapped,
Prime Minister and Cabinet,Subsidies - Petrol Sniffing Prevention Strategy,221222,11,195000,268000,2024-25;2025-26;2026-27;2027-28;2028-29;2029-30,budget;estimated_actual;forward_estimate,General public services,related_breakdown,medium,portfolio_ownership,portfolio_default,mapped,
Prime Minister and Cabinet,Payments to Indigenous Land and Sea Corporation (a),221224,11,62251000,74497000,2024-25;2025-26;2026-27;2027-28;2028-29;2029-30,budget;estimated_actual;forward_estimate,General public services,related_breakdown,medium,portfolio_ownership,portfolio_default,mapped,
Prime Minister and Cabinet,Payments to Aboriginal Investment Northern Territory (b),221225,5,13342000,13342000,2026-27;2027-28;2028-29;2029-30,budget;estimated_actual;forward_estimate,General public services,related_breakdown,medium,portfolio_ownership,portfolio_default,mapped,
Prime Minister and Cabinet,Lease income,221229,11,1884000,9650000,2024-25;2025-26;2026-27;2027-28;2028-29;2029-30,budget;estimated_actual;forward_estimate,General public services,related_breakdown,medium,portfolio_ownership,portfolio_default,mapped,
Prime Minister and Cabinet,Trade receivables and other receivables,221232,11,36976000,56396000,2024-25;2025-26;2026-27;2027-28;2028-29;2029-30,budget;estimated_actual;forward_estimate,General public services,related_breakdown,medium,portfolio_ownership,portfolio_default,mapped,
Prime Minister and Cabinet,Term deposits,221233,11,351262000,933017000,2024-25;2025-26;2026-27;2027-28;2028-29;2029-30,budget;estimated_actual;forward_estimate,General public services,related_breakdown,medium,portfolio_ownership,portfolio_default,mapped,
Prime Minister and Cabinet,Indigenous Land and Sea Corporation Funding Special Account,221238,8,64863000,74497000,2025-26;2026-27;2027-28;2028-29;2029-30,budget;estimated_actual;forward_estimate,General public services,related_breakdown,medium,portfolio_ownership,portfolio_default,mapped,
Prime Minister and Cabinet,Lease income receipts,221239,11,1884000,9650000,2024-25;2025-26;2026-27;2027-28;2028-29;2029-30,budget;estimated_actual;forward_estimate,General public services,related_breakdown,medium,portfolio_ownership,portfolio_default,mapped,
Prime Minister and Cabinet,Subsidy payments,221240,11,195000,268000,2024-25;2025-26;2026-27;2027-28;2028-29;2029-30,budget;estimated_actual;forward_estimate,General public services,related_breakdown,medium,portfolio_ownership,portfolio_default,mapped,
Prime Minister and Cabinet,Grants payments,221241,11,1826036000,2240399000,2024-25;2025-26;2026-27;2027-28;2028-29;2029-30,budget;estimated_actual;forward_estimate,General public services,related_breakdown,medium,portfolio_ownership,portfolio_default,mapped,
Prime Minister and Cabinet,Payments associated w ith Land Councils,221242,9,230525000,324969000,2024-25;2025-26;2026-27;2027-28;2028-29;2029-30,budget;estimated_actual;forward_estimate,General public services,related_breakdown,medium,portfolio_ownership,portfolio_default,mapped,
Prime Minister and Cabinet,Payments to Indigenous Land and Sea Corporation,221243,11,62251000,74497000,2024-25;2025-26;2026-27;2027-28;2028-29;2029-30,budget;estimated_actual;forward_estimate,General public services,related_breakdown,medium,portfolio_ownership,portfolio_default,mapped,
Prime Minister and Cabinet,Payments to Northern Territory Aboriginal Investment,221244,9,13342000,586001000,2024-25;2025-26;2026-27;2027-28;2028-29;2029-30,budget;estimated_actual;forward_estimate,General public services,related_breakdown,medium,portfolio_ownership,portfolio_default,mapped,
Prime Minister and Cabinet,Interest on investments and loans,221247,11,17166000,65768000,2024-25;2025-26;2026-27;2027-28;2028-29;2029-30,budget;estimated_actual;forward_estimate,General public services,related_breakdown,medium,portfolio_ownership,portfolio_default,mapped,
Prime Minister and Cabinet,Cash used Purchase of investments,221248,11,400194000,1247545000,2024-25;2025-26;2026-27;2027-28;2028-29;2029-30,budget;estimated_actual;forward_estimate,General public services,related_breakdown,medium,portfolio_ownership,portfolio_default,mapped,
Prime Minister and Cabinet,Cash from Official Public Account for: - Appropriations,221250,11,2363000,2394347000,2024-25;2025-26;2026-27;2027-28;2028-29;2029-30,budget;estimated_actual;forward_estimate,General public services,related_breakdown,medium,portfolio_ownership,portfolio_default,mapped,
Prime Minister and Cabinet,Cash to Official Public Account for: - Appropriations,221251,11,144402000,219502000,2024-25;2025-26;2026-27;2027-28;2028-29;2029-30,budget;estimated_actual;forward_estimate,General public services,related_breakdown,medium,portfolio_ownership,portfolio_default,mapped,
Prime Minister and Cabinet,Cash and cash equivalents at end of reporting period,221253,11,23065000,94446000,2024-25;2025-26;2026-27;2027-28;2028-29;2029-30,budget;estimated_actual;forward_estimate,General public services,related_breakdown,medium,portfolio_ownership,portfolio_default,mapped,
Prime Minister and Cabinet,"Adjusted opening balance (6,129)",221260,3,8153000,129313000,2027-28;2028-29;2029-30,forward_estimate,General public services,related_breakdown,medium,portfolio_ownership,portfolio_default,mapped,
Prime Minister and Cabinet,"Adjusted opening balance (5,999)",221276,3,761000,5783000,2027-28;2028-29;2029-30,forward_estimate,General public services,related_breakdown,medium,portfolio_ownership,portfolio_default,mapped,
Prime Minister and Cabinet,"Departmental Capital Budget (DCB) - - 434 434 Sub-total transactions with owners - - 434 434 Estimated closing balance as at 30 June 2027 (6,527)",221277,3,667000,6217000,2027-28;2028-29;2029-30,forward_estimate,General public services,related_breakdown,medium,portfolio_ownership,portfolio_default,mapped,
Prime Minister and Cabinet,Cash and cash equivalents at the beginning of the reporting period,221280,11,253000,261000,2024-25;2025-26;2026-27;2027-28;2028-29;2029-30,budget;estimated_actual;forward_estimate,General public services,related_breakdown,medium,portfolio_ownership,portfolio_default,mapped,
Prime Minister and Cabinet,Cash used Personal benefits,221287,9,495000,709000,2024-25;2025-26;2026-27;2027-28;2028-29;2029-30,budget;estimated_actual;forward_estimate,General public services,related_breakdown,medium,portfolio_ownership,portfolio_default,mapped,
Prime Minister and Cabinet,"Adjusted opening balance (11,972)",221311,3,304000,13408000,2027-28;2028-29;2029-30,forward_estimate,General public services,related_breakdown,medium,portfolio_ownership,portfolio_default,mapped,
Prime Minister and Cabinet,"Departmental Capital Budget (DCB) - - 352 352 Sub-total transactions with owners - - 352 352 Estimated closing balance as at 30 June 2027 (12,567)",221312,3,304000,13760000,2027-28;2028-29;2029-30,forward_estimate,General public services,related_breakdown,medium,portfolio_ownership,portfolio_default,mapped,
Prime Minister and Cabinet,PURCHASE OF NON-FINANCIAL Funded by capital appropriations (a),221316,5,352000,445000,2026-27;2027-28;2028-29;2029-30,budget;estimated_actual;forward_estimate,General public services,related_breakdown,medium,portfolio_ownership,portfolio_default,mapped,
department of the house of representatives doc,Departmental payment - 954 693 - - Total - 954 693 - - Supporting House and Senate Transformation 1 Departmental payment -,221320,4,541000,594000,2024-25;2025-26;2026-27;2027-28,budget;forward_estimate,,,,,,unmapped,portfolio_not_in_crosswalk
department of the house of representatives doc,Net as s ets,221325,5,26370000,27529000,2024-25;2025-26;2026-27;2027-28,budget;estimated_actual;forward_estimate,,,,,,unmapped,portfolio_not_in_crosswalk
department of the house of representatives doc,"Retained surplus (accumulated deficit) 25,205 24, 819 24,",221327,3,433000,24046000,2025-26;2026-27;2027-28,forward_estimate,,,,,,unmapped,portfolio_not_in_crosswalk
department of the house of representatives doc,Ca sh use d Employees,221329,5,21882000,26343000,2024-25;2025-26;2026-27;2027-28,budget;estimated_actual;forward_estimate,,,,,,unmapped,portfolio_not_in_crosswalk
Social Services,"Outcome 3 (f) 32,028,395 35,662,999 Outcome",221335,3,4000,67455000,2025-26;2026-27;2027-28,forward_estimate,Social security and welfare,related_breakdown,high,portfolio_ownership,portfolio_default,mapped,
Social Services,Departmental payment – 59 – – – Total –,221347,4,370797000,514830000,2024-25;2025-26;2026-27;2027-28,budget,Social security and welfare,related_breakdown,high,portfolio_ownership,portfolio_default,mapped,
Social Services,"Endorsement of the Social Security Agreement between Australia and the Oriental Republic of Uruguay 1.3, 1.6 Administered payment – –",221348,3,1204000,3640000,2025-26;2026-27;2027-28,budget,Social security and welfare,related_breakdown,high,portfolio_ownership,portfolio_default,mapped,
Social Services,Departmental payment – – – – – Total – –,221349,3,1204000,3640000,2025-26;2026-27;2027-28,budget,Social security and welfare,related_breakdown,high,portfolio_ownership,portfolio_default,mapped,
Social Services,"Carer Payment – increased flexibility 1.4, 1.5, 1.6 Administered payment –",221350,4,483000,2028000,2024-25;2025-26;2026-27;2027-28,budget,Social security and welfare,related_breakdown,high,portfolio_ownership,portfolio_default,mapped,
Social Services,Departmental payment – 68 – – – Total –,221351,4,4141000,5272000,2024-25;2025-26;2026-27;2027-28,budget,Social security and welfare,related_breakdown,high,portfolio_ownership,portfolio_default,mapped,
Social Services,A Higher Rate of JobSeeker Payment for Participants with a Partial Capacity to Work (0-14 hours) 1.6 Administered payment –,221352,4,4073000,5272000,2024-25;2025-26;2026-27;2027-28,budget,Social security and welfare,related_breakdown,high,portfolio_ownership,portfolio_default,mapped,
Social Services,Employment Services Reform (c) 1.6 Administered payment –,221353,4,25000,26000,2024-25;2025-26;2026-27;2027-28,budget,Social security and welfare,related_breakdown,high,portfolio_ownership,portfolio_default,mapped,
Social Services,Departmental payment – – – – – Total –,221354,6,1000000,8600000,2024-25;2025-26;2026-27;2027-28;2028-29;2029-30,budget,Social security and welfare,related_breakdown,high,portfolio_ownership,portfolio_default,mapped,
Social Services,Financial Wellbeing and Capability Activity – additional funding (d) 2.1 Administered payment – –,221355,3,5693000,5934000,2025-26;2026-27;2027-28,budget,Social security and welfare,related_breakdown,high,portfolio_ownership,portfolio_default,mapped,
Social Services,Departmental payment –,221356,6,24000,520000,2024-25;2025-26;2026-27;2027-28;2028-29;2029-30,budget,Social security and welfare,related_breakdown,high,portfolio_ownership,portfolio_default,mapped,
Social Services,National Disability Insurance Scheme – getting the NDIS back on track 3.2 Administered payment – – – – – Departmental payment (488),221358,4,7905000,13700000,2024-25;2025-26;2026-27;2027-28,budget,Social security and welfare / Assistance to people with disabilities / National Disability Insurance Scheme,related_breakdown,high,exact_label_with_portfolio_context,program_label_override,mapped,
Social Services,2.1.2 – Component 2 (Family Safety) Annual administered expenses Ordinary annual services (Appropriation Bill No.1),221360,5,337990000,575590000,2023-24;2024-25;2025-26;2026-27;2027-28,budget,Social security and welfare,related_breakdown,high,portfolio_ownership,portfolio_default,mapped,
Social Services,2.1.3 – Component 3 (Protecting Australia's Children) Annual administered expenses Ordinary annual services (Appropriation Bill No.1),221361,5,3978000,32407000,2023-24;2024-25;2025-26;2026-27;2027-28,budget,Social security and welfare,related_breakdown,high,portfolio_ownership,portfolio_default,mapped,
Social Services,2.1.4 – Component 4 (Sector Representation) Annual administered expenses Ordinary annual services (Appropriation Bill No.1),221362,5,2930000,4670000,2023-24;2024-25;2025-26;2026-27;2027-28,budget,Social security and welfare,related_breakdown,high,portfolio_ownership,portfolio_default,mapped,
Social Services,2.1.5 – Component 5 (Financial Wellbeing and Capability) Annual administered expenses Ordinary annual services (Appropriation Bill No.1),221363,5,183796000,208044000,2023-24;2024-25;2025-26;2026-27;2027-28,budget,Social security and welfare,related_breakdown,high,portfolio_ownership,portfolio_default,mapped,
Social Services,2.1.6 – Component 6 (Volunteering and Community Connectedness) Annual administered expenses Ordinary annual services (Appropriation Bill No.1),221364,5,65736000,100079000,2023-24;2024-25;2025-26;2026-27;2027-28,budget,Social security and welfare,related_breakdown,high,portfolio_ownership,portfolio_default,mapped,
Social Services,2.1.11 – Component 11 (Social Impact Investing Initiatives) Annual administered expenses Ordinary annual services (Appropriation Bill No.1),221367,5,500000,18156000,2023-24;2024-25;2025-26;2026-27;2027-28,budget,Social security and welfare,related_breakdown,high,portfolio_ownership,portfolio_default,mapped,
Social Services,Program 3.2 – National Disability Insurance Scheme Administered expenses Ordinary annual services (Appropriation Bill No.1),221370,5,30451929000,45250108000,2023-24;2024-25;2025-26;2026-27;2027-28,budget,Social security and welfare / Assistance to people with disabilities / National Disability Insurance Scheme,related_breakdown,high,exact_label_with_portfolio_context,program_label_override,mapped,
Social Services,Payments to corporate entities,221371,6,32312343000,48515213000,2023-24;2024-25;2025-26;2026-27;2027-28;2028-29,budget,Social security and welfare,related_breakdown,high,portfolio_ownership,portfolio_default,mapped,
Social Services,3.1.2 – Component 2 (Disability and Carer Support) Annual administered expenses Ordinary annual services (Appropriation Bill No.1),221374,5,339146000,400207000,2023-24;2024-25;2025-26;2026-27;2027-28,budget,Social security and welfare,related_breakdown,high,portfolio_ownership,portfolio_default,mapped,
Social Services,3.2.5 – Component 5 (Payments to Corporate Entity – NDIA Agency costs) Annual administered expenses Payments to corporate entities,221377,5,1501090000,2190431000,2023-24;2024-25;2025-26;2026-27;2027-28,budget,Social security and welfare,related_breakdown,high,portfolio_ownership,portfolio_default,mapped,
Social Services,Rental income,221382,7,993000,19055000,2023-24;2024-25;2025-26;2026-27;2027-28;2028-29;2029-30,budget,Social security and welfare,related_breakdown,high,portfolio_ownership,portfolio_default,mapped,
Social Services,Resources received free of charge,221383,7,2224000,71355000,2023-24;2024-25;2025-26;2026-27;2027-28;2028-29;2029-30,budget,Social security and welfare,related_breakdown,high,portfolio_ownership,portfolio_default,mapped,
Social Services,Trade and other receivables,221388,7,170000,20836000,2023-24;2024-25;2025-26;2026-27;2027-28;2028-29;2029-30,budget,Social security and welfare,related_breakdown,high,portfolio_ownership,portfolio_default,mapped,
Social Services,Provisions Employee provisions,221396,7,133000,838317000,2023-24;2024-25;2025-26;2026-27;2027-28;2028-29;2029-30,budget,Social security and welfare,related_breakdown,high,portfolio_ownership,portfolio_default,mapped,
Social Services,Other provisions,221397,7,503000,62028000,2023-24;2024-25;2025-26;2026-27;2027-28;2028-29;2029-30,budget,Social security and welfare,related_breakdown,high,portfolio_ownership,portfolio_default,mapped,
Social Services,Rendering of services,221400,7,41641000,282724000,2023-24;2024-25;2025-26;2026-27;2027-28;2028-29;2029-30,budget,Social security and welfare,related_breakdown,high,portfolio_ownership,portfolio_default,mapped,
Social Services,Net GST received,221401,7,5287000,209459000,2023-24;2024-25;2025-26;2026-27;2027-28;2028-29;2029-30,budget,Social security and welfare,related_breakdown,high,portfolio_ownership,portfolio_default,mapped,
Social Services,Cash used Employees,221402,7,5902000,3428668000,2023-24;2024-25;2025-26;2026-27;2027-28;2028-29;2029-30,budget,Social security and welfare,related_breakdown,high,portfolio_ownership,portfolio_default,mapped,
Social Services,Interest payments on lease liability,221403,7,6306000,55921000,2023-24;2024-25;2025-26;2026-27;2027-28;2028-29;2029-30,budget,Social security and welfare,related_breakdown,high,portfolio_ownership,portfolio_default,mapped,
Social Services,Cash used Principal payments of lease liability,221409,7,24413000,24413000,2023-24;2024-25;2025-26;2026-27;2027-28;2028-29;2029-30,budget,Social security and welfare,related_breakdown,high,portfolio_ownership,portfolio_default,mapped,
Social Services,Cash and cash equivalents at the end of the reporting period,221411,7,4000,21304000,2023-24;2024-25;2025-26;2026-27;2027-28;2028-29;2029-30,budget,Social security and welfare,related_breakdown,high,portfolio_ownership,portfolio_default,mapped,
Social Services,Fair value loss,221423,7,19127000,83896000,2023-24;2024-25;2025-26;2026-27;2027-28;2028-29;2029-30,budget,Social security and welfare,related_breakdown,high,portfolio_ownership,portfolio_default,mapped,
Social Services,"Special accounts revenue 3,903 3,384 – – – Dividends – –",221426,3,2100000,2500000,2025-26;2026-27;2027-28,budget,Social security and welfare,related_breakdown,high,portfolio_ownership,portfolio_default,mapped,
Social Services,Provisions Personal benefits provision,221432,7,3985678000,4193386000,2023-24;2024-25;2025-26;2026-27;2027-28;2028-29;2029-30,budget,Social security and welfare,related_breakdown,high,portfolio_ownership,portfolio_default,mapped,
Social Services,GST received,221434,7,1000,282202000,2023-24;2024-25;2025-26;2026-27;2027-28;2028-29;2029-30,budget,Social security and welfare,related_breakdown,high,portfolio_ownership,portfolio_default,mapped,
Social Services,Personal benefits recoveries,221437,7,649122000,749656000,2023-24;2024-25;2025-26;2026-27;2027-28;2028-29;2029-30,budget,Social security and welfare,related_breakdown,high,portfolio_ownership,portfolio_default,mapped,
Social Services,Housing Australia Future Fund acute housing –,221438,4,2600000,38000000,2024-25;2025-26;2026-27;2027-28,budget,Social security and welfare,related_breakdown,high,portfolio_ownership,portfolio_default,mapped,
Social Services,Cash used Grants,221439,7,818502000,3202243000,2023-24;2024-25;2025-26;2026-27;2027-28;2028-29;2029-30,budget,Social security and welfare,related_breakdown,high,portfolio_ownership,portfolio_default,mapped,
Social Services,Cash used Advances and loans made,221441,7,342132000,646537000,2023-24;2024-25;2025-26;2026-27;2027-28;2028-29;2029-30,budget,Social security and welfare,related_breakdown,high,portfolio_ownership,portfolio_default,mapped,
Social Services,Cash from Official Public Account for: – Appropriations,221442,7,172500656000,222278086000,2023-24;2024-25;2025-26;2026-27;2027-28;2028-29;2029-30,budget,Social security and welfare,related_breakdown,high,portfolio_ownership,portfolio_default,mapped,
Social Services,Cash to Official Public Account for: – Appropriations,221443,7,1377917000,1896622000,2023-24;2024-25;2025-26;2026-27;2027-28;2028-29;2029-30,budget,Social security and welfare,related_breakdown,high,portfolio_ownership,portfolio_default,mapped,
Social Services,Cash and cash equivalents at end of reporting period,221444,7,34973000,280668000,2023-24;2024-25;2025-26;2026-27;2027-28;2028-29;2029-30,budget,Social security and welfare,related_breakdown,high,portfolio_ownership,portfolio_default,mapped,
Social Services,Depreciation and amortisation (a),221445,7,143000,15814000,2023-24;2024-25;2025-26;2026-27;2027-28;2028-29;2029-30,budget,Social security and welfare,related_breakdown,high,portfolio_ownership,portfolio_default,mapped,
Social Services,Gains Other gains,221448,7,33000,50000,2023-24;2024-25;2025-26;2026-27;2027-28;2028-29;2029-30,budget,Social security and welfare,related_breakdown,high,portfolio_ownership,portfolio_default,mapped,
Social Services,Asset revaluation reserve,221456,7,360000,460467000,2023-24;2024-25;2025-26;2026-27;2027-28;2028-29;2029-30,budget,Social security and welfare,related_breakdown,high,portfolio_ownership,portfolio_default,mapped,
Social Services,GST received –,221458,4,1000,8000,2024-25;2025-26;2026-27;2027-28,budget,Social security and welfare,related_breakdown,high,portfolio_ownership,portfolio_default,mapped,
Social Services,Cash used Principal payments on lease liability,221462,6,329031000,395141000,2023-24;2024-25;2025-26;2026-27;2027-28;2028-29,budget,Social security and welfare,related_breakdown,high,portfolio_ownership,portfolio_default,mapped,
Social Services,Cash and cash equivalents at the beginning of the reporting period,221464,6,2729780000,7062885000,2023-24;2024-25;2025-26;2026-27;2027-28;2028-29,budget,Social security and welfare,related_breakdown,high,portfolio_ownership,portfolio_default,mapped,
Social Services,Funded internally from departmental resources 92 – – – – TOTAL,221466,5,84000,291000,2023-24;2024-25;2025-26;2026-27;2027-28,budget,Social security and welfare,related_breakdown,high,portfolio_ownership,portfolio_default,mapped,
Social Services,Net GST paid,221473,6,86558000,107977000,2023-24;2024-25;2025-26;2026-27;2027-28;2028-29,budget,Social security and welfare,related_breakdown,high,portfolio_ownership,portfolio_default,mapped,
Social Services,Permanent Migration Program – 2024‑25 planning levels and multi‑year planning (c) 1.2 Administered payment – – – – – Departmental payment –,221475,4,1408000,8342000,2024-25;2025-26;2026-27;2027-28,budget,Social security and welfare,related_breakdown,high,portfolio_ownership,portfolio_default,mapped,
Social Services,Participant provisions,221482,6,2413734000,5049819000,2023-24;2024-25;2025-26;2026-27;2027-28;2028-29,budget,Social security and welfare,related_breakdown,high,portfolio_ownership,portfolio_default,mapped,
Social Services,Adjusted opening balance,221483,5,1228000,1229842000,2024-25;2025-26;2026-27;2027-28;2028-29,budget,Social security and welfare,related_breakdown,high,portfolio_ownership,portfolio_default,mapped,
Social Services,Interest received,221485,6,126585000,490445000,2023-24;2024-25;2025-26;2026-27;2027-28;2028-29,budget,Social security and welfare,related_breakdown,high,portfolio_ownership,portfolio_default,mapped,
Social Services,"Proceeds from sales of investments 1,500,000 – – – – Total cash received 1,500,000 – – – – Cash used Purchases of non-financial assets",221487,5,23019000,24093000,2023-24;2024-25;2025-26;2026-27;2027-28,budget,Social security and welfare,related_breakdown,high,portfolio_ownership,portfolio_default,mapped,
Social Services,"Adjusted opening balance (3,625)",221502,3,1707000,18794000,2025-26;2026-27;2027-28,budget,Social security and welfare,related_breakdown,high,portfolio_ownership,portfolio_default,mapped,
Social Services,"By purchase - appropriation ordinary annual services (b) – 7,038 7,038 Total additions",221512,3,6500000,25144000,2025-26;2026-27;2027-28,budget,Social security and welfare,related_breakdown,high,portfolio_ownership,portfolio_default,mapped,
Social Services,Cash and cash equivalents at beginning of reporting period – – – – – Cash from Official Public Account for: – Appropriations,221515,6,4804000,5645000,2023-24;2024-25;2025-26;2026-27;2027-28;2028-29,budget,Social security and welfare,related_breakdown,high,portfolio_ownership,portfolio_default,mapped,
Social Services,Software,221548,6,759438000,969800000,2023-24;2024-25;2025-26;2026-27;2027-28;2028-29,budget,Social security and welfare,related_breakdown,high,portfolio_ownership,portfolio_default,mapped,
Social Services,"Adjusted opening balance (3,033,428)",221551,3,307519000,4433330000,2025-26;2026-27;2027-28,budget,Social security and welfare,related_breakdown,high,portfolio_ownership,portfolio_default,mapped,
Social Services,GST on rendering of services,221553,6,2179000,2308000,2023-24;2024-25;2025-26;2026-27;2027-28;2028-29,budget,Social security and welfare,related_breakdown,high,portfolio_ownership,portfolio_default,mapped,
Social Services,Amounts transferred to Official Public Account,221555,6,272061000,449352000,2023-24;2024-25;2025-26;2026-27;2027-28;2028-29,budget,Social security and welfare,related_breakdown,high,portfolio_ownership,portfolio_default,mapped,
Social Services,Funded by capital appropriation – DCB,221561,5,159277000,184756000,2023-24;2024-25;2025-26;2026-27;2027-28,budget,Social security and welfare,related_breakdown,high,portfolio_ownership,portfolio_default,mapped,
Social Services,Funded internally from departmental resources (d),221562,5,15076000,26470000,2023-24;2024-25;2025-26;2026-27;2027-28,budget,Social security and welfare,related_breakdown,high,portfolio_ownership,portfolio_default,mapped,
Social Services,By purchase – appropriation ordinary annual services (b) -,221565,4,33750000,159277000,2024-25;2025-26;2026-27;2027-28,budget,Social security and welfare,related_breakdown,high,portfolio_ownership,portfolio_default,mapped,
Social Services,Compensation recovery for health care services,221570,6,51587000,65533000,2023-24;2024-25;2025-26;2026-27;2027-28;2028-29,budget,Social security and welfare,related_breakdown,high,portfolio_ownership,portfolio_default,mapped,
Social Services,Fees and fines,221571,6,19397000,22068000,2023-24;2024-25;2025-26;2026-27;2027-28;2028-29,budget,Social security and welfare,related_breakdown,high,portfolio_ownership,portfolio_default,mapped,
Social Services,Gains Other gains (a),221572,6,10000000,10000000,2023-24;2024-25;2025-26;2026-27;2027-28;2028-29,budget,Social security and welfare,related_breakdown,high,portfolio_ownership,portfolio_default,mapped,
Social Services,Net contribution by services,221573,6,69047000,85583000,2023-24;2024-25;2025-26;2026-27;2027-28;2028-29,budget,Social security and welfare,related_breakdown,high,portfolio_ownership,portfolio_default,mapped,
Social Services,Child support receivables,221574,6,1055355000,1401474000,2023-24;2024-25;2025-26;2026-27;2027-28;2028-29,budget,Social security and welfare,related_breakdown,high,portfolio_ownership,portfolio_default,mapped,
Social Services,Recovery of compensation payables,221576,6,9775000,10876000,2023-24;2024-25;2025-26;2026-27;2027-28;2028-29,budget,Social security and welfare,related_breakdown,high,portfolio_ownership,portfolio_default,mapped,
Social Services,Child support payments received in advance,221577,6,30032000,31060000,2023-24;2024-25;2025-26;2026-27;2027-28;2028-29,budget,Social security and welfare,related_breakdown,high,portfolio_ownership,portfolio_default,mapped,
Social Services,Provisions Child support provisions,221578,6,1049925000,1385537000,2023-24;2024-25;2025-26;2026-27;2027-28;2028-29,budget,Social security and welfare,related_breakdown,high,portfolio_ownership,portfolio_default,mapped,
Social Services,Recovery of compensation provisions,221579,6,128647000,160641000,2023-24;2024-25;2025-26;2026-27;2027-28;2028-29,budget,Social security and welfare,related_breakdown,high,portfolio_ownership,portfolio_default,mapped,
Social Services,Health compensation,221580,6,526018000,597203000,2023-24;2024-25;2025-26;2026-27;2027-28;2028-29,budget,Social security and welfare,related_breakdown,high,portfolio_ownership,portfolio_default,mapped,
Social Services,Cash used Child support,221581,6,1829073000,2099931000,2023-24;2024-25;2025-26;2026-27;2027-28;2028-29,budget,Social security and welfare,related_breakdown,high,portfolio_ownership,portfolio_default,mapped,
Social Services,Cash and cash equivalents at beginning of reporting period,221583,6,211460000,280668000,2023-24;2024-25;2025-26;2026-27;2027-28;2028-29,budget,Social security and welfare,related_breakdown,high,portfolio_ownership,portfolio_default,mapped,
Social Services,Cash from Official Public Account for: - Appropriations,221584,5,42720000,45890000,2023-24;2024-25;2025-26;2026-27;2027-28,budget,Social security and welfare,related_breakdown,high,portfolio_ownership,portfolio_default,mapped,
Social Services,Cash to Official Public Account for: - Appropriations,221585,5,42720000,45890000,2023-24;2024-25;2025-26;2026-27;2027-28,budget,Social security and welfare,related_breakdown,high,portfolio_ownership,portfolio_default,mapped,
Infrastructure Transport Regional Development Communications Sport and the Arts,Payment measures Building a Better Future through Considered Infrastructure Investment 1.1 Administered payment -,221588,4,20620000,22184000,2026-27;2027-28;2028-29;2029-30,budget;forward_estimate,,,low,portfolio_ownership,portfolio_default,ambiguous,"Portfolio name itself spans at least three distinct Statement 6 functions (Transport and communication; Recreation and culture for sport/arts; Housing and community amenities for regional development) with no single dominant destination and no program-level evidence established in this pass to split them reliably.
"
Infrastructure Transport Regional Development Communications Sport and the Arts,Departmental payment -,221590,4,5000,40000,2026-27;2027-28;2028-29;2029-30,budget;forward_estimate,,,low,portfolio_ownership,portfolio_default,ambiguous,"Portfolio name itself spans at least three distinct Statement 6 functions (Transport and communication; Recreation and culture for sport/arts; Housing and community amenities for regional development) with no single dominant destination and no program-level evidence established in this pass to split them reliably.
"
Infrastructure Transport Regional Development Communications Sport and the Arts,International Transport Forum - contribution,221594,11,122000,123000,2024-25;2025-26;2026-27;2027-28;2028-29;2029-30,budget;estimated_actual;forward_estimate,,,low,portfolio_ownership,portfolio_default,ambiguous,"Portfolio name itself spans at least three distinct Statement 6 functions (Transport and communication; Recreation and culture for sport/arts; Housing and community amenities for regional development) with no single dominant destination and no program-level evidence established in this pass to split them reliably.
"
Infrastructure Transport Regional Development Communications Sport and the Arts,Tourist and Heritage Operators Rail Safety Regulation,221597,11,1638000,1916000,2024-25;2025-26;2026-27;2027-28;2028-29;2029-30,budget;estimated_actual;forward_estimate,,,low,portfolio_ownership,portfolio_default,ambiguous,"Portfolio name itself spans at least three distinct Statement 6 functions (Transport and communication; Recreation and culture for sport/arts; Housing and community amenities for regional development) with no single dominant destination and no program-level evidence established in this pass to split them reliably.
"
Infrastructure Transport Regional Development Communications Sport and the Arts,Payments to corporate entities(b) Australian Maritime Safety Authority,221599,5,85338000,126024000,2026-27;2027-28;2028-29;2029-30,budget;estimated_actual;forward_estimate,,,low,portfolio_ownership,portfolio_default,ambiguous,"Portfolio name itself spans at least three distinct Statement 6 functions (Transport and communication; Recreation and culture for sport/arts; Housing and community amenities for regional development) with no single dominant destination and no program-level evidence established in this pass to split them reliably.
"
Infrastructure Transport Regional Development Communications Sport and the Arts,National Transport Commission,221600,11,4516000,7033000,2024-25;2025-26;2026-27;2027-28;2028-29;2029-30,budget;estimated_actual;forward_estimate,,,low,portfolio_ownership,portfolio_default,ambiguous,"Portfolio name itself spans at least three distinct Statement 6 functions (Transport and communication; Recreation and culture for sport/arts; Housing and community amenities for regional development) with no single dominant destination and no program-level evidence established in this pass to split them reliably.
"
Infrastructure Transport Regional Development Communications Sport and the Arts,Payments to corporate entities(b) Civil Aviation Safety Authority,221605,5,53072000,62004000,2026-27;2027-28;2028-29;2029-30,budget;estimated_actual;forward_estimate,,,low,portfolio_ownership,portfolio_default,ambiguous,"Portfolio name itself spans at least three distinct Statement 6 functions (Transport and communication; Recreation and culture for sport/arts; Housing and community amenities for regional development) with no single dominant destination and no program-level evidence established in this pass to split them reliably.
"
Infrastructure Transport Regional Development Communications Sport and the Arts,Program 3.2: Local Government Administered expenses Other services Appropriation Bill (No. 2),221607,5,20620000,250000000,2026-27;2027-28;2028-29;2029-30,budget;estimated_actual;forward_estimate,,,low,portfolio_ownership,portfolio_default,ambiguous,"Portfolio name itself spans at least three distinct Statement 6 functions (Transport and communication; Recreation and culture for sport/arts; Housing and community amenities for regional development) with no single dominant destination and no program-level evidence established in this pass to split them reliably.
"
Infrastructure Transport Regional Development Communications Sport and the Arts,Payments to corporate entities(c),221610,5,21711000,22576000,2026-27;2027-28;2028-29;2029-30,budget;estimated_actual;forward_estimate,,,low,portfolio_ownership,portfolio_default,ambiguous,"Portfolio name itself spans at least three distinct Statement 6 functions (Transport and communication; Recreation and culture for sport/arts; Housing and community amenities for regional development) with no single dominant destination and no program-level evidence established in this pass to split them reliably.
"
Infrastructure Transport Regional Development Communications Sport and the Arts,Special Appropriations,221614,5,724350000,4638877000,2026-27;2027-28;2028-29;2029-30,budget;estimated_actual;forward_estimate,,,low,portfolio_ownership,portfolio_default,ambiguous,"Portfolio name itself spans at least three distinct Statement 6 functions (Transport and communication; Recreation and culture for sport/arts; Housing and community amenities for regional development) with no single dominant destination and no program-level evidence established in this pass to split them reliably.
"
Infrastructure Transport Regional Development Communications Sport and the Arts,Special Accounts Christmas Island Phosphate Mining Rehabilitation Special Account,221622,11,1200000,2016000,2023-24;2024-25;2025-26;2026-27;2027-28;2028-29;2029-30,actual;budget;estimated_actual;forward_estimate,,,low,portfolio_ownership,portfolio_default,ambiguous,"Portfolio name itself spans at least three distinct Statement 6 functions (Transport and communication; Recreation and culture for sport/arts; Housing and community amenities for regional development) with no single dominant destination and no program-level evidence established in this pass to split them reliably.
"
Infrastructure Transport Regional Development Communications Sport and the Arts,"Special Appropriation Public Governance, Performance and Accountability Act 2013 -",221623,4,20000,20000,2026-27;2027-28;2028-29;2029-30,budget;forward_estimate,,,low,portfolio_ownership,portfolio_default,ambiguous,"Portfolio name itself spans at least three distinct Statement 6 functions (Transport and communication; Recreation and culture for sport/arts; Housing and community amenities for regional development) with no single dominant destination and no program-level evidence established in this pass to split them reliably.
"
Infrastructure Transport Regional Development Communications Sport and the Arts,Program 4.2: Program Support for Outcome 4 Departmental expenses Departmental appropriation,221624,5,29379000,30753000,2026-27;2027-28;2028-29;2029-30,budget;estimated_actual;forward_estimate,,,low,portfolio_ownership,portfolio_default,ambiguous,"Portfolio name itself spans at least three distinct Statement 6 functions (Transport and communication; Recreation and culture for sport/arts; Housing and community amenities for regional development) with no single dominant destination and no program-level evidence established in this pass to split them reliably.
"
Infrastructure Transport Regional Development Communications Sport and the Arts,Special Accounts,221626,9,20365000,21061000,2024-25;2025-26;2026-27;2027-28;2028-29;2029-30,budget;estimated_actual;forward_estimate,,,low,portfolio_ownership,portfolio_default,ambiguous,"Portfolio name itself spans at least three distinct Statement 6 functions (Transport and communication; Recreation and culture for sport/arts; Housing and community amenities for regional development) with no single dominant destination and no program-level evidence established in this pass to split them reliably.
"
Infrastructure Transport Regional Development Communications Sport and the Arts,Special Appropriation -,221627,4,20000,20000,2026-27;2027-28;2028-29;2029-30,budget;forward_estimate,,,low,portfolio_ownership,portfolio_default,ambiguous,"Portfolio name itself spans at least three distinct Statement 6 functions (Transport and communication; Recreation and culture for sport/arts; Housing and community amenities for regional development) with no single dominant destination and no program-level evidence established in this pass to split them reliably.
"
Infrastructure Transport Regional Development Communications Sport and the Arts,Norfolk Island - Commonwealth administration,221630,9,1169000,1343000,2024-25;2025-26;2026-27;2027-28;2028-29;2029-30,budget;estimated_actual;forward_estimate,,,low,portfolio_ownership,portfolio_default,ambiguous,"Portfolio name itself spans at least three distinct Statement 6 functions (Transport and communication; Recreation and culture for sport/arts; Housing and community amenities for regional development) with no single dominant destination and no program-level evidence established in this pass to split them reliably.
"
Infrastructure Transport Regional Development Communications Sport and the Arts,Norfolk Island - Kingston and Arthur's Vale historic area,221631,9,2863000,3294000,2024-25;2025-26;2026-27;2027-28;2028-29;2029-30,budget;estimated_actual;forward_estimate,,,low,portfolio_ownership,portfolio_default,ambiguous,"Portfolio name itself spans at least three distinct Statement 6 functions (Transport and communication; Recreation and culture for sport/arts; Housing and community amenities for regional development) with no single dominant destination and no program-level evidence established in this pass to split them reliably.
"
Infrastructure Transport Regional Development Communications Sport and the Arts,"Office of Administrator, Northern Territory",221632,9,453000,521000,2024-25;2025-26;2026-27;2027-28;2028-29;2029-30,budget;estimated_actual;forward_estimate,,,low,portfolio_ownership,portfolio_default,ambiguous,"Portfolio name itself spans at least three distinct Statement 6 functions (Transport and communication; Recreation and culture for sport/arts; Housing and community amenities for regional development) with no single dominant destination and no program-level evidence established in this pass to split them reliably.
"
Infrastructure Transport Regional Development Communications Sport and the Arts,Services to Indian Ocean Territories(a),221633,9,106823000,177951000,2024-25;2025-26;2026-27;2027-28;2028-29;2029-30,budget;estimated_actual;forward_estimate,,,low,portfolio_ownership,portfolio_default,ambiguous,"Portfolio name itself spans at least three distinct Statement 6 functions (Transport and communication; Recreation and culture for sport/arts; Housing and community amenities for regional development) with no single dominant destination and no program-level evidence established in this pass to split them reliably.
"
Infrastructure Transport Regional Development Communications Sport and the Arts,Services to Jervis Bay Territory(a),221634,9,6093000,12404000,2024-25;2025-26;2026-27;2027-28;2028-29;2029-30,budget;estimated_actual;forward_estimate,,,low,portfolio_ownership,portfolio_default,ambiguous,"Portfolio name itself spans at least three distinct Statement 6 functions (Transport and communication; Recreation and culture for sport/arts; Housing and community amenities for regional development) with no single dominant destination and no program-level evidence established in this pass to split them reliably.
"
Infrastructure Transport Regional Development Communications Sport and the Arts,Services to Norfolk Island(a),221635,9,65179000,94303000,2024-25;2025-26;2026-27;2027-28;2028-29;2029-30,budget;estimated_actual;forward_estimate,,,low,portfolio_ownership,portfolio_default,ambiguous,"Portfolio name itself spans at least three distinct Statement 6 functions (Transport and communication; Recreation and culture for sport/arts; Housing and community amenities for regional development) with no single dominant destination and no program-level evidence established in this pass to split them reliably.
"
Infrastructure Transport Regional Development Communications Sport and the Arts,"Indian Ocean, Jervis Bay and Norfolk Island Territories Special Account",221636,11,2023000,19861000,2023-24;2024-25;2025-26;2026-27;2027-28;2028-29;2029-30,actual;budget;estimated_actual;forward_estimate,,,low,portfolio_ownership,portfolio_default,ambiguous,"Portfolio name itself spans at least three distinct Statement 6 functions (Transport and communication; Recreation and culture for sport/arts; Housing and community amenities for regional development) with no single dominant destination and no program-level evidence established in this pass to split them reliably.
"
Infrastructure Transport Regional Development Communications Sport and the Arts,Special Accounts Public Interest Telecommunications Services Special Account National Relay Service,221637,9,20000000,25000000,2024-25;2025-26;2026-27;2027-28;2028-29;2029-30,budget;estimated_actual;forward_estimate,,,low,portfolio_ownership,portfolio_default,ambiguous,"Portfolio name itself spans at least three distinct Statement 6 functions (Transport and communication; Recreation and culture for sport/arts; Housing and community amenities for regional development) with no single dominant destination and no program-level evidence established in this pass to split them reliably.
"
Infrastructure Transport Regional Development Communications Sport and the Arts,Universal Service Obligation,221638,9,270000000,270000000,2024-25;2025-26;2026-27;2027-28;2028-29;2029-30,budget;estimated_actual;forward_estimate,,,low,portfolio_ownership,portfolio_default,ambiguous,"Portfolio name itself spans at least three distinct Statement 6 functions (Transport and communication; Recreation and culture for sport/arts; Housing and community amenities for regional development) with no single dominant destination and no program-level evidence established in this pass to split them reliably.
"
Infrastructure Transport Regional Development Communications Sport and the Arts,Other Public Interest Services,221639,9,22250000,22250000,2024-25;2025-26;2026-27;2027-28;2028-29;2029-30,budget;estimated_actual;forward_estimate,,,low,portfolio_ownership,portfolio_default,ambiguous,"Portfolio name itself spans at least three distinct Statement 6 functions (Transport and communication; Recreation and culture for sport/arts; Housing and community amenities for regional development) with no single dominant destination and no program-level evidence established in this pass to split them reliably.
"
Infrastructure Transport Regional Development Communications Sport and the Arts,Program 5.2: Program Support for Outcome 5 Departmental expenses Departmental appropriation,221640,5,67876000,92133000,2026-27;2027-28;2028-29;2029-30,budget;estimated_actual;forward_estimate,,,low,portfolio_ownership,portfolio_default,ambiguous,"Portfolio name itself spans at least three distinct Statement 6 functions (Transport and communication; Recreation and culture for sport/arts; Housing and community amenities for regional development) with no single dominant destination and no program-level evidence established in this pass to split them reliably.
"
Infrastructure Transport Regional Development Communications Sport and the Arts,Special Accounts Public Interest Telecommunications Services Special Account,221642,9,4046000,4086000,2024-25;2025-26;2026-27;2027-28;2028-29;2029-30,budget;estimated_actual;forward_estimate,,,low,portfolio_ownership,portfolio_default,ambiguous,"Portfolio name itself spans at least three distinct Statement 6 functions (Transport and communication; Recreation and culture for sport/arts; Housing and community amenities for regional development) with no single dominant destination and no program-level evidence established in this pass to split them reliably.
"
Infrastructure Transport Regional Development Communications Sport and the Arts,Special accounts,221644,9,4080000,312250000,2024-25;2025-26;2026-27;2027-28;2028-29;2029-30,budget;estimated_actual;forward_estimate,,,low,portfolio_ownership,portfolio_default,ambiguous,"Portfolio name itself spans at least three distinct Statement 6 functions (Transport and communication; Recreation and culture for sport/arts; Housing and community amenities for regional development) with no single dominant destination and no program-level evidence established in this pass to split them reliably.
"
Infrastructure Transport Regional Development Communications Sport and the Arts,Regional Broadband Scheme,221650,9,232589000,1009870000,2024-25;2025-26;2026-27;2027-28;2028-29;2029-30,budget;estimated_actual;forward_estimate,,,low,portfolio_ownership,portfolio_default,ambiguous,"Portfolio name itself spans at least three distinct Statement 6 functions (Transport and communication; Recreation and culture for sport/arts; Housing and community amenities for regional development) with no single dominant destination and no program-level evidence established in this pass to split them reliably.
"
Infrastructure Transport Regional Development Communications Sport and the Arts,Components for Program 5.1: Digital Technologies and Communications Services Special Accounts Public Interest Telecommunications Services Special Account Nation,221651,9,20000000,25000000,2024-25;2025-26;2026-27;2027-28;2028-29;2029-30,budget;estimated_actual;forward_estimate,,,low,portfolio_ownership,portfolio_default,ambiguous,"Portfolio name itself spans at least three distinct Statement 6 functions (Transport and communication; Recreation and culture for sport/arts; Housing and community amenities for regional development) with no single dominant destination and no program-level evidence established in this pass to split them reliably.
"
Infrastructure Transport Regional Development Communications Sport and the Arts,Payments to corporate entities(f) Australian Broadcasting Corporation,221652,5,1229214000,1361494000,2026-27;2027-28;2028-29;2029-30,budget;estimated_actual;forward_estimate,,,low,portfolio_ownership,portfolio_default,ambiguous,"Portfolio name itself spans at least three distinct Statement 6 functions (Transport and communication; Recreation and culture for sport/arts; Housing and community amenities for regional development) with no single dominant destination and no program-level evidence established in this pass to split them reliably.
"
Infrastructure Transport Regional Development Communications Sport and the Arts,Special Broadcasting Service Corporation,221653,9,334939000,394011000,2024-25;2025-26;2026-27;2027-28;2028-29;2029-30,budget;estimated_actual;forward_estimate,,,low,portfolio_ownership,portfolio_default,ambiguous,"Portfolio name itself spans at least three distinct Statement 6 functions (Transport and communication; Recreation and culture for sport/arts; Housing and community amenities for regional development) with no single dominant destination and no program-level evidence established in this pass to split them reliably.
"
Infrastructure Transport Regional Development Communications Sport and the Arts,Special accounts National Cultural Heritage Account,221654,9,500000,500000,2024-25;2025-26;2026-27;2027-28;2028-29;2029-30,budget;estimated_actual;forward_estimate,,,low,portfolio_ownership,portfolio_default,ambiguous,"Portfolio name itself spans at least three distinct Statement 6 functions (Transport and communication; Recreation and culture for sport/arts; Housing and community amenities for regional development) with no single dominant destination and no program-level evidence established in this pass to split them reliably.
"
Infrastructure Transport Regional Development Communications Sport and the Arts,Program 6.2: Program Support for Outcome 6 Departmental expenses Departmental appropriation,221655,5,47339000,48950000,2026-27;2027-28;2028-29;2029-30,budget;estimated_actual;forward_estimate,,,low,portfolio_ownership,portfolio_default,ambiguous,"Portfolio name itself spans at least three distinct Statement 6 functions (Transport and communication; Recreation and culture for sport/arts; Housing and community amenities for regional development) with no single dominant destination and no program-level evidence established in this pass to split them reliably.
"
Infrastructure Transport Regional Development Communications Sport and the Arts,Special accounts Art Rental Special Account,221657,9,2982000,2982000,2024-25;2025-26;2026-27;2027-28;2028-29;2029-30,budget;estimated_actual;forward_estimate,,,low,portfolio_ownership,portfolio_default,ambiguous,"Portfolio name itself spans at least three distinct Statement 6 functions (Transport and communication; Recreation and culture for sport/arts; Housing and community amenities for regional development) with no single dominant destination and no program-level evidence established in this pass to split them reliably.
"
Infrastructure Transport Regional Development Communications Sport and the Arts,Indigenous Repatriation Special Account,221658,9,706000,829000,2024-25;2025-26;2026-27;2027-28;2028-29;2029-30,budget;estimated_actual;forward_estimate,,,low,portfolio_ownership,portfolio_default,ambiguous,"Portfolio name itself spans at least three distinct Statement 6 functions (Transport and communication; Recreation and culture for sport/arts; Housing and community amenities for regional development) with no single dominant destination and no program-level evidence established in this pass to split them reliably.
"
Infrastructure Transport Regional Development Communications Sport and the Arts,Services for Other Entities and Trust Money Special Account,221659,9,392000,394000,2024-25;2025-26;2026-27;2027-28;2028-29;2029-30,budget;estimated_actual;forward_estimate,,,low,portfolio_ownership,portfolio_default,ambiguous,"Portfolio name itself spans at least three distinct Statement 6 functions (Transport and communication; Recreation and culture for sport/arts; Housing and community amenities for regional development) with no single dominant destination and no program-level evidence established in this pass to split them reliably.
"
Infrastructure Transport Regional Development Communications Sport and the Arts,Arts Training,221660,9,31561000,56221000,2024-25;2025-26;2026-27;2027-28;2028-29;2029-30,budget;estimated_actual;forward_estimate,,,low,portfolio_ownership,portfolio_default,ambiguous,"Portfolio name itself spans at least three distinct Statement 6 functions (Transport and communication; Recreation and culture for sport/arts; Housing and community amenities for regional development) with no single dominant destination and no program-level evidence established in this pass to split them reliably.
"
Infrastructure Transport Regional Development Communications Sport and the Arts,Film and Television,221663,9,81690000,135468000,2024-25;2025-26;2026-27;2027-28;2028-29;2029-30,budget;estimated_actual;forward_estimate,,,low,portfolio_ownership,portfolio_default,ambiguous,"Portfolio name itself spans at least three distinct Statement 6 functions (Transport and communication; Recreation and culture for sport/arts; Housing and community amenities for regional development) with no single dominant destination and no program-level evidence established in this pass to split them reliably.
"
Infrastructure Transport Regional Development Communications Sport and the Arts,"Indigenous Arts, Languages and Repatriation",221664,9,62792000,85539000,2024-25;2025-26;2026-27;2027-28;2028-29;2029-30,budget;estimated_actual;forward_estimate,,,low,portfolio_ownership,portfolio_default,ambiguous,"Portfolio name itself spans at least three distinct Statement 6 functions (Transport and communication; Recreation and culture for sport/arts; Housing and community amenities for regional development) with no single dominant destination and no program-level evidence established in this pass to split them reliably.
"
Infrastructure Transport Regional Development Communications Sport and the Arts,Lending Rights,221665,9,27063000,32996000,2024-25;2025-26;2026-27;2027-28;2028-29;2029-30,budget;estimated_actual;forward_estimate,,,low,portfolio_ownership,portfolio_default,ambiguous,"Portfolio name itself spans at least three distinct Statement 6 functions (Transport and communication; Recreation and culture for sport/arts; Housing and community amenities for regional development) with no single dominant destination and no program-level evidence established in this pass to split them reliably.
"
Infrastructure Transport Regional Development Communications Sport and the Arts,Regional Arts,221666,9,10051000,11722000,2024-25;2025-26;2026-27;2027-28;2028-29;2029-30,budget;estimated_actual;forward_estimate,,,low,portfolio_ownership,portfolio_default,ambiguous,"Portfolio name itself spans at least three distinct Statement 6 functions (Transport and communication; Recreation and culture for sport/arts; Housing and community amenities for regional development) with no single dominant destination and no program-level evidence established in this pass to split them reliably.
"
Infrastructure Transport Regional Development Communications Sport and the Arts,"Payments to corporate entities(a) Australian Film, Television and Radio School",221667,9,24283000,35866000,2024-25;2025-26;2026-27;2027-28;2028-29;2029-30,budget;estimated_actual;forward_estimate,,,low,portfolio_ownership,portfolio_default,ambiguous,"Portfolio name itself spans at least three distinct Statement 6 functions (Transport and communication; Recreation and culture for sport/arts; Housing and community amenities for regional development) with no single dominant destination and no program-level evidence established in this pass to split them reliably.
"
Infrastructure Transport Regional Development Communications Sport and the Arts,Australian National Maritime Museum,221668,9,24882000,27490000,2024-25;2025-26;2026-27;2027-28;2028-29;2029-30,budget;estimated_actual;forward_estimate,,,low,portfolio_ownership,portfolio_default,ambiguous,"Portfolio name itself spans at least three distinct Statement 6 functions (Transport and communication; Recreation and culture for sport/arts; Housing and community amenities for regional development) with no single dominant destination and no program-level evidence established in this pass to split them reliably.
"
Infrastructure Transport Regional Development Communications Sport and the Arts,Creative Australia,221669,5,311790000,346966000,2026-27;2027-28;2028-29;2029-30,budget;estimated_actual;forward_estimate,,,low,portfolio_ownership,portfolio_default,ambiguous,"Portfolio name itself spans at least three distinct Statement 6 functions (Transport and communication; Recreation and culture for sport/arts; Housing and community amenities for regional development) with no single dominant destination and no program-level evidence established in this pass to split them reliably.
"
Infrastructure Transport Regional Development Communications Sport and the Arts,National Film and Sound Archive of Australia,221670,9,37270000,44997000,2024-25;2025-26;2026-27;2027-28;2028-29;2029-30,budget;estimated_actual;forward_estimate,,,low,portfolio_ownership,portfolio_default,ambiguous,"Portfolio name itself spans at least three distinct Statement 6 functions (Transport and communication; Recreation and culture for sport/arts; Housing and community amenities for regional development) with no single dominant destination and no program-level evidence established in this pass to split them reliably.
"
Infrastructure Transport Regional Development Communications Sport and the Arts,National Gallery of Australia,221671,9,66003000,81789000,2024-25;2025-26;2026-27;2027-28;2028-29;2029-30,budget;estimated_actual;forward_estimate,,,low,portfolio_ownership,portfolio_default,ambiguous,"Portfolio name itself spans at least three distinct Statement 6 functions (Transport and communication; Recreation and culture for sport/arts; Housing and community amenities for regional development) with no single dominant destination and no program-level evidence established in this pass to split them reliably.
"
Infrastructure Transport Regional Development Communications Sport and the Arts,National Library of Australia,221672,9,75948000,86219000,2024-25;2025-26;2026-27;2027-28;2028-29;2029-30,budget;estimated_actual;forward_estimate,,,low,portfolio_ownership,portfolio_default,ambiguous,"Portfolio name itself spans at least three distinct Statement 6 functions (Transport and communication; Recreation and culture for sport/arts; Housing and community amenities for regional development) with no single dominant destination and no program-level evidence established in this pass to split them reliably.
"
Infrastructure Transport Regional Development Communications Sport and the Arts,National Museum of Australia,221673,9,53768000,59385000,2024-25;2025-26;2026-27;2027-28;2028-29;2029-30,budget;estimated_actual;forward_estimate,,,low,portfolio_ownership,portfolio_default,ambiguous,"Portfolio name itself spans at least three distinct Statement 6 functions (Transport and communication; Recreation and culture for sport/arts; Housing and community amenities for regional development) with no single dominant destination and no program-level evidence established in this pass to split them reliably.
"
Infrastructure Transport Regional Development Communications Sport and the Arts,National Portrait Gallery of Australia,221674,9,18648000,21226000,2024-25;2025-26;2026-27;2027-28;2028-29;2029-30,budget;estimated_actual;forward_estimate,,,low,portfolio_ownership,portfolio_default,ambiguous,"Portfolio name itself spans at least three distinct Statement 6 functions (Transport and communication; Recreation and culture for sport/arts; Housing and community amenities for regional development) with no single dominant destination and no program-level evidence established in this pass to split them reliably.
"
Infrastructure Transport Regional Development Communications Sport and the Arts,Old Parliament House,221675,9,21702000,25887000,2024-25;2025-26;2026-27;2027-28;2028-29;2029-30,budget;estimated_actual;forward_estimate,,,low,portfolio_ownership,portfolio_default,ambiguous,"Portfolio name itself spans at least three distinct Statement 6 functions (Transport and communication; Recreation and culture for sport/arts; Housing and community amenities for regional development) with no single dominant destination and no program-level evidence established in this pass to split them reliably.
"
Infrastructure Transport Regional Development Communications Sport and the Arts,Screen Australia,221676,9,12890000,14117000,2024-25;2025-26;2026-27;2027-28;2028-29;2029-30,budget;estimated_actual;forward_estimate,,,low,portfolio_ownership,portfolio_default,ambiguous,"Portfolio name itself spans at least three distinct Statement 6 functions (Transport and communication; Recreation and culture for sport/arts; Housing and community amenities for regional development) with no single dominant destination and no program-level evidence established in this pass to split them reliably.
"
Infrastructure Transport Regional Development Communications Sport and the Arts,Payment to corporate entities(b),221678,5,253562000,571041000,2026-27;2027-28;2028-29;2029-30,budget;estimated_actual;forward_estimate,,,low,portfolio_ownership,portfolio_default,ambiguous,"Portfolio name itself spans at least three distinct Statement 6 functions (Transport and communication; Recreation and culture for sport/arts; Housing and community amenities for regional development) with no single dominant destination and no program-level evidence established in this pass to split them reliably.
"
Infrastructure Transport Regional Development Communications Sport and the Arts,Program 7.2: Program Support for Outcome 7 Departmental expenses Departmental appropriation,221679,5,14323000,16923000,2026-27;2027-28;2028-29;2029-30,budget;estimated_actual;forward_estimate,,,low,portfolio_ownership,portfolio_default,ambiguous,"Portfolio name itself spans at least three distinct Statement 6 functions (Transport and communication; Recreation and culture for sport/arts; Housing and community amenities for regional development) with no single dominant destination and no program-level evidence established in this pass to split them reliably.
"
Infrastructure Transport Regional Development Communications Sport and the Arts,National Sports Tribunal,221683,5,680000,882000,2026-27;2027-28;2028-29;2029-30,budget;estimated_actual;forward_estimate,,,low,portfolio_ownership,portfolio_default,ambiguous,"Portfolio name itself spans at least three distinct Statement 6 functions (Transport and communication; Recreation and culture for sport/arts; Housing and community amenities for regional development) with no single dominant destination and no program-level evidence established in this pass to split them reliably.
"
Infrastructure Transport Regional Development Communications Sport and the Arts,Payments to corporate entities(b) Australian Sports Commission,221685,5,253562000,571041000,2026-27;2027-28;2028-29;2029-30,budget;estimated_actual;forward_estimate,,,low,portfolio_ownership,portfolio_default,ambiguous,"Portfolio name itself spans at least three distinct Statement 6 functions (Transport and communication; Recreation and culture for sport/arts; Housing and community amenities for regional development) with no single dominant destination and no program-level evidence established in this pass to split them reliably.
"
Infrastructure Transport Regional Development Communications Sport and the Arts,Depreciation and amortisation(a),221686,9,1753000,9253000,2024-25;2025-26;2026-27;2027-28;2028-29;2029-30,budget;estimated_actual;forward_estimate,,,low,portfolio_ownership,portfolio_default,ambiguous,"Portfolio name itself spans at least three distinct Statement 6 functions (Transport and communication; Recreation and culture for sport/arts; Housing and community amenities for regional development) with no single dominant destination and no program-level evidence established in this pass to split them reliably.
"
Infrastructure Transport Regional Development Communications Sport and the Arts,Rental income,221689,9,170000,1500000,2024-25;2025-26;2026-27;2027-28;2028-29;2029-30,budget;estimated_actual;forward_estimate,,,low,portfolio_ownership,portfolio_default,ambiguous,"Portfolio name itself spans at least three distinct Statement 6 functions (Transport and communication; Recreation and culture for sport/arts; Housing and community amenities for regional development) with no single dominant destination and no program-level evidence established in this pass to split them reliably.
"
Infrastructure Transport Regional Development Communications Sport and the Arts,Sublease income,221690,5,1200000,1200000,2026-27;2027-28;2028-29;2029-30,budget;estimated_actual;forward_estimate,,,low,portfolio_ownership,portfolio_default,ambiguous,"Portfolio name itself spans at least three distinct Statement 6 functions (Transport and communication; Recreation and culture for sport/arts; Housing and community amenities for regional development) with no single dominant destination and no program-level evidence established in this pass to split them reliably.
"
Infrastructure Transport Regional Development Communications Sport and the Arts,Trade and other receivables,221696,9,781000,7996000,2024-25;2025-26;2026-27;2027-28;2028-29;2029-30,budget;estimated_actual;forward_estimate,,,low,portfolio_ownership,portfolio_default,ambiguous,"Portfolio name itself spans at least three distinct Statement 6 functions (Transport and communication; Recreation and culture for sport/arts; Housing and community amenities for regional development) with no single dominant destination and no program-level evidence established in this pass to split them reliably.
"
Infrastructure Transport Regional Development Communications Sport and the Arts,Heritage and cultural,221700,5,197328000,199770000,2026-27;2027-28;2028-29;2029-30,budget;estimated_actual;forward_estimate,,,low,portfolio_ownership,portfolio_default,ambiguous,"Portfolio name itself spans at least three distinct Statement 6 functions (Transport and communication; Recreation and culture for sport/arts; Housing and community amenities for regional development) with no single dominant destination and no program-level evidence established in this pass to split them reliably.
"
Infrastructure Transport Regional Development Communications Sport and the Arts,Provisions Employee provisions,221706,9,3487000,5840000,2024-25;2025-26;2026-27;2027-28;2028-29;2029-30,budget;estimated_actual;forward_estimate,,,low,portfolio_ownership,portfolio_default,ambiguous,"Portfolio name itself spans at least three distinct Statement 6 functions (Transport and communication; Recreation and culture for sport/arts; Housing and community amenities for regional development) with no single dominant destination and no program-level evidence established in this pass to split them reliably.
"
Infrastructure Transport Regional Development Communications Sport and the Arts,Other provisions,221707,9,78000,28605000,2024-25;2025-26;2026-27;2027-28;2028-29;2029-30,budget;estimated_actual;forward_estimate,,,low,portfolio_ownership,portfolio_default,ambiguous,"Portfolio name itself spans at least three distinct Statement 6 functions (Transport and communication; Recreation and culture for sport/arts; Housing and community amenities for regional development) with no single dominant destination and no program-level evidence established in this pass to split them reliably.
"
Infrastructure Transport Regional Development Communications Sport and the Arts,Retained surplus (accumulated deficit),221711,9,29220000,47143000,2024-25;2025-26;2026-27;2027-28;2028-29;2029-30,budget;estimated_actual;forward_estimate,,,low,portfolio_ownership,portfolio_default,ambiguous,"Portfolio name itself spans at least three distinct Statement 6 functions (Transport and communication; Recreation and culture for sport/arts; Housing and community amenities for regional development) with no single dominant destination and no program-level evidence established in this pass to split them reliably.
"
Infrastructure Transport Regional Development Communications Sport and the Arts,Adjusted opening balance,221712,10,45000,291928000,2023-24;2024-25;2025-26;2026-27;2026-29;2027-28;2028-29;2029-30,budget;forward_estimate,,,low,portfolio_ownership,portfolio_default,ambiguous,"Portfolio name itself spans at least three distinct Statement 6 functions (Transport and communication; Recreation and culture for sport/arts; Housing and community amenities for regional development) with no single dominant destination and no program-level evidence established in this pass to split them reliably.
"
Infrastructure Transport Regional Development Communications Sport and the Arts,Cash used Employees,221716,9,16369000,20566000,2024-25;2025-26;2026-27;2027-28;2028-29;2029-30,budget;estimated_actual;forward_estimate,,,low,portfolio_ownership,portfolio_default,ambiguous,"Portfolio name itself spans at least three distinct Statement 6 functions (Transport and communication; Recreation and culture for sport/arts; Housing and community amenities for regional development) with no single dominant destination and no program-level evidence established in this pass to split them reliably.
"
Infrastructure Transport Regional Development Communications Sport and the Arts,Interest payments on lease liability,221717,9,7000,388000,2024-25;2025-26;2026-27;2027-28;2028-29;2029-30,budget;estimated_actual;forward_estimate,,,low,portfolio_ownership,portfolio_default,ambiguous,"Portfolio name itself spans at least three distinct Statement 6 functions (Transport and communication; Recreation and culture for sport/arts; Housing and community amenities for regional development) with no single dominant destination and no program-level evidence established in this pass to split them reliably.
"
Infrastructure Transport Regional Development Communications Sport and the Arts,Cash and cash equivalents at the beginning of the reporting period,221724,9,6928000,38335000,2024-25;2025-26;2026-27;2027-28;2028-29;2029-30,budget;estimated_actual;forward_estimate,,,low,portfolio_ownership,portfolio_default,ambiguous,"Portfolio name itself spans at least three distinct Statement 6 functions (Transport and communication; Recreation and culture for sport/arts; Housing and community amenities for regional development) with no single dominant destination and no program-level evidence established in this pass to split them reliably.
"
Infrastructure Transport Regional Development Communications Sport and the Arts,Cash and cash equivalents at the end of the reporting period,221725,9,240000,22270000,2024-25;2025-26;2026-27;2027-28;2028-29;2029-30,budget;estimated_actual;forward_estimate,,,low,portfolio_ownership,portfolio_default,ambiguous,"Portfolio name itself spans at least three distinct Statement 6 functions (Transport and communication; Recreation and culture for sport/arts; Housing and community amenities for regional development) with no single dominant destination and no program-level evidence established in this pass to split them reliably.
"
Infrastructure Transport Regional Development Communications Sport and the Arts,"Write-down and impairment of assets (15,834)",221733,4,17026000,65484000,2026-27;2027-28;2028-29;2029-30,budget;forward_estimate,,,low,portfolio_ownership,portfolio_default,ambiguous,"Portfolio name itself spans at least three distinct Statement 6 functions (Transport and communication; Recreation and culture for sport/arts; Housing and community amenities for regional development) with no single dominant destination and no program-level evidence established in this pass to split them reliably.
"
Infrastructure Transport Regional Development Communications Sport and the Arts,Payments to corporate entities,221734,9,2348422000,3413779000,2024-25;2025-26;2026-27;2027-28;2028-29;2029-30,budget;estimated_actual;forward_estimate,,,low,portfolio_ownership,portfolio_default,ambiguous,"Portfolio name itself spans at least three distinct Statement 6 functions (Transport and communication; Recreation and culture for sport/arts; Housing and community amenities for regional development) with no single dominant destination and no program-level evidence established in this pass to split them reliably.
"
Infrastructure Transport Regional Development Communications Sport and the Arts,Fees and fines,221737,9,82000,200000,2024-25;2025-26;2026-27;2027-28;2028-29;2029-30,budget;estimated_actual;forward_estimate,,,low,portfolio_ownership,portfolio_default,ambiguous,"Portfolio name itself spans at least three distinct Statement 6 functions (Transport and communication; Recreation and culture for sport/arts; Housing and community amenities for regional development) with no single dominant destination and no program-level evidence established in this pass to split them reliably.
"
Infrastructure Transport Regional Development Communications Sport and the Arts,"Dividends 9,500 -",221739,3,32900000,77900000,2027-28;2028-29;2029-30,forward_estimate,,,low,portfolio_ownership,portfolio_default,ambiguous,"Portfolio name itself spans at least three distinct Statement 6 functions (Transport and communication; Recreation and culture for sport/arts; Housing and community amenities for regional development) with no single dominant destination and no program-level evidence established in this pass to split them reliably.
"
Infrastructure Transport Regional Development Communications Sport and the Arts,Royalties,221740,5,1200000,1200000,2026-27;2027-28;2028-29;2029-30,budget;estimated_actual;forward_estimate,,,low,portfolio_ownership,portfolio_default,ambiguous,"Portfolio name itself spans at least three distinct Statement 6 functions (Transport and communication; Recreation and culture for sport/arts; Housing and community amenities for regional development) with no single dominant destination and no program-level evidence established in this pass to split them reliably.
"
Infrastructure Transport Regional Development Communications Sport and the Arts,Non-financial investments,221745,5,3688000,3688000,2026-27;2027-28;2028-29;2029-30,budget;estimated_actual;forward_estimate,,,low,portfolio_ownership,portfolio_default,ambiguous,"Portfolio name itself spans at least three distinct Statement 6 functions (Transport and communication; Recreation and culture for sport/arts; Housing and community amenities for regional development) with no single dominant destination and no program-level evidence established in this pass to split them reliably.
"
Infrastructure Transport Regional Development Communications Sport and the Arts,Cash used Grant,221750,9,3254255000,7623670000,2024-25;2025-26;2026-27;2027-28;2028-29;2029-30,budget;estimated_actual;forward_estimate,,,low,portfolio_ownership,portfolio_default,ambiguous,"Portfolio name itself spans at least three distinct Statement 6 functions (Transport and communication; Recreation and culture for sport/arts; Housing and community amenities for regional development) with no single dominant destination and no program-level evidence established in this pass to split them reliably.
"
Infrastructure Transport Regional Development Communications Sport and the Arts,Subsidies paid,221751,9,278088000,341519000,2024-25;2025-26;2026-27;2027-28;2028-29;2029-30,budget;estimated_actual;forward_estimate,,,low,portfolio_ownership,portfolio_default,ambiguous,"Portfolio name itself spans at least three distinct Statement 6 functions (Transport and communication; Recreation and culture for sport/arts; Housing and community amenities for regional development) with no single dominant destination and no program-level evidence established in this pass to split them reliably.
"
Infrastructure Transport Regional Development Communications Sport and the Arts,"Cash used Purchase of property, plant and equipment and intangibles",221754,9,10266000,108306000,2024-25;2025-26;2026-27;2027-28;2028-29;2029-30,budget;estimated_actual;forward_estimate,,,low,portfolio_ownership,portfolio_default,ambiguous,"Portfolio name itself spans at least three distinct Statement 6 functions (Transport and communication; Recreation and culture for sport/arts; Housing and community amenities for regional development) with no single dominant destination and no program-level evidence established in this pass to split them reliably.
"
Infrastructure Transport Regional Development Communications Sport and the Arts,Advances and loans made,221755,9,409680000,1103618000,2024-25;2025-26;2026-27;2027-28;2028-29;2029-30,budget;estimated_actual;forward_estimate,,,low,portfolio_ownership,portfolio_default,ambiguous,"Portfolio name itself spans at least three distinct Statement 6 functions (Transport and communication; Recreation and culture for sport/arts; Housing and community amenities for regional development) with no single dominant destination and no program-level evidence established in this pass to split them reliably.
"
Infrastructure Transport Regional Development Communications Sport and the Arts,Cash used Other - -,221756,3,3688000,10400000,2027-28;2028-29;2029-30,forward_estimate,,,low,portfolio_ownership,portfolio_default,ambiguous,"Portfolio name itself spans at least three distinct Statement 6 functions (Transport and communication; Recreation and culture for sport/arts; Housing and community amenities for regional development) with no single dominant destination and no program-level evidence established in this pass to split them reliably.
"
Infrastructure Transport Regional Development Communications Sport and the Arts,Cash from Official Public Account for: - Appropriations,221759,9,8501266000,14917863000,2024-25;2025-26;2026-27;2027-28;2028-29;2029-30,budget;estimated_actual;forward_estimate,,,low,portfolio_ownership,portfolio_default,ambiguous,"Portfolio name itself spans at least three distinct Statement 6 functions (Transport and communication; Recreation and culture for sport/arts; Housing and community amenities for regional development) with no single dominant destination and no program-level evidence established in this pass to split them reliably.
"
Infrastructure Transport Regional Development Communications Sport and the Arts,Other Items,221761,9,421972000,3664278000,2024-25;2025-26;2026-27;2027-28;2028-29;2029-30,budget;estimated_actual;forward_estimate,,,low,portfolio_ownership,portfolio_default,ambiguous,"Portfolio name itself spans at least three distinct Statement 6 functions (Transport and communication; Recreation and culture for sport/arts; Housing and community amenities for regional development) with no single dominant destination and no program-level evidence established in this pass to split them reliably.
"
Infrastructure Transport Regional Development Communications Sport and the Arts,Accumulated depreciation/amortisation and impairment - ROU assets - - (718) - - (718) Opening net book balance,221764,6,81830000,1136051000,2025-26;2026-27;2027-28;2028-29;2029-30,actual;budget;estimated_actual;forward_estimate,,,low,portfolio_ownership,portfolio_default,ambiguous,"Portfolio name itself spans at least three distinct Statement 6 functions (Transport and communication; Recreation and culture for sport/arts; Housing and community amenities for regional development) with no single dominant destination and no program-level evidence established in this pass to split them reliably.
"
Infrastructure Transport Regional Development Communications Sport and the Arts,Accumulated depreciation/amortisation and impairment - ROU assets - - (718) - - (718) Closing net book balance,221767,6,88039000,1208998000,2025-26;2026-27;2027-28;2028-29;2029-30,actual;budget;estimated_actual;forward_estimate,,,low,portfolio_ownership,portfolio_default,ambiguous,"Portfolio name itself spans at least three distinct Statement 6 functions (Transport and communication; Recreation and culture for sport/arts; Housing and community amenities for regional development) with no single dominant destination and no program-level evidence established in this pass to split them reliably.
"
Infrastructure Transport Regional Development Communications Sport and the Arts,"Surplus/(deficit) attributable to the Australian Government (1,333) (386)",221770,3,493000,1417000,2027-28;2028-29;2029-30,forward_estimate,,,low,portfolio_ownership,portfolio_default,ambiguous,"Portfolio name itself spans at least three distinct Statement 6 functions (Transport and communication; Recreation and culture for sport/arts; Housing and community amenities for regional development) with no single dominant destination and no program-level evidence established in this pass to split them reliably.
"
Infrastructure Transport Regional Development Communications Sport and the Arts,Other investments,221774,9,70000000,100000000,2024-25;2025-26;2026-27;2027-28;2028-29;2029-30,budget;estimated_actual;forward_estimate,,,low,portfolio_ownership,portfolio_default,ambiguous,"Portfolio name itself spans at least three distinct Statement 6 functions (Transport and communication; Recreation and culture for sport/arts; Housing and community amenities for regional development) with no single dominant destination and no program-level evidence established in this pass to split them reliably.
"
Infrastructure Transport Regional Development Communications Sport and the Arts,Net GST received,221779,9,1100000,3169000,2024-25;2025-26;2026-27;2027-28;2028-29;2029-30,budget;estimated_actual;forward_estimate,,,low,portfolio_ownership,portfolio_default,ambiguous,"Portfolio name itself spans at least three distinct Statement 6 functions (Transport and communication; Recreation and culture for sport/arts; Housing and community amenities for regional development) with no single dominant destination and no program-level evidence established in this pass to split them reliably.
"
Infrastructure Transport Regional Development Communications Sport and the Arts,Net GST paid,221780,9,61351000,72892000,2024-25;2025-26;2026-27;2027-28;2028-29;2029-30,budget;estimated_actual;forward_estimate,,,low,portfolio_ownership,portfolio_default,ambiguous,"Portfolio name itself spans at least three distinct Statement 6 functions (Transport and communication; Recreation and culture for sport/arts; Housing and community amenities for regional development) with no single dominant destination and no program-level evidence established in this pass to split them reliably.
"
Infrastructure Transport Regional Development Communications Sport and the Arts,Addressing Online Gambling Harms 1.2 Administered receipt - -,221790,3,3400000,16874000,2027-28;2028-29;2029-30,forward_estimate,,,low,portfolio_ownership,portfolio_default,ambiguous,"Portfolio name itself spans at least three distinct Statement 6 functions (Transport and communication; Recreation and culture for sport/arts; Housing and community amenities for regional development) with no single dominant destination and no program-level evidence established in this pass to split them reliably.
"
Infrastructure Transport Regional Development Communications Sport and the Arts,Supporting Connectivity 1.2 Administered receipt - -,221791,3,5000000,5000000,2027-28;2028-29;2029-30,forward_estimate,,,low,portfolio_ownership,portfolio_default,ambiguous,"Portfolio name itself spans at least three distinct Statement 6 functions (Transport and communication; Recreation and culture for sport/arts; Housing and community amenities for regional development) with no single dominant destination and no program-level evidence established in this pass to split them reliably.
"
Infrastructure Transport Regional Development Communications Sport and the Arts,Gains Other,221793,5,115000,115000,2026-27;2027-28;2028-29;2029-30,budget;estimated_actual;forward_estimate,,,low,portfolio_ownership,portfolio_default,ambiguous,"Portfolio name itself spans at least three distinct Statement 6 functions (Transport and communication; Recreation and culture for sport/arts; Housing and community amenities for regional development) with no single dominant destination and no program-level evidence established in this pass to split them reliably.
"
Infrastructure Transport Regional Development Communications Sport and the Arts,"Adjusted opening balance (129,452)",221798,3,8425000,218438000,2027-28;2028-29;2029-30,forward_estimate,,,low,portfolio_ownership,portfolio_default,ambiguous,"Portfolio name itself spans at least three distinct Statement 6 functions (Transport and communication; Recreation and culture for sport/arts; Housing and community amenities for regional development) with no single dominant destination and no program-level evidence established in this pass to split them reliably.
"
Infrastructure Transport Regional Development Communications Sport and the Arts,Cash used Principal payments on lease liability,221802,9,854000,6574000,2024-25;2025-26;2026-27;2027-28;2028-29;2029-30,budget;estimated_actual;forward_estimate,,,low,portfolio_ownership,portfolio_default,ambiguous,"Portfolio name itself spans at least three distinct Statement 6 functions (Transport and communication; Recreation and culture for sport/arts; Housing and community amenities for regional development) with no single dominant destination and no program-level evidence established in this pass to split them reliably.
"
Infrastructure Transport Regional Development Communications Sport and the Arts,Taxation receivables,221810,9,227386000,975308000,2024-25;2025-26;2026-27;2027-28;2028-29;2029-30,budget;estimated_actual;forward_estimate,,,low,portfolio_ownership,portfolio_default,ambiguous,"Portfolio name itself spans at least three distinct Statement 6 functions (Transport and communication; Recreation and culture for sport/arts; Housing and community amenities for regional development) with no single dominant destination and no program-level evidence established in this pass to split them reliably.
"
Infrastructure Transport Regional Development Communications Sport and the Arts,Cash and cash equivalents at beginning of reporting period,221817,9,742000,1270000,2024-25;2025-26;2026-27;2027-28;2028-29;2029-30,budget;estimated_actual;forward_estimate,,,low,portfolio_ownership,portfolio_default,ambiguous,"Portfolio name itself spans at least three distinct Statement 6 functions (Transport and communication; Recreation and culture for sport/arts; Housing and community amenities for regional development) with no single dominant destination and no program-level evidence established in this pass to split them reliably.
"
Infrastructure Transport Regional Development Communications Sport and the Arts,Cash from Official Public Account for: - Appropriations (b),221818,5,300000,3800000,2026-27;2027-28;2028-29;2029-30,budget;estimated_actual;forward_estimate,,,low,portfolio_ownership,portfolio_default,ambiguous,"Portfolio name itself spans at least three distinct Statement 6 functions (Transport and communication; Recreation and culture for sport/arts; Housing and community amenities for regional development) with no single dominant destination and no program-level evidence established in this pass to split them reliably.
"
Infrastructure Transport Regional Development Communications Sport and the Arts,"Surplus/(deficit) attributable to the Australian Government (18,131)",221832,4,1443000,2570000,2026-27;2027-28;2028-29;2029-30,budget;forward_estimate,,,low,portfolio_ownership,portfolio_default,ambiguous,"Portfolio name itself spans at least three distinct Statement 6 functions (Transport and communication; Recreation and culture for sport/arts; Housing and community amenities for regional development) with no single dominant destination and no program-level evidence established in this pass to split them reliably.
"
Infrastructure Transport Regional Development Communications Sport and the Arts,Receipts from government,221835,5,131812000,160445000,2026-27;2027-28;2028-29;2029-30,budget;estimated_actual;forward_estimate,,,low,portfolio_ownership,portfolio_default,ambiguous,"Portfolio name itself spans at least three distinct Statement 6 functions (Transport and communication; Recreation and culture for sport/arts; Housing and community amenities for regional development) with no single dominant destination and no program-level evidence established in this pass to split them reliably.
"
Infrastructure Transport Regional Development Communications Sport and the Arts,Net GST received - 538 18 - Other,221836,5,158000,1917000,2026-27;2027-28;2028-29;2029-30,budget;estimated_actual;forward_estimate,,,low,portfolio_ownership,portfolio_default,ambiguous,"Portfolio name itself spans at least three distinct Statement 6 functions (Transport and communication; Recreation and culture for sport/arts; Housing and community amenities for regional development) with no single dominant destination and no program-level evidence established in this pass to split them reliably.
"
Infrastructure Transport Regional Development Communications Sport and the Arts,Net GST paid 483 - - - 906 Interest payments on lease liability,221837,5,2285000,2754000,2026-27;2027-28;2028-29;2029-30,budget;estimated_actual;forward_estimate,,,low,portfolio_ownership,portfolio_default,ambiguous,"Portfolio name itself spans at least three distinct Statement 6 functions (Transport and communication; Recreation and culture for sport/arts; Housing and community amenities for regional development) with no single dominant destination and no program-level evidence established in this pass to split them reliably.
"
Infrastructure Transport Regional Development Communications Sport and the Arts,Heritage and Cultural,221849,9,16000,108474000,2024-25;2025-26;2026-27;2027-28;2028-29;2029-30,budget;estimated_actual;forward_estimate,,,low,portfolio_ownership,portfolio_default,ambiguous,"Portfolio name itself spans at least three distinct Statement 6 functions (Transport and communication; Recreation and culture for sport/arts; Housing and community amenities for regional development) with no single dominant destination and no program-level evidence established in this pass to split them reliably.
"
Infrastructure Transport Regional Development Communications Sport and the Arts,Funded internally from departmental resources(b),221854,9,652000,13041000,2024-25;2025-26;2026-27;2027-28;2028-29;2029-30,budget;estimated_actual;forward_estimate,,,low,portfolio_ownership,portfolio_default,ambiguous,"Portfolio name itself spans at least three distinct Statement 6 functions (Transport and communication; Recreation and culture for sport/arts; Housing and community amenities for regional development) with no single dominant destination and no program-level evidence established in this pass to split them reliably.
"
Infrastructure Transport Regional Development Communications Sport and the Arts,By purchase - donated funds - - - 120 - 120 Total additions -,221857,5,1150000,17487000,2026-27;2027-28;2028-29;2029-30,budget;estimated_actual;forward_estimate,,,low,portfolio_ownership,portfolio_default,ambiguous,"Portfolio name itself spans at least three distinct Statement 6 functions (Transport and communication; Recreation and culture for sport/arts; Housing and community amenities for regional development) with no single dominant destination and no program-level evidence established in this pass to split them reliably.
"
Infrastructure Transport Regional Development Communications Sport and the Arts,"Adjusted opening balance (4,620)",221875,3,1146000,8733000,2025-26;2028-29;2029-30,budget,,,low,portfolio_ownership,portfolio_default,ambiguous,"Portfolio name itself spans at least three distinct Statement 6 functions (Transport and communication; Recreation and culture for sport/arts; Housing and community amenities for regional development) with no single dominant destination and no program-level evidence established in this pass to split them reliably.
"
Infrastructure Transport Regional Development Communications Sport and the Arts,Contributions by owners Departmental Capital Budget (DCB) - - 647 647 Sub-total transactions with owners - - 647 647 Estimated closing balance as at 30 June 202,221876,3,1146000,9380000,2025-26;2028-29;2029-30,budget,,,low,portfolio_ownership,portfolio_default,ambiguous,"Portfolio name itself spans at least three distinct Statement 6 functions (Transport and communication; Recreation and culture for sport/arts; Housing and community amenities for regional development) with no single dominant destination and no program-level evidence established in this pass to split them reliably.
"
Infrastructure Transport Regional Development Communications Sport and the Arts,"Adjusted opening balance (17,421)",221942,3,14152000,23059000,2025-26;2028-29;2029-30,budget,,,low,portfolio_ownership,portfolio_default,ambiguous,"Portfolio name itself spans at least three distinct Statement 6 functions (Transport and communication; Recreation and culture for sport/arts; Housing and community amenities for regional development) with no single dominant destination and no program-level evidence established in this pass to split them reliably.
"
Infrastructure Transport Regional Development Communications Sport and the Arts,Contributions by owners Departmental Capital Budget (DCB) - - 742 742 Sub-total transactions with owners - - 742 742 Estimated closing balance as at 30 June 202,221943,3,14152000,23801000,2025-26;2028-29;2029-30,budget,,,low,portfolio_ownership,portfolio_default,ambiguous,"Portfolio name itself spans at least three distinct Statement 6 functions (Transport and communication; Recreation and culture for sport/arts; Housing and community amenities for regional development) with no single dominant destination and no program-level evidence established in this pass to split them reliably.
"
Infrastructure Transport Regional Development Communications Sport and the Arts,"Adjusted opening balance (24,214)",222054,3,62421000,132296000,2025-26;2028-29;2029-30,budget,,,low,portfolio_ownership,portfolio_default,ambiguous,"Portfolio name itself spans at least three distinct Statement 6 functions (Transport and communication; Recreation and culture for sport/arts; Housing and community amenities for regional development) with no single dominant destination and no program-level evidence established in this pass to split them reliably.
"
Infrastructure Transport Regional Development Communications Sport and the Arts,Contributions by owners Equity injection - Appropriation - - 911 911 Sub-total transactions with owners - - 911 911 Estimated closing balance as at 30 June 2027,222055,3,62421000,132458000,2025-26;2028-29;2029-30,budget,,,low,portfolio_ownership,portfolio_default,ambiguous,"Portfolio name itself spans at least three distinct Statement 6 functions (Transport and communication; Recreation and culture for sport/arts; Housing and community amenities for regional development) with no single dominant destination and no program-level evidence established in this pass to split them reliably.
"
Infrastructure Transport Regional Development Communications Sport and the Arts,Receipts from Government,222064,5,132389000,159933000,2024-25;2025-26;2026-27;2027-28,budget;estimated_actual;forward_estimate,,,low,portfolio_ownership,portfolio_default,ambiguous,"Portfolio name itself spans at least three distinct Statement 6 functions (Transport and communication; Recreation and culture for sport/arts; Housing and community amenities for regional development) with no single dominant destination and no program-level evidence established in this pass to split them reliably.
"
Infrastructure Transport Regional Development Communications Sport and the Arts,"Surplus/(deficit) attributable to the Australian Government (15,900) (8,900)",222072,3,499000,533000,2025-26;2028-29;2029-30,budget,,,low,portfolio_ownership,portfolio_default,ambiguous,"Portfolio name itself spans at least three distinct Statement 6 functions (Transport and communication; Recreation and culture for sport/arts; Housing and community amenities for regional development) with no single dominant destination and no program-level evidence established in this pass to split them reliably.
"
Social Services,Payment measures (continued) Addressing Online Gambling Harms (f) 2.1 Administered payment –,222098,4,9557000,18990000,2026-27;2027-28;2028-29;2029-30,budget,Social security and welfare,related_breakdown,high,portfolio_ownership,portfolio_default,mapped,
Social Services,Supporting Individuals and Families Impacted by Intercountry Adoptions 2.1 Administered payment –,222099,4,1000000,1072000,2026-27;2027-28;2028-29;2029-30,budget,Social security and welfare,related_breakdown,high,portfolio_ownership,portfolio_default,mapped,
Social Services,Addressing Systems Abuse in the Child Support Scheme Outcome 1 Administered payment – – – – – Departmental payment –,222100,4,2928000,4189000,2026-27;2027-28;2028-29;2029-30,budget,Social security and welfare,related_breakdown,high,portfolio_ownership,portfolio_default,mapped,
Social Services,2.1.2 – Component 2 (Family Safety) Annual administered expenses Ordinary annual services (Appropriation Bill No. 1),222103,5,374696000,565391000,2025-26;2026-27;2027-28;2028-29;2029-30,budget,Social security and welfare,related_breakdown,high,portfolio_ownership,portfolio_default,mapped,
Social Services,2.1.3 – Component 3 (Protecting Australia's Children) Annual administered expenses Ordinary annual services (Appropriation Bill No. 1),222104,5,4014000,25340000,2025-26;2026-27;2027-28;2028-29;2029-30,budget,Social security and welfare,related_breakdown,high,portfolio_ownership,portfolio_default,mapped,
Social Services,2.1.4 – Component 4 (Sector Representation) Annual administered expenses Ordinary annual services (Appropriation Bill No. 1),222105,5,4714000,5851000,2025-26;2026-27;2027-28;2028-29;2029-30,budget,Social security and welfare,related_breakdown,high,portfolio_ownership,portfolio_default,mapped,
Social Services,2.1.5 – Component 5 (Financial Wellbeing and Capability) Annual administered expenses Ordinary annual services (Appropriation Bill No. 1),222106,5,198579000,219710000,2025-26;2026-27;2027-28;2028-29;2029-30,budget,Social security and welfare,related_breakdown,high,portfolio_ownership,portfolio_default,mapped,
Social Services,2.1.6 – Component 6 (Volunteering and Community Connectedness) Annual administered expenses Ordinary annual services (Appropriation Bill No. 1),222107,5,61293000,79296000,2025-26;2026-27;2027-28;2028-29;2029-30,budget,Social security and welfare,related_breakdown,high,portfolio_ownership,portfolio_default,mapped,
Social Services,Interest payments on lease liability 25 11 – – – Other 1 – – – – Total cash used,222131,5,18350000,23949000,2025-26;2026-27;2027-28;2028-29;2029-30,budget,Social security and welfare,related_breakdown,high,portfolio_ownership,portfolio_default,mapped,
Social Services,Funded internally from departmental resources 19 – – – – TOTAL,222136,5,173000,227000,2025-26;2026-27;2027-28;2028-29;2029-30,budget,Social security and welfare,related_breakdown,high,portfolio_ownership,portfolio_default,mapped,
Social Services,Sale of goods and rendering of services 207 211 – – – Net GST received,222143,5,88000,97000,2025-26;2026-27;2027-28;2028-29;2029-30,budget,Social security and welfare,related_breakdown,high,portfolio_ownership,portfolio_default,mapped,
Social Services,Sale of goods and rendering of services 585 – – – – Total cash received,222147,5,5885000,9227000,2025-26;2026-27;2027-28;2028-29;2029-30,budget,Social security and welfare,related_breakdown,high,portfolio_ownership,portfolio_default,mapped,
Finance,Department of the House of Representatives Australian Constitution s,222171,5,66000,5180000,2025-26;2026-27;2027-28;2028-29;2029-30,forward_estimate,General public services,related_breakdown,medium,portfolio_ownership,portfolio_default,mapped,
Finance,Department of the Senate Australian Constitution s,222174,5,66000,1325000,2025-26;2026-27;2027-28;2028-29;2029-30,forward_estimate,General public services,related_breakdown,medium,portfolio_ownership,portfolio_default,mapped,
Finance,Australian Political Exchange Program,222180,11,941000,1014000,2024-25;2025-26;2026-27;2027-28;2028-29;2029-30,budget;estimated_actual;forward_estimate,General public services,related_breakdown,medium,portfolio_ownership,portfolio_default,mapped,
Finance,Australian Political Parties for Democracy Program,222181,11,2200000,2737000,2024-25;2025-26;2026-27;2027-28;2028-29;2029-30,budget;estimated_actual;forward_estimate,General public services,related_breakdown,medium,portfolio_ownership,portfolio_default,mapped,
Finance,Special appropriations Australian Constitution s 66 (a),222182,5,5633000,5999000,2026-27;2027-28;2028-29;2029-30,budget;estimated_actual;forward_estimate,General public services,related_breakdown,medium,portfolio_ownership,portfolio_default,mapped,
Finance,Depreciation and amortisation (a),222185,11,2293000,136245000,2024-25;2025-26;2026-27;2027-28;2028-29;2029-30,budget;estimated_actual;forward_estimate,General public services,related_breakdown,medium,portfolio_ownership,portfolio_default,mapped,
Finance,Rental Income,222190,5,80230000,90524000,2026-27;2027-28;2028-29;2029-30,budget;estimated_actual;forward_estimate,General public services,related_breakdown,medium,portfolio_ownership,portfolio_default,mapped,
Finance,Sublease Income,222191,5,481000,481000,2026-27;2027-28;2028-29;2029-30,budget;estimated_actual;forward_estimate,General public services,related_breakdown,medium,portfolio_ownership,portfolio_default,mapped,
Finance,Gains Other,222193,11,56000,430000,2024-25;2025-26;2026-27;2027-28;2028-29;2029-30,budget;estimated_actual;forward_estimate,General public services,related_breakdown,medium,portfolio_ownership,portfolio_default,mapped,
Finance,Trade and other receivables,222200,11,10534000,1986194000,2024-25;2025-26;2026-27;2027-28;2028-29;2029-30,budget;estimated_actual;forward_estimate,General public services,related_breakdown,medium,portfolio_ownership,portfolio_default,mapped,
Finance,Investment property (b),222205,11,654421000,801565000,2024-25;2025-26;2026-27;2027-28;2028-29;2029-30,budget;estimated_actual;forward_estimate,General public services,related_breakdown,medium,portfolio_ownership,portfolio_default,mapped,
Finance,Provisions Employee provisions,222212,11,279000,16197000,2024-25;2025-26;2026-27;2027-28;2028-29;2029-30,budget;estimated_actual;forward_estimate,General public services,related_breakdown,medium,portfolio_ownership,portfolio_default,mapped,
Finance,Outstanding insurance claims,222213,11,1156527000,2954795000,2024-25;2025-26;2026-27;2027-28;2028-29;2029-30,budget;estimated_actual;forward_estimate,General public services,related_breakdown,medium,portfolio_ownership,portfolio_default,mapped,
Finance,Other provisions,222214,11,57000,1728000,2024-25;2025-26;2026-27;2027-28;2028-29;2029-30,budget;estimated_actual;forward_estimate,General public services,related_breakdown,medium,portfolio_ownership,portfolio_default,mapped,
Finance,"Adjusted opening balance (1,461,182)",222219,3,423423000,4036340000,2027-28;2028-29;2029-30,forward_estimate,General public services,related_breakdown,medium,portfolio_ownership,portfolio_default,mapped,
Finance,Insurance premiums,222223,9,215781000,308632000,2024-25;2025-26;2026-27;2027-28;2028-29;2029-30,budget;estimated_actual;forward_estimate,General public services,related_breakdown,medium,portfolio_ownership,portfolio_default,mapped,
Finance,Cash used Employees,222224,11,4659000,125963000,2024-25;2025-26;2026-27;2027-28;2028-29;2029-30,budget;estimated_actual;forward_estimate,General public services,related_breakdown,medium,portfolio_ownership,portfolio_default,mapped,
Finance,Interest payments on lease liability,222225,11,106000,338000,2024-25;2025-26;2026-27;2027-28;2028-29;2029-30,budget;estimated_actual;forward_estimate,General public services,related_breakdown,medium,portfolio_ownership,portfolio_default,mapped,
Finance,Insurance claims,222226,11,282148000,990312000,2024-25;2025-26;2026-27;2027-28;2028-29;2029-30,budget;estimated_actual;forward_estimate,General public services,related_breakdown,medium,portfolio_ownership,portfolio_default,mapped,
Finance,"Cash used Purchase of property, plant, and equipment and intangibles",222229,5,100000,1195000,2026-27;2027-28;2028-29;2029-30,budget;estimated_actual;forward_estimate,General public services,related_breakdown,medium,portfolio_ownership,portfolio_default,mapped,
Finance,Advances and loans made,222230,8,12775000,290062000,2025-26;2026-27;2027-28;2028-29;2029-30,budget;estimated_actual;forward_estimate,General public services,related_breakdown,medium,portfolio_ownership,portfolio_default,mapped,
Finance,Cash used Principal payments on lease liability,222231,11,3408000,7021000,2024-25;2025-26;2026-27;2027-28;2028-29;2029-30,budget;estimated_actual;forward_estimate,General public services,related_breakdown,medium,portfolio_ownership,portfolio_default,mapped,
Finance,Cash and cash equivalents at the end of the reporting period,222233,11,2000,1296000,2024-25;2025-26;2026-27;2027-28;2028-29;2029-30,budget;estimated_actual;forward_estimate,General public services,related_breakdown,medium,portfolio_ownership,portfolio_default,mapped,
Finance,Funded by capital appropriation - (DCB) (b),222238,5,4602000,16703000,2026-27;2027-28;2028-29;2029-30,budget;estimated_actual;forward_estimate,General public services,related_breakdown,medium,portfolio_ownership,portfolio_default,mapped,
Finance,Funded internally from departmental resources (c),222239,11,39265000,61200000,2024-25;2025-26;2026-27;2027-28;2028-29;2029-30,budget;estimated_actual;forward_estimate,General public services,related_breakdown,medium,portfolio_ownership,portfolio_default,mapped,
Finance,Superannuation,222244,11,161380476000,184014512000,2024-25;2025-26;2026-27;2027-28;2028-29;2029-30,budget;estimated_actual;forward_estimate,General public services,related_breakdown,medium,portfolio_ownership,portfolio_default,mapped,
Finance,Distributions from investment funds (a),222245,5,1301686000,1516419000,2026-27;2027-28;2028-29;2029-30,budget;estimated_actual;forward_estimate,General public services,related_breakdown,medium,portfolio_ownership,portfolio_default,mapped,
Finance,Depreciation and amortisation (b),222247,9,47252000,61073000,2024-25;2025-26;2026-27;2027-28;2028-29;2029-30,budget;estimated_actual;forward_estimate,General public services,related_breakdown,medium,portfolio_ownership,portfolio_default,mapped,
Finance,Investment fund fees,222248,8,129575000,148762000,2025-26;2026-27;2027-28;2028-29;2029-30,budget;estimated_actual;forward_estimate,General public services,related_breakdown,medium,portfolio_ownership,portfolio_default,mapped,
Finance,Interest and dividends,222250,8,1254436000,1531636000,2025-26;2026-27;2027-28;2028-29;2029-30,budget;estimated_actual;forward_estimate,General public services,related_breakdown,medium,portfolio_ownership,portfolio_default,mapped,
Finance,Superannuation contributions (c),222251,5,767708000,1085775000,2026-27;2027-28;2028-29;2029-30,budget;estimated_actual;forward_estimate,General public services,related_breakdown,medium,portfolio_ownership,portfolio_default,mapped,
Finance,Gains Investment Funds,222253,5,2118771000,3140710000,2026-27;2027-28;2028-29;2029-30,budget;estimated_actual;forward_estimate,General public services,related_breakdown,medium,portfolio_ownership,portfolio_default,mapped,
Finance,Investments (b),222257,11,60813824000,69659556000,2024-25;2025-26;2026-27;2027-28;2028-29;2029-30,budget;estimated_actual;forward_estimate,General public services,related_breakdown,medium,portfolio_ownership,portfolio_default,mapped,
Finance,Provisions Employee provisions (c),222259,11,240038000,300498000,2024-25;2025-26;2026-27;2027-28;2028-29;2029-30,budget;estimated_actual;forward_estimate,General public services,related_breakdown,medium,portfolio_ownership,portfolio_default,mapped,
Finance,Interest and dividends (a),222260,11,2179058000,2611550000,2024-25;2025-26;2026-27;2027-28;2028-29;2029-30,budget;estimated_actual;forward_estimate,General public services,related_breakdown,medium,portfolio_ownership,portfolio_default,mapped,
Finance,Superannuation contributions - employers (b),222261,11,761688000,1089111000,2024-25;2025-26;2026-27;2027-28;2028-29;2029-30,budget;estimated_actual;forward_estimate,General public services,related_breakdown,medium,portfolio_ownership,portfolio_default,mapped,
Finance,Superannuation funds contributions - members (c),222262,11,838289000,5058569000,2024-25;2025-26;2026-27;2027-28;2028-29;2029-30,budget;estimated_actual;forward_estimate,General public services,related_breakdown,medium,portfolio_ownership,portfolio_default,mapped,
Finance,Cash used Grants,222263,5,3163000,3274000,2026-27;2027-28;2028-29;2029-30,budget;estimated_actual;forward_estimate,General public services,related_breakdown,medium,portfolio_ownership,portfolio_default,mapped,
Finance,Distributions from the Investment Funds (d),222264,8,1307651000,1516419000,2025-26;2026-27;2027-28;2028-29;2029-30,budget;estimated_actual;forward_estimate,General public services,related_breakdown,medium,portfolio_ownership,portfolio_default,mapped,
Finance,Superannuation payments (f),222265,11,9131851000,11603305000,2024-25;2025-26;2026-27;2027-28;2028-29;2029-30,budget;estimated_actual;forward_estimate,General public services,related_breakdown,medium,portfolio_ownership,portfolio_default,mapped,
Finance,Repayments of advances and loans,222267,11,12555000,158568000,2024-25;2025-26;2026-27;2027-28;2028-29;2029-30,budget;estimated_actual;forward_estimate,General public services,related_breakdown,medium,portfolio_ownership,portfolio_default,mapped,
Finance,"Cash used Purchase of property, plant, equipment and intangibles",222268,5,24432000,67366000,2026-27;2027-28;2028-29;2029-30,budget;estimated_actual;forward_estimate,General public services,related_breakdown,medium,portfolio_ownership,portfolio_default,mapped,
Finance,Cash used Distributions from the Investment Funds (d),222271,8,3888850000,4000000000,2025-26;2026-27;2027-28;2028-29;2029-30,budget;estimated_actual;forward_estimate,General public services,related_breakdown,medium,portfolio_ownership,portfolio_default,mapped,
Finance,Cash from Official Public Account for: - Appropriations,222273,11,82437000,13030815000,2024-25;2025-26;2026-27;2027-28;2028-29;2029-30,budget;estimated_actual;forward_estimate,General public services,related_breakdown,medium,portfolio_ownership,portfolio_default,mapped,
Finance,Other Items,222277,11,1950000,5302195000,2024-25;2025-26;2026-27;2027-28;2028-29;2029-30,budget;estimated_actual;forward_estimate,General public services,related_breakdown,medium,portfolio_ownership,portfolio_default,mapped,
Finance,Funded by capital appropriations - ACB (b),222278,5,5885000,12049000,2026-27;2027-28;2028-29;2029-30,budget;estimated_actual;forward_estimate,General public services,related_breakdown,medium,portfolio_ownership,portfolio_default,mapped,
Finance,Funded by special appropriations,222279,11,6994000,91274000,2024-25;2025-26;2026-27;2027-28;2028-29;2029-30,budget;estimated_actual;forward_estimate,General public services,related_breakdown,medium,portfolio_ownership,portfolio_default,mapped,
Finance,"Adjusted opening balance (181,099)",222287,3,28864000,504875000,2027-28;2028-29;2029-30,forward_estimate,General public services,related_breakdown,medium,portfolio_ownership,portfolio_default,mapped,
Finance,Cash and cash equivalents at the beginning of the reporting period,222294,11,2000,1296000,2024-25;2025-26;2026-27;2027-28;2028-29;2029-30,budget;estimated_actual;forward_estimate,General public services,related_breakdown,medium,portfolio_ownership,portfolio_default,mapped,
Finance,"By purchase - appropriation ordinary annual services - ROU assets 16,712 - - 16,712 Total additions",222298,8,12965000,231887000,2024-25;2025-26;2026-27;2027-28;2028-29;2029-30,budget;forward_estimate,General public services,related_breakdown,medium,portfolio_ownership,portfolio_default,mapped,
Finance,Cash and cash equivalents at beginning of reporting period Cash from Official Public Account for: - Appropriations -,222302,4,5675000,105853000,2026-27;2027-28;2028-29;2029-30,budget;forward_estimate,General public services,related_breakdown,medium,portfolio_ownership,portfolio_default,mapped,
Finance,Retained surplus (accumulated deficit),222310,11,6234000,144061000,2024-25;2025-26;2026-27;2027-28;2028-29;2029-30,budget;estimated_actual;forward_estimate,General public services,related_breakdown,medium,portfolio_ownership,portfolio_default,mapped,
Finance,Adjusted opening balance,222311,8,2673000,58524000,2025-26;2026-27;2027-28;2028-29;2029-30,budget;estimated_actual;forward_estimate,General public services,related_breakdown,medium,portfolio_ownership,portfolio_default,mapped,
Finance,"By purchase - other - ROU assets 14,236 - - 14,236 Total additions",222321,4,500000,15541000,2026-27;2027-28;2028-29;2029-30,budget;forward_estimate,General public services,related_breakdown,medium,portfolio_ownership,portfolio_default,mapped,
Finance,"Research, Development and Innovation (c) 1.1 Departmental payment - 30 35 - - Boosting Productivity – Accelerating Approvals (d) 1.1 Departmental payment -",222324,4,5000,20000,2026-27;2027-28;2028-29;2029-30,budget;forward_estimate,General public services,related_breakdown,medium,portfolio_ownership,portfolio_default,mapped,
Finance,Surplus/(deficit) attributable to the Australian Government,222327,11,4600000,12373000,2024-25;2025-26;2026-27;2027-28;2028-29;2029-30,budget;estimated_actual;forward_estimate,General public services,related_breakdown,medium,portfolio_ownership,portfolio_default,mapped,
Finance,Net GST received,222330,11,174000,3000000,2024-25;2025-26;2026-27;2027-28;2028-29;2029-30,budget;estimated_actual;forward_estimate,General public services,related_breakdown,medium,portfolio_ownership,portfolio_default,mapped,
Finance,Net GST paid,222331,11,34000,942000,2024-25;2025-26;2026-27;2027-28;2028-29;2029-30,budget;estimated_actual;forward_estimate,General public services,related_breakdown,medium,portfolio_ownership,portfolio_default,mapped,
Finance,Gains Other gains,222346,11,8199574000,16004692000,2024-25;2025-26;2026-27;2027-28;2028-29;2029-30,budget;estimated_actual;forward_estimate,General public services,related_breakdown,medium,portfolio_ownership,portfolio_default,mapped,
Finance,Surplus/(deficit) before income tax,222347,11,6618000,24356889000,2024-25;2025-26;2026-27;2027-28;2028-29;2029-30,budget;estimated_actual;forward_estimate,General public services,related_breakdown,medium,portfolio_ownership,portfolio_default,mapped,
Finance,Surplus/(deficit) after income tax,222348,11,6618000,24356889000,2024-25;2025-26;2026-27;2027-28;2028-29;2029-30,budget;estimated_actual;forward_estimate,General public services,related_breakdown,medium,portfolio_ownership,portfolio_default,mapped,
Finance,Other investments,222350,11,224249285000,358210350000,2024-25;2025-26;2026-27;2027-28;2028-29;2029-30,budget;estimated_actual;forward_estimate,General public services,related_breakdown,medium,portfolio_ownership,portfolio_default,mapped,
Finance,Cash used Suppliers,222355,11,81422000,847080000,2024-25;2025-26;2026-27;2027-28;2028-29;2029-30,budget;estimated_actual;forward_estimate,General public services,related_breakdown,medium,portfolio_ownership,portfolio_default,mapped,
Finance,Cash used Investments,222357,11,127531758000,216340386000,2024-25;2025-26;2026-27;2027-28;2028-29;2029-30,budget;estimated_actual;forward_estimate,General public services,related_breakdown,medium,portfolio_ownership,portfolio_default,mapped,
Finance,Cash and cash equivalents at beginning of reporting period,222358,11,1311000,43287000,2024-25;2025-26;2026-27;2027-28;2028-29;2029-30,budget;estimated_actual;forward_estimate,General public services,related_breakdown,medium,portfolio_ownership,portfolio_default,mapped,
Finance,Cash and cash equivalents at end of reporting period,222359,11,10000,44586000,2024-25;2025-26;2026-27;2027-28;2028-29;2029-30,budget;estimated_actual;forward_estimate,General public services,related_breakdown,medium,portfolio_ownership,portfolio_default,mapped,
Finance,Non-wage Expenses – one year extension (b) 1.1 Departmental payment - - - - (262) Total payment measures Departmental -,222360,4,955000,1201000,2026-27;2027-28;2028-29;2029-30,budget;forward_estimate,General public services,related_breakdown,medium,portfolio_ownership,portfolio_default,mapped,
Finance,Cash from Official Public Account for:- Appropriations,222369,5,83667000,93804000,2026-27;2027-28;2028-29;2029-30,budget;estimated_actual;forward_estimate,General public services,related_breakdown,medium,portfolio_ownership,portfolio_default,mapped,
Finance,By purchase - appropriation ordinary annual services (a) - 105 105 Total additions - 105 105 As at 30 June 2027 Gross book value,222376,3,413000,2700000,2027-28;2028-29;2029-30,forward_estimate,General public services,related_breakdown,medium,portfolio_ownership,portfolio_default,mapped,
Finance,Cash and cash equivalents at beginning of reporting period Cash from Official Public Account for: - Appropriations,222379,5,13098000,14873000,2026-27;2027-28;2028-29;2029-30,budget;estimated_actual;forward_estimate,General public services,related_breakdown,medium,portfolio_ownership,portfolio_default,mapped,
Finance,"Department of Finance Boosting Productivity – Digital ID 1.1, 1.2, 1.3 Departmental payment -",222394,4,29881000,35387000,2026-27;2027-28;2028-29;2029-30,budget;forward_estimate,General public services,related_breakdown,medium,portfolio_ownership,portfolio_default,mapped,
Finance,"Employment Services and Support – additional funding 1.1, 1.2, 1.3 Departmental payment -",222395,4,930000,16201000,2026-27;2027-28;2028-29;2029-30,budget;forward_estimate,General public services,related_breakdown,medium,portfolio_ownership,portfolio_default,mapped,
Finance,"Department of Health, Disability and Ageing Better Care for Older Australians 1.1, 1.2 Departmental payment -",222396,4,37000,1634000,2026-27;2027-28;2028-29;2029-30,budget;forward_estimate,General public services,related_breakdown,medium,portfolio_ownership,portfolio_default,mapped,
Finance,"Securing the National Disability Insurance Scheme for Future Generations 1.1, 1.2 Departmental payment -",222397,4,15973000,16606000,2026-27;2027-28;2028-29;2029-30,budget;forward_estimate,General public services,related_breakdown,medium,portfolio_ownership,portfolio_default,mapped,
Finance,"Strengthening Medicare 1.1, 1.2, 1.3 Departmental payment (4)",222398,4,3558000,41748000,2026-27;2027-28;2028-29;2029-30,budget;forward_estimate,General public services,related_breakdown,medium,portfolio_ownership,portfolio_default,mapped,
Finance,"Improving Access and Uptake of Medicines and Vaccines 1.1, 1.2, 1.3 Departmental payment -",222399,4,517000,7633000,2026-27;2027-28;2028-29;2029-30,budget;forward_estimate,General public services,related_breakdown,medium,portfolio_ownership,portfolio_default,mapped,
Finance,"Thriving Kids 1.1, 1.2, 1.3 Departmental payment -",222400,4,632000,14364000,2026-27;2027-28;2028-29;2029-30,budget;forward_estimate,General public services,related_breakdown,medium,portfolio_ownership,portfolio_default,mapped,
Finance,"Improving Access to Home Care 1.1, 1.2, 1.3 Departmental payment -",222401,4,2850000,28140000,2026-27;2027-28;2028-29;2029-30,budget;forward_estimate,General public services,related_breakdown,medium,portfolio_ownership,portfolio_default,mapped,
Finance,"Addressing Systems Abuse in the Child Support Scheme 1.1, 1.2, 1.3 Departmental payment -",222403,4,13801000,79617000,2026-27;2027-28;2028-29;2029-30,budget;forward_estimate,General public services,related_breakdown,medium,portfolio_ownership,portfolio_default,mapped,
Finance,Rental income,222405,8,465000,84355000,2024-25;2025-26;2026-27;2027-28;2028-29,budget;estimated_actual;forward_estimate,General public services,related_breakdown,medium,portfolio_ownership,portfolio_default,mapped,
Finance,"Adjusted opening balance (3,659,932)",222415,3,473189000,5157567000,2026-27;2027-28;2028-29,budget,General public services,related_breakdown,medium,portfolio_ownership,portfolio_default,mapped,
Finance,By purchase - appropriation ordinary annual services (c) -,222430,4,23556000,163631000,2025-26;2026-27;2027-28;2028-29,budget,General public services,related_breakdown,medium,portfolio_ownership,portfolio_default,mapped,
Finance,"By purchase - other - - 23,720 - 23,720 Total additions -",222431,4,79570000,351024000,2025-26;2026-27;2027-28;2028-29,budget,General public services,related_breakdown,medium,portfolio_ownership,portfolio_default,mapped,
Finance,Fees and fines,222437,5,4394000,16329000,2025-26;2026-27;2027-28;2028-29,budget;estimated_actual;forward_estimate,General public services,related_breakdown,medium,portfolio_ownership,portfolio_default,mapped,
Education,Departmental payment -,222454,4,7705000,17291000,2024-25;2025-26;2026-27;2027-28,budget;forward_estimate,Education,related_breakdown,high,portfolio_ownership,portfolio_default,mapped,
Education,School Education Support 1.5 Administered payment -,222455,4,5680000,11981000,2024-25;2025-26;2026-27;2027-28,budget;forward_estimate,Education,related_breakdown,high,portfolio_ownership,portfolio_default,mapped,
Education,"Accord - tertiary education system reforms (b) 2.1,2.3, 2.4,2.7 Administered payment -",222456,4,17126000,192034000,2024-25;2025-26;2026-27;2027-28,budget;forward_estimate,Education,related_breakdown,high,portfolio_ownership,portfolio_default,mapped,
Education,Program 1.1: Support for the Child Care System Administered expenses Ordinary annual services (Appropriation Bill No. 1),222458,5,316823000,456353000,2024-25;2025-26;2026-27;2027-28,budget;estimated_actual;forward_estimate,Education,related_breakdown,high,portfolio_ownership,portfolio_default,mapped,
Education,Program 1.4: Non-Government Schools National Support Administered expenses Other services (Appropriation Bill No. 2),222459,5,121002000,152997000,2024-25;2025-26;2026-27;2027-28,budget;estimated_actual;forward_estimate,Education,related_breakdown,high,portfolio_ownership,portfolio_default,mapped,
Education,Program 1.5: Early Learning and Schools Support Administered expenses Ordinary annual services (Appropriation Bill No. 1),222460,5,133815000,263752000,2024-25;2025-26;2026-27;2027-28,budget;estimated_actual;forward_estimate,Education,related_breakdown,high,portfolio_ownership,portfolio_default,mapped,
Education,Depreciation and amortisation (a),222465,11,1286000,21231000,2024-25;2025-26;2026-27;2027-28;2028-29;2029-30,budget;estimated_actual;forward_estimate,Education,related_breakdown,high,portfolio_ownership,portfolio_default,mapped,
Education,Trade and other receivables,222470,11,10701000,55991000000,2024-25;2025-26;2026-27;2027-28;2028-29;2029-30,budget;estimated_actual;forward_estimate,Education,related_breakdown,high,portfolio_ownership,portfolio_default,mapped,
Education,Provisions Employee provisions,222475,11,2172000,74481000,2024-25;2025-26;2026-27;2027-28;2028-29;2029-30,budget;estimated_actual;forward_estimate,Education,related_breakdown,high,portfolio_ownership,portfolio_default,mapped,
Education,"Adjusted opening balance (279,026)",222480,3,1380000,419240000,2025-26;2026-27;2027-28,forward_estimate,Education,related_breakdown,high,portfolio_ownership,portfolio_default,mapped,
Education,Net GST received,222484,11,702000,12920000,2024-25;2025-26;2026-27;2027-28;2028-29;2029-30,budget;estimated_actual;forward_estimate,Education,related_breakdown,high,portfolio_ownership,portfolio_default,mapped,
Education,Cash used Employees,222485,11,14993000,306516000,2024-25;2025-26;2026-27;2027-28;2028-29;2029-30,budget;estimated_actual;forward_estimate,Education,related_breakdown,high,portfolio_ownership,portfolio_default,mapped,
Education,Cash and cash equivalents at the end of the reporting period,222491,11,498000,929000,2024-25;2025-26;2026-27;2027-28;2028-29;2029-30,budget;estimated_actual;forward_estimate,Education,related_breakdown,high,portfolio_ownership,portfolio_default,mapped,
Education,Finance Cost,222499,11,775758000,1751148000,2024-25;2025-26;2026-27;2027-28;2028-29;2029-30,budget;estimated_actual;forward_estimate,Education,related_breakdown,high,portfolio_ownership,portfolio_default,mapped,
Education,Fair Value Losses,222501,9,1335009000,14749254000,2024-25;2025-26;2026-27;2027-28;2028-29;2029-30,budget;estimated_actual;forward_estimate,Education,related_breakdown,high,portfolio_ownership,portfolio_default,mapped,
Education,Other investments,222505,11,3563936000,4047346000,2024-25;2025-26;2026-27;2027-28;2028-29;2029-30,budget;estimated_actual;forward_estimate,Education,related_breakdown,high,portfolio_ownership,portfolio_default,mapped,
Education,Provisions Personal benefit provisions,222509,11,750231000,1075553000,2024-25;2025-26;2026-27;2027-28;2028-29;2029-30,budget;estimated_actual;forward_estimate,Education,related_breakdown,high,portfolio_ownership,portfolio_default,mapped,
Education,Grants provisions,222510,11,3137881000,4874648000,2024-25;2025-26;2026-27;2027-28;2028-29;2029-30,budget;estimated_actual;forward_estimate,Education,related_breakdown,high,portfolio_ownership,portfolio_default,mapped,
Education,Cash used Grant,222513,11,1023823000,56631656000,2024-25;2025-26;2026-27;2027-28;2028-29;2029-30,budget;estimated_actual;forward_estimate,Education,related_breakdown,high,portfolio_ownership,portfolio_default,mapped,
Education,Subsidies paid,222514,11,97607000,2168710000,2024-25;2025-26;2026-27;2027-28;2028-29;2029-30,budget;estimated_actual;forward_estimate,Education,related_breakdown,high,portfolio_ownership,portfolio_default,mapped,
Education,Interest payments on lease liability,222515,11,5000,111000,2024-25;2025-26;2026-27;2027-28;2028-29;2029-30,budget;estimated_actual;forward_estimate,Education,related_breakdown,high,portfolio_ownership,portfolio_default,mapped,
Education,Cash used Advances and loans made,222517,11,7133787000,10347886000,2024-25;2025-26;2026-27;2027-28;2028-29;2029-30,budget;estimated_actual;forward_estimate,Education,related_breakdown,high,portfolio_ownership,portfolio_default,mapped,
Education,Cash from Official Public Account for: - Appropriations,222519,11,1033284000,86481522000,2024-25;2025-26;2026-27;2027-28;2028-29;2029-30,budget;estimated_actual;forward_estimate,Education,related_breakdown,high,portfolio_ownership,portfolio_default,mapped,
Education,Other provisions,222532,5,801000,801000,2025-26;2026-27;2027-28;2028-29,budget;estimated_actual;forward_estimate,Education,related_breakdown,high,portfolio_ownership,portfolio_default,mapped,
Education,Net GST paid,222535,5,649000,966000,2025-26;2026-27;2027-28;2028-29,budget;estimated_actual;forward_estimate,Education,related_breakdown,high,portfolio_ownership,portfolio_default,mapped,
Education,Cash used Principal payments on lease liability,222564,8,62000,1286000,2025-26;2026-27;2027-28;2028-29;2029-30,budget;estimated_actual;forward_estimate,Education,related_breakdown,high,portfolio_ownership,portfolio_default,mapped,
Education,Surplus/(deficit) before income tax,222571,5,16937000,18846000,2025-26;2026-27;2027-28;2028-29,budget;estimated_actual;forward_estimate,Education,related_breakdown,high,portfolio_ownership,portfolio_default,mapped,
Education,Surplus/(deficit) after income tax,222572,5,16937000,18846000,2025-26;2026-27;2027-28;2028-29,budget;estimated_actual;forward_estimate,Education,related_breakdown,high,portfolio_ownership,portfolio_default,mapped,
Veterans' Affairs,"Administered payment - 67 5 - - Total - 67 5 - - Strengthening Medicare - Health Workforce (b) (f) 2.1, 2.4 Administered payment -",222580,4,83000,96000,2025-26;2026-27;2027-28;2028-29,budget,Social security and welfare / Assistance to veterans and dependants,related_breakdown,medium,portfolio_ownership,portfolio_default,mapped,
Veterans' Affairs,"Departmental - 49,238 - - (4,160) Total",222582,5,1101000,64156000,2024-25;2025-26;2026-27;2027-28;2028-29,budget,Social security and welfare / Assistance to veterans and dependants,related_breakdown,medium,portfolio_ownership,portfolio_default,mapped,
Veterans' Affairs,Specialist consultations,222583,7,109067000,118364000,2023-24;2024-25;2025-26;2026-27;2027-28;2028-29;2029-30,budget,Social security and welfare / Assistance to veterans and dependants,related_breakdown,medium,portfolio_ownership,portfolio_default,mapped,
Veterans' Affairs,Medical services,222584,7,244161000,424146000,2023-24;2024-25;2025-26;2026-27;2027-28;2028-29;2029-30,budget,Social security and welfare / Assistance to veterans and dependants,related_breakdown,medium,portfolio_ownership,portfolio_default,mapped,
Veterans' Affairs,Private hospitals,222586,7,654389000,735322000,2023-24;2024-25;2025-26;2026-27;2027-28;2028-29;2029-30,budget,Social security and welfare / Assistance to veterans and dependants,related_breakdown,medium,portfolio_ownership,portfolio_default,mapped,
Veterans' Affairs,Nursing homes,222587,6,2126000,7170000,2023-24;2024-25;2025-26;2026-27;2027-28;2028-29,budget,Social security and welfare / Assistance to veterans and dependants,related_breakdown,medium,portfolio_ownership,portfolio_default,mapped,
Veterans' Affairs,Veterans' Acute Housing (a),222589,5,1200000,1200000,2024-25;2025-26;2026-27;2027-28;2028-29,budget,Social security and welfare / Assistance to veterans and dependants,related_breakdown,medium,portfolio_ownership,portfolio_default,mapped,
Veterans' Affairs,Community nursing,222592,7,188860000,293652000,2023-24;2024-25;2025-26;2026-27;2027-28;2028-29;2029-30,budget,Social security and welfare / Assistance to veterans and dependants,related_breakdown,medium,portfolio_ownership,portfolio_default,mapped,
Veterans' Affairs,Veterans' Home Care,222593,7,128035000,157196000,2023-24;2024-25;2025-26;2026-27;2027-28;2028-29;2029-30,budget,Social security and welfare / Assistance to veterans and dependants,related_breakdown,medium,portfolio_ownership,portfolio_default,mapped,
Veterans' Affairs,In-home respite,222594,7,10028000,12447000,2023-24;2024-25;2025-26;2026-27;2027-28;2028-29;2029-30,budget,Social security and welfare / Assistance to veterans and dependants,related_breakdown,medium,portfolio_ownership,portfolio_default,mapped,
Veterans' Affairs,Carer and volunteer support,222595,7,1445000,1735000,2023-24;2024-25;2025-26;2026-27;2027-28;2028-29;2029-30,budget,Social security and welfare / Assistance to veterans and dependants,related_breakdown,medium,portfolio_ownership,portfolio_default,mapped,
Veterans' Affairs,"Public Governance, Performance and Accountability Act 2013 Section 77 Repayments",222596,7,5000,5000,2023-24;2024-25;2025-26;2026-27;2027-28;2028-29;2029-30,budget,Social security and welfare / Assistance to veterans and dependants,related_breakdown,medium,portfolio_ownership,portfolio_default,mapped,
Veterans' Affairs,Ordinary annual services (Appropriation Bill (No. 1) and Supply Bill No. 1)) Counselling support & children's assistance,222597,5,862000,1015000,2024-25;2025-26;2026-27;2027-28;2028-29,budget,Social security and welfare / Assistance to veterans and dependants,related_breakdown,medium,portfolio_ownership,portfolio_default,mapped,
Veterans' Affairs,Veterans' Vocational Rehabilitation Scheme,222599,7,193000,449000,2023-24;2024-25;2025-26;2026-27;2027-28;2028-29;2029-30,budget,Social security and welfare / Assistance to veterans and dependants,related_breakdown,medium,portfolio_ownership,portfolio_default,mapped,
Veterans' Affairs,Health & medical research,222600,7,3038000,22652000,2023-24;2024-25;2025-26;2026-27;2027-28;2028-29;2029-30,budget,Social security and welfare / Assistance to veterans and dependants,related_breakdown,medium,portfolio_ownership,portfolio_default,mapped,
Veterans' Affairs,Wellbeing and Support Program (VEA component),222601,7,625000,738000,2023-24;2024-25;2025-26;2026-27;2027-28;2028-29;2029-30,budget,Social security and welfare / Assistance to veterans and dependants,related_breakdown,medium,portfolio_ownership,portfolio_default,mapped,
Veterans' Affairs,Open Arms,222603,7,128252000,143887000,2023-24;2024-25;2025-26;2026-27;2027-28;2028-29;2029-30,budget,Social security and welfare / Assistance to veterans and dependants,related_breakdown,medium,portfolio_ownership,portfolio_default,mapped,
Veterans' Affairs,Non-institutional care - services,222604,7,292675000,323767000,2023-24;2024-25;2025-26;2026-27;2027-28;2028-29;2029-30,budget,Social security and welfare / Assistance to veterans and dependants,related_breakdown,medium,portfolio_ownership,portfolio_default,mapped,
Veterans' Affairs,Non-institutional care - products,222605,7,49402000,59621000,2023-24;2024-25;2025-26;2026-27;2027-28;2028-29;2029-30,budget,Social security and welfare / Assistance to veterans and dependants,related_breakdown,medium,portfolio_ownership,portfolio_default,mapped,
Veterans' Affairs,Rehabilitation appliances,222606,7,151738000,170954000,2023-24;2024-25;2025-26;2026-27;2027-28;2028-29;2029-30,budget,Social security and welfare / Assistance to veterans and dependants,related_breakdown,medium,portfolio_ownership,portfolio_default,mapped,
Veterans' Affairs,Psychiatric Assistance Dogs,222607,7,1436000,4339000,2023-24;2024-25;2025-26;2026-27;2027-28;2028-29;2029-30,budget,Social security and welfare / Assistance to veterans and dependants,related_breakdown,medium,portfolio_ownership,portfolio_default,mapped,
Veterans' Affairs,Health treatment for British Commonwealth and Allied veterans,222608,7,5614000,5947000,2023-24;2024-25;2025-26;2026-27;2027-28;2028-29;2029-30,budget,Social security and welfare / Assistance to veterans and dependants,related_breakdown,medium,portfolio_ownership,portfolio_default,mapped,
Veterans' Affairs,Australian Participants in British Nuclear Tests and British Commonwealth Occupation Force (Treatment) Act 2006 Nuclear test health care payments,222609,7,8918000,13920000,2023-24;2024-25;2025-26;2026-27;2027-28;2028-29;2029-30,budget,Social security and welfare / Assistance to veterans and dependants,related_breakdown,medium,portfolio_ownership,portfolio_default,mapped,
Veterans' Affairs,Treatment Benefits Act (Special Access) 2019 Health Care for Southeast Asia Treaty Organisation personnel,222610,7,1510000,4421000,2023-24;2024-25;2025-26;2026-27;2027-28;2028-29;2029-30,budget,Social security and welfare / Assistance to veterans and dependants,related_breakdown,medium,portfolio_ownership,portfolio_default,mapped,
Veterans' Affairs,Ordinary annual services (Appropriation Bill (No. 1) and Supply Bill (No. 1)) Wellbeing and Support Program (DRCA component),222611,5,975000,1080000,2024-25;2025-26;2026-27;2027-28;2028-29,budget,Social security and welfare / Assistance to veterans and dependants,related_breakdown,medium,portfolio_ownership,portfolio_default,mapped,
Veterans' Affairs,Wellbeing and Support Program (MRCA component),222612,7,1564000,1849000,2023-24;2024-25;2025-26;2026-27;2027-28;2028-29;2029-30,budget,Social security and welfare / Assistance to veterans and dependants,related_breakdown,medium,portfolio_ownership,portfolio_default,mapped,
Veterans' Affairs,"Special Appropriations: Safety, Rehabilitation and Compensation (Defence-related Claims) Act 1988 Medical services",222613,6,31668000,34355000,2023-24;2024-25;2025-26;2026-27;2027-28;2028-29,budget,Social security and welfare / Assistance to veterans and dependants,related_breakdown,medium,portfolio_ownership,portfolio_default,mapped,
Veterans' Affairs,Rehabilitation services,222614,7,63186000,95394000,2023-24;2024-25;2025-26;2026-27;2027-28;2028-29;2029-30,budget,Social security and welfare / Assistance to veterans and dependants,related_breakdown,medium,portfolio_ownership,portfolio_default,mapped,
Veterans' Affairs,Other services,222615,7,41000000,368128000,2023-24;2024-25;2025-26;2026-27;2027-28;2028-29;2029-30,budget,Social security and welfare / Assistance to veterans and dependants,related_breakdown,medium,portfolio_ownership,portfolio_default,mapped,
Veterans' Affairs,Military Rehabilitation and Compensation Act 2004 Medical services,222616,7,239240000,934491000,2023-24;2024-25;2025-26;2026-27;2027-28;2028-29;2029-30,budget,Social security and welfare / Assistance to veterans and dependants,related_breakdown,medium,portfolio_ownership,portfolio_default,mapped,
Veterans' Affairs,Program 3.1: War Graves Administered Expenses Ordinary annual services (Appropriation Bill (No. 1) and Supply Bill (No. 1)),222617,5,26772000,31402000,2024-25;2025-26;2026-27;2027-28;2028-29,budget,Social security and welfare / Assistance to veterans and dependants,related_breakdown,medium,portfolio_ownership,portfolio_default,mapped,
Veterans' Affairs,"War graves refurbishment, reconstruction & relocation",222620,7,1373000,1674000,2023-24;2024-25;2025-26;2026-27;2027-28;2028-29;2029-30,budget,Social security and welfare / Assistance to veterans and dependants,related_breakdown,medium,portfolio_ownership,portfolio_default,mapped,
Veterans' Affairs,Saluting Their Service,222624,6,3500000,3500000,2023-24;2024-25;2025-26;2026-27;2027-28;2028-29,budget,Social security and welfare / Assistance to veterans and dependants,related_breakdown,medium,portfolio_ownership,portfolio_default,mapped,
Veterans' Affairs,Depreciation and amortisation (a),222626,7,14277000,30030000,2023-24;2024-25;2025-26;2026-27;2027-28;2028-29;2029-30,budget,Social security and welfare / Assistance to veterans and dependants,related_breakdown,medium,portfolio_ownership,portfolio_default,mapped,
Veterans' Affairs,Insurance claims,222627,7,51587000,72407000,2023-24;2024-25;2025-26;2026-27;2027-28;2028-29;2029-30,budget,Social security and welfare / Assistance to veterans and dependants,related_breakdown,medium,portfolio_ownership,portfolio_default,mapped,
Veterans' Affairs,Rendering of services,222629,7,7194000,16040000,2023-24;2024-25;2025-26;2026-27;2027-28;2028-29;2029-30,budget,Social security and welfare / Assistance to veterans and dependants,related_breakdown,medium,portfolio_ownership,portfolio_default,mapped,
Veterans' Affairs,Resources received free of charge,222630,7,1058000,1063000,2023-24;2024-25;2025-26;2026-27;2027-28;2028-29;2029-30,budget,Social security and welfare / Assistance to veterans and dependants,related_breakdown,medium,portfolio_ownership,portfolio_default,mapped,
Veterans' Affairs,Trade and other receivables,222635,7,1688000,1856000,2023-24;2024-25;2025-26;2026-27;2027-28;2028-29;2029-30,budget,Social security and welfare / Assistance to veterans and dependants,related_breakdown,medium,portfolio_ownership,portfolio_default,mapped,
Veterans' Affairs,Appropriation receivables,222636,7,51581000,80852000,2023-24;2024-25;2025-26;2026-27;2027-28;2028-29;2029-30,budget,Social security and welfare / Assistance to veterans and dependants,related_breakdown,medium,portfolio_ownership,portfolio_default,mapped,
Veterans' Affairs,"Infrastructure, plant and equipment",222639,7,154000,325000,2023-24;2024-25;2025-26;2026-27;2027-28;2028-29;2029-30,budget,Social security and welfare / Assistance to veterans and dependants,related_breakdown,medium,portfolio_ownership,portfolio_default,mapped,
Veterans' Affairs,Provisions Employee provisions,222645,7,9092000,10225000,2023-24;2024-25;2025-26;2026-27;2027-28;2028-29;2029-30,budget,Social security and welfare / Assistance to veterans and dependants,related_breakdown,medium,portfolio_ownership,portfolio_default,mapped,
Veterans' Affairs,Other provisions,222646,7,145000,62828869000,2023-24;2024-25;2025-26;2026-27;2027-28;2028-29;2029-30,budget,Social security and welfare / Assistance to veterans and dependants,related_breakdown,medium,portfolio_ownership,portfolio_default,mapped,
Veterans' Affairs,Asset revaluation reserve,222649,7,26636000,32739000,2023-24;2024-25;2025-26;2026-27;2027-28;2028-29;2029-30,budget,Social security and welfare / Assistance to veterans and dependants,related_breakdown,medium,portfolio_ownership,portfolio_default,mapped,
Veterans' Affairs,Net GST received,222652,7,2742000,17290000,2023-24;2024-25;2025-26;2026-27;2027-28;2028-29;2029-30,budget,Social security and welfare / Assistance to veterans and dependants,related_breakdown,medium,portfolio_ownership,portfolio_default,mapped,
Veterans' Affairs,Cash used Employees,222654,7,28281000,41953000,2023-24;2024-25;2025-26;2026-27;2027-28;2028-29;2029-30,budget,Social security and welfare / Assistance to veterans and dependants,related_breakdown,medium,portfolio_ownership,portfolio_default,mapped,
Veterans' Affairs,Interest payments on lease liability,222655,7,743000,1088000,2023-24;2024-25;2025-26;2026-27;2027-28;2028-29;2029-30,budget,Social security and welfare / Assistance to veterans and dependants,related_breakdown,medium,portfolio_ownership,portfolio_default,mapped,
Veterans' Affairs,"Cash used Purchase of property, plant and equipment, and intangibles",222658,7,14325000,19355000,2023-24;2024-25;2025-26;2026-27;2027-28;2028-29;2029-30,budget,Social security and welfare / Assistance to veterans and dependants,related_breakdown,medium,portfolio_ownership,portfolio_default,mapped,
Veterans' Affairs,Purchase of investments,222659,7,46060000,55151000,2023-24;2024-25;2025-26;2026-27;2027-28;2028-29;2029-30,budget,Social security and welfare / Assistance to veterans and dependants,related_breakdown,medium,portfolio_ownership,portfolio_default,mapped,
Veterans' Affairs,Cash used Lease liability - principal payments,222661,7,22690000,23485000,2023-24;2024-25;2025-26;2026-27;2027-28;2028-29;2029-30,budget,Social security and welfare / Assistance to veterans and dependants,related_breakdown,medium,portfolio_ownership,portfolio_default,mapped,
Veterans' Affairs,Cash and cash equivalents at the end of the reporting period,222663,7,2000000,28505000,2023-24;2024-25;2025-26;2026-27;2027-28;2028-29;2029-30,budget,Social security and welfare / Assistance to veterans and dependants,related_breakdown,medium,portfolio_ownership,portfolio_default,mapped,
Veterans' Affairs,Gains Resources received free of charge,222665,7,60000,65000,2023-24;2024-25;2025-26;2026-27;2027-28;2028-29;2029-30,budget,Social security and welfare / Assistance to veterans and dependants,related_breakdown,medium,portfolio_ownership,portfolio_default,mapped,
Veterans' Affairs,Provisions Other provisions,222668,7,43184000,61160000,2023-24;2024-25;2025-26;2026-27;2027-28;2028-29;2029-30,budget,Social security and welfare / Assistance to veterans and dependants,related_breakdown,medium,portfolio_ownership,portfolio_default,mapped,
Veterans' Affairs,Cash used Purchase of investments,222670,7,46060000,55151000,2023-24;2024-25;2025-26;2026-27;2027-28;2028-29;2029-30,budget,Social security and welfare / Assistance to veterans and dependants,related_breakdown,medium,portfolio_ownership,portfolio_default,mapped,
Veterans' Affairs,"By purchase - ROU assets 6,805 - - 6,805 Total additions",222679,5,24000,22965000,2025-26;2026-27;2027-28;2028-29;2029-30,budget,Social security and welfare / Assistance to veterans and dependants,related_breakdown,medium,portfolio_ownership,portfolio_default,mapped,
Veterans' Affairs,Health care payments,222683,7,5041323000,5854362000,2023-24;2024-25;2025-26;2026-27;2027-28;2028-29;2029-30,budget,Social security and welfare / Assistance to veterans and dependants,related_breakdown,medium,portfolio_ownership,portfolio_default,mapped,
Veterans' Affairs,Interest expense,222685,7,2073500000,7900000000,2023-24;2024-25;2025-26;2026-27;2027-28;2028-29;2029-30,budget,Social security and welfare / Assistance to veterans and dependants,related_breakdown,medium,portfolio_ownership,portfolio_default,mapped,
Veterans' Affairs,Other receivables,222687,7,89132000,107909000,2023-24;2024-25;2025-26;2026-27;2027-28;2028-29;2029-30,budget,Social security and welfare / Assistance to veterans and dependants,related_breakdown,medium,portfolio_ownership,portfolio_default,mapped,
Veterans' Affairs,Health and other payables,222691,7,84050000,141764000,2023-24;2024-25;2025-26;2026-27;2027-28;2028-29;2029-30,budget,Social security and welfare / Assistance to veterans and dependants,related_breakdown,medium,portfolio_ownership,portfolio_default,mapped,
Veterans' Affairs,Personal benefits provisions,222692,6,46612323000,94019780000,2024-25;2025-26;2026-27;2027-28;2028-29;2029-30,budget,Social security and welfare / Assistance to veterans and dependants,related_breakdown,medium,portfolio_ownership,portfolio_default,mapped,
Veterans' Affairs,Health and other provisions,222693,6,40527049000,102763840000,2024-25;2025-26;2026-27;2027-28;2028-29;2029-30,budget,Social security and welfare / Assistance to veterans and dependants,related_breakdown,medium,portfolio_ownership,portfolio_default,mapped,
Veterans' Affairs,Cash used Personal benefits,222694,7,8141192000,10854879000,2023-24;2024-25;2025-26;2026-27;2027-28;2028-29;2029-30,budget,Social security and welfare / Assistance to veterans and dependants,related_breakdown,medium,portfolio_ownership,portfolio_default,mapped,
Veterans' Affairs,Health payments,222695,7,4429936000,5401557000,2023-24;2024-25;2025-26;2026-27;2027-28;2028-29;2029-30,budget,Social security and welfare / Assistance to veterans and dependants,related_breakdown,medium,portfolio_ownership,portfolio_default,mapped,
Veterans' Affairs,Grant payments,222696,7,14337000,76672000,2023-24;2024-25;2025-26;2026-27;2027-28;2028-29;2029-30,budget,Social security and welfare / Assistance to veterans and dependants,related_breakdown,medium,portfolio_ownership,portfolio_default,mapped,
Veterans' Affairs,Payments to employees,222697,7,12511000,61342000,2023-24;2024-25;2025-26;2026-27;2027-28;2028-29;2029-30,budget,Social security and welfare / Assistance to veterans and dependants,related_breakdown,medium,portfolio_ownership,portfolio_default,mapped,
Veterans' Affairs,Payments to corporate entities,222698,7,7645000,106620000,2023-24;2024-25;2025-26;2026-27;2027-28;2028-29;2029-30,budget,Social security and welfare / Assistance to veterans and dependants,related_breakdown,medium,portfolio_ownership,portfolio_default,mapped,
Veterans' Affairs,Cash from Official Public Account,222702,7,12737733000,15743175000,2023-24;2024-25;2025-26;2026-27;2027-28;2028-29;2029-30,budget,Social security and welfare / Assistance to veterans and dependants,related_breakdown,medium,portfolio_ownership,portfolio_default,mapped,
Veterans' Affairs,Royalties -,222710,4,30000,65000,2025-26;2026-27;2027-28;2028-29,budget,Social security and welfare / Assistance to veterans and dependants,related_breakdown,medium,portfolio_ownership,portfolio_default,mapped,
Veterans' Affairs,Other investments,222714,7,9274000,81674000,2023-24;2024-25;2025-26;2026-27;2027-28;2028-29;2029-30,budget,Social security and welfare / Assistance to veterans and dependants,related_breakdown,medium,portfolio_ownership,portfolio_default,mapped,
Veterans' Affairs,Retained surplus (accumulated deficit),222719,7,443495000,538448000,2023-24;2024-25;2025-26;2026-27;2027-28;2028-29;2029-30,budget,Social security and welfare / Assistance to veterans and dependants,related_breakdown,medium,portfolio_ownership,portfolio_default,mapped,
Health Disability and Ageing,Program 3.2: Aged Care Services (b) (c) Administered expenses Ordinary annual services (a),222747,8,4075263000,5224979000,2024-25;2025-26;2026-27;2027-28;2028-29,budget;estimated_actual;forward_estimate,Social security and welfare / Assistance to the aged,related_breakdown,medium,exact_label_with_portfolio_context,program_label_override,mapped,
Health Disability and Ageing,Aged Care Act 2024 - Residential Care Subsidies -,222748,4,26022129000,32977972000,2025-26;2026-27;2027-28;2028-29,budget;forward_estimate,Social security and welfare / Assistance to the aged,related_breakdown,medium,exact_label_with_portfolio_context,program_label_override,mapped,
Health Disability and Ageing,Aged Care Act 2024 - Specialist Aged Care Programs -,222749,4,737139000,889520000,2025-26;2026-27;2027-28;2028-29,budget;forward_estimate,Social security and welfare / Assistance to the aged,related_breakdown,medium,exact_label_with_portfolio_context,program_label_override,mapped,
Health Disability and Ageing,Aged Care Act 2024 - Support at Home -,222750,4,8548087000,9246878000,2025-26;2026-27;2027-28;2028-29,budget;forward_estimate,Social security and welfare / Assistance to the aged,related_breakdown,medium,exact_label_with_portfolio_context,program_label_override,mapped,
Health Disability and Ageing,National Health Act 1953 - continence aids payments,222751,11,105880000,170390000,2024-25;2025-26;2026-27;2027-28;2028-29;2029-30,budget;estimated_actual;forward_estimate,Health,related_breakdown,high,portfolio_ownership,portfolio_default,mapped,
Health Disability and Ageing,Aged Care (Accommodation Payment Security) Act 2006 - - - - - Total for Program,222752,6,3200,50732056000,2025-26;2026-27;2027-28;2028-29;2029-30,actual;budget;estimated_actual;forward_estimate,Social security and welfare / Assistance to the aged,related_breakdown,medium,exact_label_with_portfolio_context,program_label_override,mapped,
Health Disability and Ageing,Therapeutic Goods Administration,222762,14,1000,297610000,2023-24;2024-25;2025-26;2026-27;2027-28;2028-29;2029-30,actual;budget;estimated_actual;forward_estimate,Health,related_breakdown,high,portfolio_ownership,portfolio_default,mapped,
Health Disability and Ageing,Gains Other,222769,11,55000,154000,2024-25;2025-26;2026-27;2027-28;2028-29;2029-30,budget;estimated_actual;forward_estimate,Health,related_breakdown,high,portfolio_ownership,portfolio_default,mapped,
Health Disability and Ageing,Plant and equipment,222772,11,6077000,21446000,2024-25;2025-26;2026-27;2027-28;2028-29;2029-30,budget;estimated_actual;forward_estimate,Health,related_breakdown,high,portfolio_ownership,portfolio_default,mapped,
Health Disability and Ageing,Provisions Employees,222775,11,3431000,6994000,2024-25;2025-26;2026-27;2027-28;2028-29;2029-30,budget;estimated_actual;forward_estimate,Health,related_breakdown,high,portfolio_ownership,portfolio_default,mapped,
Health Disability and Ageing,Appropriations,222779,11,17824000,42852000,2024-25;2025-26;2026-27;2027-28;2028-29;2029-30,budget;estimated_actual;forward_estimate,Health,related_breakdown,high,portfolio_ownership,portfolio_default,mapped,
Health Disability and Ageing,Other cash received,222780,11,2847000,5744000,2024-25;2025-26;2026-27;2027-28;2028-29;2029-30,budget;estimated_actual;forward_estimate,Health,related_breakdown,high,portfolio_ownership,portfolio_default,mapped,
Health Disability and Ageing,Appropriations - DCB,222786,8,13242000,21455000,2025-26;2026-27;2027-28;2028-29;2029-30,budget;estimated_actual;forward_estimate,Health,related_breakdown,high,portfolio_ownership,portfolio_default,mapped,
Health Disability and Ageing,Cash used Lease principal repayments,222787,11,242000,1026000,2024-25;2025-26;2026-27;2027-28;2028-29;2029-30,budget;estimated_actual;forward_estimate,Health,related_breakdown,high,portfolio_ownership,portfolio_default,mapped,
Health Disability and Ageing,Capital budget - Bill 1 (DCB),222788,11,185000,21455000,2024-25;2025-26;2026-27;2027-28;2028-29;2029-30,budget;estimated_actual;forward_estimate,Health,related_breakdown,high,portfolio_ownership,portfolio_default,mapped,
Health Disability and Ageing,Funded by capital appropriation - DCB (b),222790,11,2193000,21455000,2024-25;2025-26;2026-27;2027-28;2028-29;2029-30,budget;estimated_actual;forward_estimate,Health,related_breakdown,high,portfolio_ownership,portfolio_default,mapped,
Health Disability and Ageing,Funded internally from departmental resources,222791,11,50000,11300000,2024-25;2025-26;2026-27;2027-28;2028-29;2029-30,budget;estimated_actual;forward_estimate,Health,related_breakdown,high,portfolio_ownership,portfolio_default,mapped,
Health Disability and Ageing,By purchase – internal resources -,222794,3,2500000,11300000,2026-27;2027-28;2028-29,forward_estimate,Health,related_breakdown,high,portfolio_ownership,portfolio_default,mapped,
Health Disability and Ageing,Corporate Commonwealth entities,222801,11,380451000,2750114000,2024-25;2025-26;2026-27;2027-28;2028-29;2029-30,budget;estimated_actual;forward_estimate,Health,related_breakdown,high,portfolio_ownership,portfolio_default,mapped,
Health Disability and Ageing,Special account transfers,222805,11,48190157000,64525310000,2024-25;2025-26;2026-27;2027-28;2028-29;2029-30,budget;estimated_actual;forward_estimate,Health,related_breakdown,high,portfolio_ownership,portfolio_default,mapped,
Health Disability and Ageing,Recoveries,222806,11,5837112000,8813821000,2024-25;2025-26;2026-27;2027-28;2028-29;2029-30,budget;estimated_actual;forward_estimate,Health,related_breakdown,high,portfolio_ownership,portfolio_default,mapped,
Health Disability and Ageing,Provisions Personal benefits,222812,11,1123107000,1233289000,2024-25;2025-26;2026-27;2027-28;2028-29;2029-30,budget;estimated_actual;forward_estimate,Health,related_breakdown,high,portfolio_ownership,portfolio_default,mapped,
Health Disability and Ageing,GST received,222814,11,165000,977069000,2024-25;2025-26;2026-27;2027-28;2028-29;2029-30,budget;estimated_actual;forward_estimate,Health,related_breakdown,high,portfolio_ownership,portfolio_default,mapped,
Health Disability and Ageing,Special account receipts,222815,8,51962830000,64525310000,2025-26;2026-27;2027-28;2028-29;2029-30,budget;estimated_actual;forward_estimate,Health,related_breakdown,high,portfolio_ownership,portfolio_default,mapped,
Health Disability and Ageing,Other receipts,222816,11,5958393000,9086492000,2024-25;2025-26;2026-27;2027-28;2028-29;2029-30,budget;estimated_actual;forward_estimate,Health,related_breakdown,high,portfolio_ownership,portfolio_default,mapped,
Health Disability and Ageing,Cash used Grants,222817,11,31751000,15258324000,2024-25;2025-26;2026-27;2027-28;2028-29;2029-30,budget;estimated_actual;forward_estimate,Health,related_breakdown,high,portfolio_ownership,portfolio_default,mapped,
Health Disability and Ageing,Corporate entities,222818,11,380451000,2750114000,2024-25;2025-26;2026-27;2027-28;2028-29;2029-30,budget;estimated_actual;forward_estimate,Health,related_breakdown,high,portfolio_ownership,portfolio_default,mapped,
Health Disability and Ageing,Cash from the OPA for: - appropriations,222823,11,10171000,65172940000,2024-25;2025-26;2026-27;2027-28;2028-29;2029-30,budget;estimated_actual;forward_estimate,Health,related_breakdown,high,portfolio_ownership,portfolio_default,mapped,
Health Disability and Ageing,Grants received,222842,11,12671000,14946000,2024-25;2025-26;2026-27;2027-28;2028-29;2029-30,budget;estimated_actual;forward_estimate,Health,related_breakdown,high,portfolio_ownership,portfolio_default,mapped,
Health Disability and Ageing,Trade and other receivables,222846,11,538000,14193000,2024-25;2025-26;2026-27;2027-28;2028-29;2029-30,budget;estimated_actual;forward_estimate,Health,related_breakdown,high,portfolio_ownership,portfolio_default,mapped,
Health Disability and Ageing,Grants from the Portfolio Department,222851,11,12671000,14946000,2024-25;2025-26;2026-27;2027-28;2028-29;2029-30,budget;estimated_actual;forward_estimate,Health,related_breakdown,high,portfolio_ownership,portfolio_default,mapped,
Health Disability and Ageing,State Government contributions,222852,11,9108000,10369000,2024-25;2025-26;2026-27;2027-28;2028-29;2029-30,budget;estimated_actual;forward_estimate,Health,related_breakdown,high,portfolio_ownership,portfolio_default,mapped,
Health Disability and Ageing,Surplus (deficit) (577) (56),222877,3,816000,1257000,2026-27;2027-28;2028-29,forward_estimate,Health,related_breakdown,high,portfolio_ownership,portfolio_default,mapped,
Health Disability and Ageing,Surplus (deficit) attributable to the Australian Government (577) (56),222878,3,816000,1257000,2026-27;2027-28;2028-29,forward_estimate,Health,related_breakdown,high,portfolio_ownership,portfolio_default,mapped,
Health Disability and Ageing,Retained surpluses (accumulated deficits),222880,8,1638000,6121000,2024-25;2025-26;2026-27;2027-28;2028-29,budget;estimated_actual;forward_estimate,Health,related_breakdown,high,portfolio_ownership,portfolio_default,mapped,
Health Disability and Ageing,"Equity injections - Bill 2 - 1,820 850 - - Total cash received",222897,5,2249000,4538000,2025-26;2026-27;2027-28;2028-29,budget;estimated_actual;forward_estimate,Health,related_breakdown,high,portfolio_ownership,portfolio_default,mapped,
Health Disability and Ageing,"Equity injections - Bill 2 - 1,820 850 - - Total capital appropriations",222899,5,2249000,4538000,2025-26;2026-27;2027-28;2028-29,budget;estimated_actual;forward_estimate,Health,related_breakdown,high,portfolio_ownership,portfolio_default,mapped,
Health Disability and Ageing,By purchase – RoU - - - - - Total additions -,222903,4,250000,4009000,2025-26;2026-27;2027-28;2028-29,budget;forward_estimate,Health,related_breakdown,high,portfolio_ownership,portfolio_default,mapped,
Health Disability and Ageing,Contribution from Government entities,222913,5,443000,3293000,2024-25;2025-26;2026-27;2027-28,budget;estimated_actual;forward_estimate,Health,related_breakdown,high,portfolio_ownership,portfolio_default,mapped,
Health Disability and Ageing,Net GST Paid,222914,5,1423000,1869000,2024-25;2025-26;2026-27;2027-28,budget;estimated_actual;forward_estimate,Health,related_breakdown,high,portfolio_ownership,portfolio_default,mapped,
Health Disability and Ageing,"ADMINISTERED Prior year appropriation available 1,051 1,051 Annual appropriations Ordinary annual services (a) Outcome",222922,3,1000,34362000,2024-25;2025-26;2026-27,budget,Health,related_breakdown,high,portfolio_ownership,portfolio_default,mapped,
Health Disability and Ageing,Land and buildings,222928,5,1014000,10868000,2024-25;2025-26;2026-27;2027-28,budget;estimated_actual;forward_estimate,Health,related_breakdown,high,portfolio_ownership,portfolio_default,mapped,
Health Disability and Ageing,Cash used Grant payments,222945,5,46078000,50617000,2024-25;2025-26;2026-27;2027-28,budget;estimated_actual;forward_estimate,Health,related_breakdown,high,portfolio_ownership,portfolio_default,mapped,
Health Disability and Ageing,"Surplus (deficit) (1,686) (2,365)",222949,3,10000,184000,2024-25;2025-26;2026-27,budget,Health,related_breakdown,high,portfolio_ownership,portfolio_default,mapped,
Health Disability and Ageing,"Surplus (deficit) attributable to the Australian Government (1,686) (2,365)",222950,3,10000,184000,2024-25;2025-26;2026-27,budget,Health,related_breakdown,high,portfolio_ownership,portfolio_default,mapped,
Health Disability and Ageing,Gains Other (b),222961,9,16920000,21556000,2024-25;2025-26;2026-27;2027-28;2028-29;2029-30,budget;estimated_actual;forward_estimate,Health,related_breakdown,high,portfolio_ownership,portfolio_default,mapped,
Health Disability and Ageing,Good and services,222973,9,335000,718000,2024-25;2025-26;2026-27;2027-28;2028-29;2029-30,budget;estimated_actual;forward_estimate,Health,related_breakdown,high,portfolio_ownership,portfolio_default,mapped,
Health Disability and Ageing,State and territory contributions,222984,5,1705933000,2356995000,2024-25;2025-26;2026-27;2027-28,budget;estimated_actual;forward_estimate,Health,related_breakdown,high,portfolio_ownership,portfolio_default,mapped,
Health Disability and Ageing,Cash used Suppliers,222985,9,1697173000,2919216000,2024-25;2025-26;2026-27;2027-28;2028-29;2029-30,budget;estimated_actual;forward_estimate,Health,related_breakdown,high,portfolio_ownership,portfolio_default,mapped,
Health Disability and Ageing,Cash from the OPA for: - special accounts,222989,5,1710227000,2361711000,2024-25;2025-26;2026-27;2027-28,budget;estimated_actual;forward_estimate,Health,related_breakdown,high,portfolio_ownership,portfolio_default,mapped,
Health Disability and Ageing,Interest payment on lease liability,223001,5,7000,7000,2024-25;2025-26;2026-27;2027-28,budget;estimated_actual;forward_estimate,Health,related_breakdown,high,portfolio_ownership,portfolio_default,mapped,
Health Disability and Ageing,Sales of goods and services,223016,5,5000000,5000000,2024-25;2025-26;2026-27;2027-28,budget;estimated_actual;forward_estimate,Health,related_breakdown,high,portfolio_ownership,portfolio_default,mapped,
Health Disability and Ageing,Cash at end of reporting period,223019,5,808000,808000,2024-25;2025-26;2026-27;2027-28,budget;estimated_actual;forward_estimate,Health,related_breakdown,high,portfolio_ownership,portfolio_default,mapped,
Health Disability and Ageing,ADMINISTERED Prior year appropriation available 263 263 Annual appropriations Ordinary annual services (a) Outcome,223025,3,1000,52833000,2024-25;2025-26;2026-27,budget,Health,related_breakdown,high,portfolio_ownership,portfolio_default,mapped,
Health Disability and Ageing,GST paid,223029,5,165000,200000,2024-25;2025-26;2026-27;2027-28,budget;estimated_actual;forward_estimate,Health,related_breakdown,high,portfolio_ownership,portfolio_default,mapped,
Health Disability and Ageing,By purchase – internal resources - - - - By purchase – RoU - - - - Total additions -,223048,3,91000,241000,2024-25;2025-26;2026-27,budget,Health,related_breakdown,high,portfolio_ownership,portfolio_default,mapped,
Health Disability and Ageing,ADMINISTERED Prior year appropriation available - - Annual appropriations Ordinary annual services (a) Outcome,223051,6,1000,6752000,2024-25;2025-26;2026-27;2027-28,budget;forward_estimate,Health,related_breakdown,high,portfolio_ownership,portfolio_default,mapped,
Health Disability and Ageing,Employee payables,223053,5,830000,830000,2024-25;2025-26;2026-27;2027-28,budget;estimated_actual;forward_estimate,Health,related_breakdown,high,portfolio_ownership,portfolio_default,mapped,
Prime Minister and Cabinet,Net Zero Economy 1.1 Administered Payment - -,223063,3,5774000,21999000,2025-26;2026-27;2027-28,forward_estimate,General public services,related_breakdown,medium,portfolio_ownership,portfolio_default,mapped,
Prime Minister and Cabinet,Departmental payment -,223064,7,1720000,10890000,2024-25;2025-26;2026-27;2027-28;2028-29;2029-30,budget;forward_estimate,General public services,related_breakdown,medium,portfolio_ownership,portfolio_default,mapped,
Prime Minister and Cabinet,Departmental payment,223065,4,49000,45463000,2024-25;2025-26;2026-27;2027-28,budget;forward_estimate,General public services,related_breakdown,medium,portfolio_ownership,portfolio_default,mapped,
Prime Minister and Cabinet,"Adjusted opening balance (176,320)",223073,3,5346000,237054000,2025-26;2026-27;2027-28,forward_estimate,General public services,related_breakdown,medium,portfolio_ownership,portfolio_default,mapped,
Prime Minister and Cabinet,Cash used Lease liability - principal payments,223078,8,464000,778000,2024-25;2025-26;2026-27;2027-28;2028-29,budget;estimated_actual;forward_estimate,General public services,related_breakdown,medium,portfolio_ownership,portfolio_default,mapped,
Prime Minister and Cabinet,Lease liability - Interest payments,223084,8,20000,68000,2024-25;2025-26;2026-27;2027-28;2028-29,budget;estimated_actual;forward_estimate,General public services,related_breakdown,medium,portfolio_ownership,portfolio_default,mapped,
Prime Minister and Cabinet,Payments to Corporate Commonw ealth entities and companies,223086,5,22924000,28250000,2024-25;2025-26;2026-27;2027-28,budget;estimated_actual;forward_estimate,General public services,related_breakdown,medium,portfolio_ownership,portfolio_default,mapped,
Prime Minister and Cabinet,Funded by capital appropriation - ACB (a),223089,8,1880000,4770000,2024-25;2025-26;2026-27;2027-28;2028-29,budget;estimated_actual;forward_estimate,General public services,related_breakdown,medium,portfolio_ownership,portfolio_default,mapped,
Prime Minister and Cabinet,Gross Value - ROU -Additions - By purchase or -,223091,3,176000,2489000,2025-26;2026-27;2027-28,forward_estimate,General public services,related_breakdown,medium,portfolio_ownership,portfolio_default,mapped,
Prime Minister and Cabinet,By purchase - other - ROU - 464 - 464 Total additions -,223093,3,691000,2662000,2025-26;2026-27;2027-28,forward_estimate,General public services,related_breakdown,medium,portfolio_ownership,portfolio_default,mapped,
Prime Minister and Cabinet,Gross book value - ROU -,223095,4,85000,3274000,2025-26;2026-27;2027-28;2028-29,forward_estimate,General public services,related_breakdown,medium,portfolio_ownership,portfolio_default,mapped,
Prime Minister and Cabinet,"Adjusted opening balance (11,125)",223121,3,1108000,19349000,2025-26;2026-27;2027-28,forward_estimate,General public services,related_breakdown,medium,portfolio_ownership,portfolio_default,mapped,
Prime Minister and Cabinet,Surplus/(deficit) before income tax,223130,5,14224000,15021000,2024-25;2025-26;2026-27;2027-28,budget;estimated_actual;forward_estimate,General public services,related_breakdown,medium,portfolio_ownership,portfolio_default,mapped,
Prime Minister and Cabinet,Surplus/(deficit) after income tax,223131,5,14224000,15021000,2024-25;2025-26;2026-27;2027-28,budget;estimated_actual;forward_estimate,General public services,related_breakdown,medium,portfolio_ownership,portfolio_default,mapped,
Prime Minister and Cabinet,Unwinding concessional loan discount,223144,8,53300000,77210000,2024-25;2025-26;2026-27;2027-28;2028-29,budget;estimated_actual;forward_estimate,General public services,related_breakdown,medium,portfolio_ownership,portfolio_default,mapped,
Prime Minister and Cabinet,"Cash received Proceeds from sales of property, plant, equipment and intangible - - 1,504 2,537 - Proceeds from sales of financial instruments",223148,5,35213000,82581000,2024-25;2025-26;2026-27;2027-28,budget;estimated_actual;forward_estimate,General public services,related_breakdown,medium,portfolio_ownership,portfolio_default,mapped,
Prime Minister and Cabinet,"By purchase - other - ROU assets 908 - - - 908 Total additions 2,729 -",223153,3,942000,11206000,2025-26;2026-27;2027-28,forward_estimate,General public services,related_breakdown,medium,portfolio_ownership,portfolio_default,mapped,
Prime Minister and Cabinet,Surplus/(deficit) attributable to the Australian Government,223156,8,99000,9700000,2024-25;2025-26;2026-27;2027-28;2028-29,budget;estimated_actual;forward_estimate,General public services,related_breakdown,medium,portfolio_ownership,portfolio_default,mapped,
Prime Minister and Cabinet,EQUIT Y* Parent entity interest Reserves,223158,5,10161000,10161000,2024-25;2025-26;2026-27;2027-28,budget;estimated_actual;forward_estimate,General public services,related_breakdown,medium,portfolio_ownership,portfolio_default,mapped,
Prime Minister and Cabinet,"Administered Annual appropriations - ordinary annual services (a) Prior year appropriations available (b)(c) 294,215 294,215 Outcome",223167,3,1000,1938968000,2025-26;2026-27;2027-28,forward_estimate,General public services,related_breakdown,medium,portfolio_ownership,portfolio_default,mapped,
Prime Minister and Cabinet,"Adjusted opening balance (76,374)",223174,3,29046000,118576000,2025-26;2026-27;2027-28,forward_estimate,General public services,related_breakdown,medium,portfolio_ownership,portfolio_default,mapped,
Prime Minister and Cabinet,Retained receipts transferred to Official,223177,5,9164000,10085000,2024-25;2025-26;2026-27;2027-28,budget;estimated_actual;forward_estimate,General public services,related_breakdown,medium,portfolio_ownership,portfolio_default,mapped,
Prime Minister and Cabinet,Impairment loss on trade and other receivables,223184,8,36000,1248000,2024-25;2025-26;2026-27;2027-28;2028-29,budget;estimated_actual;forward_estimate,General public services,related_breakdown,medium,portfolio_ownership,portfolio_default,mapped,
Prime Minister and Cabinet,Grants payable,223189,11,42600000,56785000,2024-25;2025-26;2026-27;2027-28;2028-29;2029-30,budget;estimated_actual;forward_estimate,General public services,related_breakdown,medium,portfolio_ownership,portfolio_default,mapped,
Prime Minister and Cabinet,Personal Benefits Provisions,223191,8,8207000,69344000,2024-25;2025-26;2026-27;2027-28;2028-29,budget;estimated_actual;forward_estimate,General public services,related_breakdown,medium,portfolio_ownership,portfolio_default,mapped,
Prime Minister and Cabinet,Indigenous Land and Sea Corporation,223192,5,62251000,70013000,2024-25;2025-26;2026-27;2027-28,budget;estimated_actual;forward_estimate,General public services,related_breakdown,medium,portfolio_ownership,portfolio_default,mapped,
Prime Minister and Cabinet,Funded by capital appropriation - DCB (b),223204,5,4506000,5002000,2024-25;2025-26;2026-27;2027-28,budget;estimated_actual;forward_estimate,General public services,related_breakdown,medium,portfolio_ownership,portfolio_default,mapped,
Prime Minister and Cabinet,"Adjusted opening balance (3,903)",223213,3,797000,4935000,2025-26;2026-27;2027-28,forward_estimate,General public services,related_breakdown,medium,portfolio_ownership,portfolio_default,mapped,
Prime Minister and Cabinet,Contributions by owners Departmental Capital Budget (DCB) - - 425 425 Sub-total transactions with owners - - 425 425 Estimated closing balance as at 30 June 202,223214,3,797000,5360000,2025-26;2026-27;2027-28,forward_estimate,General public services,related_breakdown,medium,portfolio_ownership,portfolio_default,mapped,
Prime Minister and Cabinet,"Investments 755 - 1,395 - - Total cash received 755 - 1,395 - - Cash used Purchase of property, plant and equipment and intangibles",223230,5,1145000,2955000,2024-25;2025-26;2026-27;2027-28,budget;estimated_actual;forward_estimate,General public services,related_breakdown,medium,portfolio_ownership,portfolio_default,mapped,
Prime Minister and Cabinet,"Adjusted opening balance (6,598)",223239,3,30000,12108000,2025-26;2026-27;2027-28,forward_estimate,General public services,related_breakdown,medium,portfolio_ownership,portfolio_default,mapped,
department of the senate pbs DoS 2024 25,Parliamentary Superannuation Act 2004 s,223246,3,18000,3115000,2022-23;2023-24;2024-25,budget,,,,,,unmapped,portfolio_not_in_crosswalk
department of the senate pbs DoS 2024 25,Australian Constitution s,223247,3,66000,903000,2022-23;2023-24;2024-25,budget,,,,,,unmapped,portfolio_not_in_crosswalk
department of the senate pbs DoS 2024 25,Modernisation of Parliamentary Business Applications - 860 867 - - Total -,223248,4,287000,1151000,2021-22;2022-23;2023-24;2024-25,budget,,,,,,unmapped,portfolio_not_in_crosswalk
department of the senate pbs DoS 2024 25,Depreciation and amortisation (a),223249,5,198000,212000,2020-21;2021-22;2022-23;2023-24;2024-25,budget,,,,,,unmapped,portfolio_not_in_crosswalk
department of the senate pbs DoS 2024 25,Gains Resources received free of charge,223250,5,2361000,2518000,2020-21;2021-22;2022-23;2023-24;2024-25,budget,,,,,,unmapped,portfolio_not_in_crosswalk
department of the senate pbs DoS 2024 25,"Trade and other receivables 14,313 14,",223252,4,313000,14313000,2021-22;2022-23;2023-24;2024-25,budget,,,,,,unmapped,portfolio_not_in_crosswalk
department of the senate pbs DoS 2024 25,"Non-financial assets Property, plant and equipment 2,138 2,",223253,4,271000,2645000,2021-22;2022-23;2023-24;2024-25,budget,,,,,,unmapped,portfolio_not_in_crosswalk
department of the senate pbs DoS 2024 25,"N et assets 8,613 8,",223259,4,716000,9051000,2021-22;2022-23;2023-24;2024-25,budget,,,,,,unmapped,portfolio_not_in_crosswalk
department of the senate pbs DoS 2024 25,"Adjusted opening balance (6,147)",223263,3,3260000,11495000,2022-23;2023-24;2024-25,budget,,,,,,unmapped,portfolio_not_in_crosswalk
department of the senate pbs DoS 2024 25,Contributions by owners Departmental Capital Budget (DCB) - - 299 299 Sub-total transactions with owners - - 299 299 Estimated closing balance as at 30 June 202,223264,3,3559000,11495000,2022-23;2023-24;2024-25,budget,,,,,,unmapped,portfolio_not_in_crosswalk
department of the senate pbs DoS 2024 25,Net GST received,223267,5,233000,261000,2020-21;2021-22;2022-23;2023-24;2024-25,budget,,,,,,unmapped,portfolio_not_in_crosswalk
department of the senate pbs DoS 2024 25,Cash used Employees,223268,5,24712000,26285000,2020-21;2021-22;2022-23;2023-24;2024-25,budget,,,,,,unmapped,portfolio_not_in_crosswalk
department of the senate pbs DoS 2024 25,Cash and cash equivalents at the end of the reporting period,223273,5,226000,226000,2020-21;2021-22;2022-23;2023-24;2024-25,budget,,,,,,unmapped,portfolio_not_in_crosswalk
department of the senate pbs DoS 2024 25,To tal new capital appropriations,223274,5,293000,311000,2020-21;2021-22;2022-23;2023-24;2024-25,budget,,,,,,unmapped,portfolio_not_in_crosswalk
parliamentary services 2026 27 Portfolio Budget Statement,Program 1.1: Parliamentary Services Administered expenses Ordinary annual services (Appropriation (Parliamentary Departments) Bill (No. 1)),223281,5,6315000,6962000,2026-27;2027-28;2028-29;2029-30,budget;estimated_actual;forward_estimate,,,,,,unmapped,portfolio_not_in_crosswalk
parliamentary services 2026 27 Portfolio Budget Statement,Depreciation and amortisation (a),223282,5,50328000,50328000,2026-27;2027-28;2028-29;2029-30,budget;estimated_actual;forward_estimate,,,,,,unmapped,portfolio_not_in_crosswalk
parliamentary services 2026 27 Portfolio Budget Statement,Trade and other receivables,223290,5,23476000,28007000,2026-27;2027-28;2028-29;2029-30,budget;estimated_actual;forward_estimate,,,,,,unmapped,portfolio_not_in_crosswalk
parliamentary services 2026 27 Portfolio Budget Statement,Provisions Employee provisions,223300,5,31525000,31525000,2026-27;2027-28;2028-29;2029-30,budget;estimated_actual;forward_estimate,,,,,,unmapped,portfolio_not_in_crosswalk
parliamentary services 2026 27 Portfolio Budget Statement,Net GST received,223306,5,6567000,6573000,2026-27;2027-28;2028-29;2029-30,budget;estimated_actual;forward_estimate,,,,,,unmapped,portfolio_not_in_crosswalk
parliamentary services 2026 27 Portfolio Budget Statement,Cash used Employees,223307,5,127952000,137609000,2026-27;2027-28;2028-29;2029-30,budget;estimated_actual;forward_estimate,,,,,,unmapped,portfolio_not_in_crosswalk
parliamentary services 2026 27 Portfolio Budget Statement,Net GST paid,223308,5,1409000,1409000,2026-27;2027-28;2028-29;2029-30,budget;estimated_actual;forward_estimate,,,,,,unmapped,portfolio_not_in_crosswalk
parliamentary services 2026 27 Portfolio Budget Statement,Interest payments on lease liability,223309,5,1401000,2057000,2026-27;2027-28;2028-29;2029-30,budget;estimated_actual;forward_estimate,,,,,,unmapped,portfolio_not_in_crosswalk
parliamentary services 2026 27 Portfolio Budget Statement,Cash used Principal payments on lease liability,223314,5,3113000,4531000,2026-27;2027-28;2028-29;2029-30,budget;estimated_actual;forward_estimate,,,,,,unmapped,portfolio_not_in_crosswalk
parliamentary services 2026 27 Portfolio Budget Statement,Cash and cash equivalents at the end of the reporting period,223317,5,779000,779000,2026-27;2027-28;2028-29;2029-30,budget;estimated_actual;forward_estimate,,,,,,unmapped,portfolio_not_in_crosswalk
parliamentary services 2026 27 Portfolio Budget Statement,Surplus/(deficit) before income tax,223326,5,56643000,57290000,2026-27;2027-28;2028-29;2029-30,budget;estimated_actual;forward_estimate,,,,,,unmapped,portfolio_not_in_crosswalk
parliamentary services 2026 27 Portfolio Budget Statement,Income tax expense Surplus/(deficit) after income tax,223327,5,56643000,57290000,2026-27;2027-28;2028-29;2029-30,budget;estimated_actual;forward_estimate,,,,,,unmapped,portfolio_not_in_crosswalk
parliamentary services 2026 27 Portfolio Budget Statement,Heritage and cultural,223328,5,134182000,140590000,2026-27;2027-28;2028-29;2029-30,budget;estimated_actual;forward_estimate,,,,,,unmapped,portfolio_not_in_crosswalk
parliamentary services 2026 27 Portfolio Budget Statement,Cash used Suppliers,223330,5,10697000,11428000,2026-27;2027-28;2028-29;2029-30,budget;estimated_actual;forward_estimate,,,,,,unmapped,portfolio_not_in_crosswalk
Agriculture Fisheries and Forestry,DAFF Outcome,223338,4,2000,76984000,2025-26;2026-27;2027-28;2028-29,forward_estimate,"Agriculture, forestry and fishing",related_breakdown,high,portfolio_ownership,portfolio_default,mapped,
Agriculture Fisheries and Forestry,"Payment to CSIRO – contribution to the operating costs of the Australian Centre for Disease Preparedness 9,507 9,69",223344,4,9000,10392000,2025-26;2026-27;2027-28;2028-29,budget;forward_estimate,"Agriculture, forestry and fishing",related_breakdown,high,portfolio_ownership,portfolio_default,mapped,
Agriculture Fisheries and Forestry,"Special appropriations Primary Industries Levies and Charges Disbursement Act 2024, s. 52 – Animal Health Australia",223347,5,8218000,9025000,2025-26;2026-27;2027-28;2028-29,budget;estimated_actual;forward_estimate,"Agriculture, forestry and fishing",related_breakdown,high,portfolio_ownership,portfolio_default,mapped,
Agriculture Fisheries and Forestry,"Primary Industries Levies and Charges Disbursement Act 2024, s. 62 – Plant Health Australia",223348,5,10320000,10984000,2025-26;2026-27;2027-28;2028-29,budget;estimated_actual;forward_estimate,"Agriculture, forestry and fishing",related_breakdown,high,portfolio_ownership,portfolio_default,mapped,
Agriculture Fisheries and Forestry,"Special accounts Biosecurity, Imported Food and Export Certification Special Account",223350,6,2020000,619616000,2024-25;2025-26;2026-27;2027-28;2028-29,actual;budget;estimated_actual;forward_estimate,"Agriculture, forestry and fishing",related_breakdown,high,portfolio_ownership,portfolio_default,mapped,
Agriculture Fisheries and Forestry,"Trade and other receivables 310,646 300,98",223359,4,8000,256500000,2025-26;2026-27;2027-28;2028-29,budget,"Agriculture, forestry and fishing",related_breakdown,high,portfolio_ownership,portfolio_default,mapped,
Agriculture Fisheries and Forestry,"Intangibles & computer software 280,521 313,",223360,4,368000,382018000,2025-26;2026-27;2027-28;2028-29,budget,"Agriculture, forestry and fishing",related_breakdown,high,portfolio_ownership,portfolio_default,mapped,
Agriculture Fisheries and Forestry,"Adjusted opening balance (1,343,013)",223362,4,44884000,1059542000,2025-26;2026-27;2027-28;2028-29,budget,"Agriculture, forestry and fishing",related_breakdown,high,portfolio_ownership,portfolio_default,mapped,
Agriculture Fisheries and Forestry,Departmental Capital Budget,223365,6,15408000,79154000,2023-24;2024-25;2025-26;2026-27;2027-28;2028-29,budget,"Agriculture, forestry and fishing",related_breakdown,high,portfolio_ownership,portfolio_default,mapped,
Agriculture Fisheries and Forestry,Funded by capital appropriation – DCB(c),223371,5,67441000,88502000,2024-25;2025-26;2026-27;2027-28;2028-29,budget,"Agriculture, forestry and fishing",related_breakdown,high,portfolio_ownership,portfolio_default,mapped,
Agriculture Fisheries and Forestry,By purchase – appropriation ordinary annual services (b) -,223374,4,2472000,68144000,2025-26;2026-27;2027-28;2028-29,budget,"Agriculture, forestry and fishing",related_breakdown,high,portfolio_ownership,portfolio_default,mapped,
Agriculture Fisheries and Forestry,By purchase – Other -,223375,4,1650000,10000000,2025-26;2026-27;2027-28;2028-29,budget,"Agriculture, forestry and fishing",related_breakdown,high,portfolio_ownership,portfolio_default,mapped,
Agriculture Fisheries and Forestry,"By purchase – appropriation ordinary annual services – ROU (a) - 40,132 1, 691 - 41,823 Total additions -",223376,4,9098000,146740000,2025-26;2026-27;2027-28;2028-29,budget,"Agriculture, forestry and fishing",related_breakdown,high,portfolio_ownership,portfolio_default,mapped,
Agriculture Fisheries and Forestry,Council of Australian Governments Reform Fund,223379,5,19103000,37438000,2024-25;2025-26;2026-27;2027-28;2028-29,budget,"Agriculture, forestry and fishing",related_breakdown,high,portfolio_ownership,portfolio_default,mapped,
Agriculture Fisheries and Forestry,Cash from Official Public Account for: – Appropriations,223385,6,1256018000,1669935000,2023-24;2024-25;2025-26;2026-27;2027-28;2028-29,budget,"Agriculture, forestry and fishing",related_breakdown,high,portfolio_ownership,portfolio_default,mapped,
Agriculture Fisheries and Forestry,Accumulated depreciation/amortisation and impairment – ROU (a) (693) - (693) Opening net book balance,223393,2,257000,443000,2025-26;2026-29,budget,"Agriculture, forestry and fishing",related_breakdown,high,portfolio_ownership,portfolio_default,mapped,
Agriculture Fisheries and Forestry,"Adjusted opening balance (9,127)",223399,3,6395000,19192000,2026-27;2027-28;2028-29,budget,"Agriculture, forestry and fishing",related_breakdown,high,portfolio_ownership,portfolio_default,mapped,
Agriculture Fisheries and Forestry,Contributions by owners Departmental Capital Budget (DCB) - - 495 495 Sub-total transactions with owners - - 495 495 Estimated closing balance as at 30 June 202,223400,3,6395000,19687000,2026-27;2027-28;2028-29,budget,"Agriculture, forestry and fishing",related_breakdown,high,portfolio_ownership,portfolio_default,mapped,
Agriculture Fisheries and Forestry,Accumulated depreciation/amortisation and impairment – ROU (a) (996) - (996) Opening net book balance,223436,2,728000,843000,2024-25;2025-26,budget,"Agriculture, forestry and fishing",related_breakdown,high,portfolio_ownership,portfolio_default,mapped,
Home Affairs,"Gains Other 1,733 – – – – Total gains 1,733 – – – – Total own-source income",223461,5,203210000,315704000,2025-26;2026-27;2027-28;2028-29,budget;estimated_actual;forward_estimate,Public order and safety,related_breakdown,high,portfolio_ownership,portfolio_default,mapped,
Home Affairs,"Adjusted opening balance (4,107,169)",223465,3,598559000,4484298000,2026-27;2027-28;2028-29,forward_estimate,Public order and safety,related_breakdown,high,portfolio_ownership,portfolio_default,mapped,
Home Affairs,"Funded internally from departmental resources (c) 24,538 1,550 – – – TOTAL",223473,5,180079000,330293000,2025-26;2026-27;2027-28;2028-29,budget;estimated_actual;forward_estimate,Public order and safety,related_breakdown,high,portfolio_ownership,portfolio_default,mapped,
Home Affairs,Subsidies paid Personal benefits,223478,5,97190000,106371000,2025-26;2026-27;2027-28;2028-29,budget;estimated_actual;forward_estimate,Public order and safety,related_breakdown,high,portfolio_ownership,portfolio_default,mapped,
Home Affairs,"FINANCIAL ASSETS Funded by capital appropriations (a) 2,055 511 – – – Funded by capital appropriation – DCB (b)",223491,5,217000,3056000,2025-26;2026-27;2027-28;2028-29,budget;estimated_actual;forward_estimate,Public order and safety,related_breakdown,high,portfolio_ownership,portfolio_default,mapped,
Home Affairs,"Other 7,894 – – – – Total cash received",223496,5,1093000,8346000,2025-26;2026-27;2027-28;2028-29,budget;estimated_actual;forward_estimate,Public order and safety,related_breakdown,high,portfolio_ownership,portfolio_default,mapped,
Health Disability and Ageing,"Commission Departme ntal payments 1.1 - 156,837 - - - T otal payments -",223505,4,3023000,523388000,2026-27;2027-28;2028-29;2029-30,budget;forward_estimate,Health,related_breakdown,high,portfolio_ownership,portfolio_default,mapped,
Health Disability and Ageing,Administered payments,223508,5,1800,16187000,2026-27;2027-28;2028-29;2029-30,budget;estimated_actual;forward_estimate,Health,related_breakdown,high,portfolio_ownership,portfolio_default,mapped,
Health Disability and Ageing,"Departmental capital payments 3 - 27,895 2,392 - - Total payments -",223514,4,292384000,380295000,2026-27;2027-28;2028-29;2029-30,budget;forward_estimate,Health,related_breakdown,high,portfolio_ownership,portfolio_default,mapped,
Health Disability and Ageing,Departmental capital payments 1.1 - 150 - - - Departme nt of the Treasury Administered payments -,223518,4,3435407000,5787339000,2026-27;2027-28;2028-29;2029-30,budget;forward_estimate,Health,related_breakdown,high,portfolio_ownership,portfolio_default,mapped,
Health Disability and Ageing,T otal payments -,223519,4,4963000,6413000,2026-27;2027-28;2028-29;2029-30,budget;forward_estimate,Health,related_breakdown,high,portfolio_ownership,portfolio_default,mapped,
Health Disability and Ageing,"Departmental capital payments 3 - 4,978 1,477 - - Department of the Treasury Administered payments - -",223524,3,15882000,17217000,2027-28;2028-29;2029-30,forward_estimate,Health,related_breakdown,high,portfolio_ownership,portfolio_default,mapped,
Health Disability and Ageing,"Australian Digital Health Agency Departmental payments 1.1 - 12,175 6,907 - - Department of the Treasury Administered payments -",223534,4,280001000,280001000,2026-27;2027-28;2028-29;2029-30,budget;forward_estimate,Health,related_breakdown,high,portfolio_ownership,portfolio_default,mapped,
Health Disability and Ageing,Program 3.2: Aged Care Services(b) (c) Administered expenses Ordinary annual services (a),223537,5,4662077000,5355486000,2026-27;2027-28;2028-29;2029-30,budget;estimated_actual;forward_estimate,Social security and welfare / Assistance to the aged,related_breakdown,medium,exact_label_with_portfolio_context,program_label_override,mapped,
Health Disability and Ageing,Aged Care Act 2024 - Residential Care Subsidies,223539,5,17494045000,34884209000,2026-27;2027-28;2028-29;2029-30,budget;estimated_actual;forward_estimate,Social security and welfare / Assistance to the aged,related_breakdown,medium,exact_label_with_portfolio_context,program_label_override,mapped,
Health Disability and Ageing,Aged Care Act 2024 - Specialist Aged Care Programs,223540,5,441594000,860204000,2026-27;2027-28;2028-29;2029-30,budget;estimated_actual;forward_estimate,Social security and welfare / Assistance to the aged,related_breakdown,medium,exact_label_with_portfolio_context,program_label_override,mapped,
Health Disability and Ageing,Aged Care Act 2024 - Support at Home,223541,5,6599045000,10029431000,2026-27;2027-28;2028-29;2029-30,budget;estimated_actual;forward_estimate,Social security and welfare / Assistance to the aged,related_breakdown,medium,exact_label_with_portfolio_context,program_label_override,mapped,
Health Disability and Ageing,Program 4.2: National Disability Insurance Scheme (a) Administered expenses Ordinary annual services (b),223544,5,38216824000,40353135000,2026-27;2027-28;2028-29;2029-30,budget;estimated_actual;forward_estimate,Social security and welfare / Assistance to people with disabilities / National Disability Insurance Scheme,related_breakdown,high,exact_label_with_portfolio_context,program_label_override,mapped,
Health Disability and Ageing,Program 4.1: Disability and Carers 4.1.1 – Component 1 (Disability and Carers) Annual administered expenses: Ordinary annual services Disability and Carer Suppo,223546,5,457839000,535588000,2026-27;2027-28;2028-29;2029-30,budget;estimated_actual;forward_estimate,Health,related_breakdown,high,portfolio_ownership,portfolio_default,mapped,
Health Disability and Ageing,Payments to corporate entities Payments to Corporate Entity - NDIA Agency costs,223549,5,1470999000,2390498000,2026-27;2027-28;2028-29;2029-30,budget;estimated_actual;forward_estimate,Health,related_breakdown,high,portfolio_ownership,portfolio_default,mapped,
Health Disability and Ageing,Office of the Gene Technology Regulator,223551,11,1000,9833000,2023-24;2024-25;2025-26;2026-27;2027-28;2028-29;2029-30,actual;budget;estimated_actual;forward_estimate,Health,related_breakdown,high,portfolio_ownership,portfolio_default,mapped,
Health Disability and Ageing,"Other (4,095)",223560,4,18905000,18905000,2026-27;2027-28;2028-29;2029-30,budget;forward_estimate,Health,related_breakdown,high,portfolio_ownership,portfolio_default,mapped,
Health Disability and Ageing,Other operating payments,223573,5,7133000,7133000,2026-27;2027-28;2028-29;2029-30,budget;estimated_actual;forward_estimate,Health,related_breakdown,high,portfolio_ownership,portfolio_default,mapped,
Health Disability and Ageing,"Cash used Advances made - 1,471 1,471 - - Equity injections to corporate Commonwealth entities",223575,5,2275000,31620000,2026-27;2027-28;2028-29;2029-30,budget;estimated_actual;forward_estimate,Health,related_breakdown,high,portfolio_ownership,portfolio_default,mapped,
Health Disability and Ageing,"Estimated expenditure on new or replacement assets By purchase - internal resources 200 - 71 271 By purchase - RoU - 10,022 - 10,022 Total additions",223608,4,71000,10293000,2026-27;2027-28;2028-29;2029-30,budget;forward_estimate,Health,related_breakdown,high,portfolio_ownership,portfolio_default,mapped,
Health Disability and Ageing,"By purchase - RoU 10,665 - - 10,665 Total additions",223619,4,2086000,42285000,2026-27;2027-28;2028-29;2029-30,budget;forward_estimate,Health,related_breakdown,high,portfolio_ownership,portfolio_default,mapped,
Health Disability and Ageing,Depreciation and amortization,223632,5,1818000,2618000,2026-27;2027-28;2028-29;2029-30,budget;estimated_actual;forward_estimate,Health,related_breakdown,high,portfolio_ownership,portfolio_default,mapped,
Health Disability and Ageing,"ADMINISTERED Prior year appropriation available 4,936 4,936 Annual appropriations Ordinary annual services(a) Outcome",223648,3,1000,34633000,2027-28;2028-29;2029-30,forward_estimate,Health,related_breakdown,high,portfolio_ownership,portfolio_default,mapped,
Health Disability and Ageing,Surplus (deficit) attributable to the Australian Government (256) (80),223678,3,207000,366000,2027-28;2028-29;2029-30,forward_estimate,Health,related_breakdown,high,portfolio_ownership,portfolio_default,mapped,
Health Disability and Ageing,GST Payments to Suppliers,223688,5,307000,335000,2026-27;2027-28;2028-29;2029-30,budget;estimated_actual;forward_estimate,Health,related_breakdown,high,portfolio_ownership,portfolio_default,mapped,
Health Disability and Ageing,Sale of goods and services,223693,5,2044553000,2911302000,2026-27;2027-28;2028-29;2029-30,budget;estimated_actual;forward_estimate,Health,related_breakdown,high,portfolio_ownership,portfolio_default,mapped,
Health Disability and Ageing,Grant Payments -,223694,4,42000,811000,2026-27;2027-28;2028-29;2029-30,budget;forward_estimate,Health,related_breakdown,high,portfolio_ownership,portfolio_default,mapped,
Health Disability and Ageing,Good and services - -,223709,3,7591000,10503000,2025-26;2026-27;2027-28,budget,Health,related_breakdown,high,portfolio_ownership,portfolio_default,mapped,
Health Disability and Ageing,ADMINISTERED Prior year appropriation available 80 80 Annual appropriations Ordinary annual services(a) Outcome,223745,3,1000,54293000,2025-26;2026-27;2027-28,budget,Health,related_breakdown,high,portfolio_ownership,portfolio_default,mapped,
Employment and Workplace Relations,Amendments to the National Vocational Education and Training Regulator Act 2011 2.1 Administered receipts -,223774,4,285000,1073000,2024-25;2025-26;2026-27;2027-28,budget;forward_estimate,Social security and welfare / Assistance to the unemployed and the sick,related_breakdown,medium,portfolio_ownership,portfolio_default,mapped,
Employment and Workplace Relations,Australian Apprenticeships Incentive System – further support (a) 2.1 Administered receipts - -,223776,3,1000,43000,2025-26;2026-27;2027-28,forward_estimate,Social security and welfare / Assistance to the unemployed and the sick,related_breakdown,medium,portfolio_ownership,portfolio_default,mapped,
Employment and Workplace Relations,Workplace Relations​ (a) 3.1 Administered receipts -,223778,4,2355000,13291000,2024-25;2025-26;2026-27;2027-28,budget;forward_estimate,Social security and welfare / Assistance to the unemployed and the sick,related_breakdown,medium,portfolio_ownership,portfolio_default,mapped,
Employment and Workplace Relations,Extending Broome Employment Services 1.1 Administered payments - -,223782,3,274000,739000,2025-26;2026-27;2027-28,forward_estimate,Social security and welfare / Assistance to the unemployed and the sick,related_breakdown,medium,portfolio_ownership,portfolio_default,mapped,
Employment and Workplace Relations,Departmental payments - - 959 971 - Total - -,223783,3,724000,1710000,2025-26;2026-27;2027-28,forward_estimate,Social security and welfare / Assistance to the unemployed and the sick,related_breakdown,medium,portfolio_ownership,portfolio_default,mapped,
Employment and Workplace Relations,Net Zero Economy (d) 1.1 Administered payments -,223784,4,5392000,22823000,2024-25;2025-26;2026-27;2027-28,budget;forward_estimate,Social security and welfare / Assistance to the unemployed and the sick,related_breakdown,medium,portfolio_ownership,portfolio_default,mapped,
Employment and Workplace Relations,Departmental payments -,223785,6,1224000,2900000,2024-25;2025-26;2026-27;2027-28;2028-29,budget;forward_estimate,Social security and welfare / Assistance to the unemployed and the sick,related_breakdown,medium,portfolio_ownership,portfolio_default,mapped,
Employment and Workplace Relations,National Training System COPE,223796,8,32507000,47514000,2024-25;2025-26;2026-27;2027-28;2028-29,budget;estimated_actual;forward_estimate,Social security and welfare / Assistance to the unemployed and the sick,related_breakdown,medium,portfolio_ownership,portfolio_default,mapped,
Employment and Workplace Relations,VET Information Strategy,223798,5,620000,701000,2024-25;2025-26;2026-27;2027-28,budget;estimated_actual;forward_estimate,Social security and welfare / Assistance to the unemployed and the sick,related_breakdown,medium,portfolio_ownership,portfolio_default,mapped,
Employment and Workplace Relations,Job and Skills Councils,223799,5,104109000,118592000,2024-25;2025-26;2026-27;2027-28,budget;estimated_actual;forward_estimate,Social security and welfare / Assistance to the unemployed and the sick,related_breakdown,medium,portfolio_ownership,portfolio_default,mapped,
Employment and Workplace Relations,Commonwealth Prac Payment - -,223801,3,10839000,14627000,2025-26;2026-27;2027-28,forward_estimate,Social security and welfare / Assistance to the unemployed and the sick,related_breakdown,medium,portfolio_ownership,portfolio_default,mapped,
Employment and Workplace Relations,"Tertiary Harmonisation - - - 4,056 4,056 Total component 2.1.3 expenses",223802,5,189550000,211021000,2024-25;2025-26;2026-27;2027-28,budget;estimated_actual;forward_estimate,Social security and welfare / Assistance to the unemployed and the sick,related_breakdown,medium,portfolio_ownership,portfolio_default,mapped,
Employment and Workplace Relations,Unique Student Identifiers Special Account (b)(c),223803,5,5792000,6250000,2024-25;2025-26;2026-27;2027-28,budget;estimated_actual;forward_estimate,Social security and welfare / Assistance to the unemployed and the sick,related_breakdown,medium,portfolio_ownership,portfolio_default,mapped,
Employment and Workplace Relations,Annual administered expense Ordinary annual services (Appropriation Bill No. 1) Closing the Gap,223804,5,717000,8498000,2024-25;2025-26;2026-27;2027-28,budget;estimated_actual;forward_estimate,Social security and welfare / Assistance to the unemployed and the sick,related_breakdown,medium,portfolio_ownership,portfolio_default,mapped,
Employment and Workplace Relations,Foundation Skills -,223805,4,4576000,16017000,2024-25;2025-26;2026-27;2027-28,budget;forward_estimate,Social security and welfare / Assistance to the unemployed and the sick,related_breakdown,medium,portfolio_ownership,portfolio_default,mapped,
Employment and Workplace Relations,National TAFE Network,223806,5,677000,1354000,2024-25;2025-26;2026-27;2027-28,budget;estimated_actual;forward_estimate,Social security and welfare / Assistance to the unemployed and the sick,related_breakdown,medium,portfolio_ownership,portfolio_default,mapped,
Employment and Workplace Relations,VET Workforce,223807,8,3000000,6381000,2024-25;2025-26;2026-27;2027-28;2028-29,budget;estimated_actual;forward_estimate,Social security and welfare / Assistance to the unemployed and the sick,related_breakdown,medium,portfolio_ownership,portfolio_default,mapped,
Employment and Workplace Relations,"Enhanced VET Data and Evidence - 29,392 7,518 - - NSA Implementation",223808,5,80000,2800000,2024-25;2025-26;2026-27;2027-28,budget;estimated_actual;forward_estimate,Social security and welfare / Assistance to the unemployed and the sick,related_breakdown,medium,portfolio_ownership,portfolio_default,mapped,
Employment and Workplace Relations,Payments to corporate entities - Comcare,223814,8,6029000,6679000,2024-25;2025-26;2026-27;2027-28;2028-29,budget;estimated_actual;forward_estimate,Social security and welfare / Assistance to the unemployed and the sick,related_breakdown,medium,portfolio_ownership,portfolio_default,mapped,
Employment and Workplace Relations,International Labour Organization Subscription,223815,8,14246000,14804000,2024-25;2025-26;2026-27;2027-28;2028-29,budget;estimated_actual;forward_estimate,Social security and welfare / Assistance to the unemployed and the sick,related_breakdown,medium,portfolio_ownership,portfolio_default,mapped,
Employment and Workplace Relations,Protected Action Ballots Scheme,223816,8,1600000,1600000,2024-25;2025-26;2026-27;2027-28;2028-29,budget;estimated_actual;forward_estimate,Social security and welfare / Assistance to the unemployed and the sick,related_breakdown,medium,portfolio_ownership,portfolio_default,mapped,
Employment and Workplace Relations,"Business research and innovation initiatives (a) 500 1,504 503 - - Working women's centres assistance (b)",223817,5,8000000,9660000,2024-25;2025-26;2026-27;2027-28,budget;estimated_actual;forward_estimate,Social security and welfare / Assistance to the unemployed and the sick,related_breakdown,medium,portfolio_ownership,portfolio_default,mapped,
Employment and Workplace Relations,"Productivity, Education and Training Fund (c)",223818,5,11688000,19188000,2024-25;2025-26;2026-27;2027-28,budget;estimated_actual;forward_estimate,Social security and welfare / Assistance to the unemployed and the sick,related_breakdown,medium,portfolio_ownership,portfolio_default,mapped,
Employment and Workplace Relations,Safe Work Australia member grants (c),223819,5,1125000,1725000,2024-25;2025-26;2026-27;2027-28,budget;estimated_actual;forward_estimate,Social security and welfare / Assistance to the unemployed and the sick,related_breakdown,medium,portfolio_ownership,portfolio_default,mapped,
Employment and Workplace Relations,Depreciation and amortisation (b),223821,5,143904000,158023000,2024-25;2025-26;2026-27;2027-28,budget;estimated_actual;forward_estimate,Social security and welfare / Assistance to the unemployed and the sick,related_breakdown,medium,portfolio_ownership,portfolio_default,mapped,
Employment and Workplace Relations,Rental income,223824,5,20636000,26005000,2024-25;2025-26;2026-27;2027-28,budget;estimated_actual;forward_estimate,Social security and welfare / Assistance to the unemployed and the sick,related_breakdown,medium,portfolio_ownership,portfolio_default,mapped,
Employment and Workplace Relations,Trade and other receivables,223831,10,586000,1247000,2024-25;2025-26;2026-27;2027-28;2028-29;2029-30,budget;estimated_actual;forward_estimate,Social security and welfare / Assistance to the unemployed and the sick,related_breakdown,medium,portfolio_ownership,portfolio_default,mapped,
Employment and Workplace Relations,Provisions Employee provisions,223839,10,4222000,29745000,2024-25;2025-26;2026-27;2027-28;2028-29;2029-30,budget;estimated_actual;forward_estimate,Social security and welfare / Assistance to the unemployed and the sick,related_breakdown,medium,portfolio_ownership,portfolio_default,mapped,
Employment and Workplace Relations,Sale of goods and rendering of services (b),223843,5,79018000,124680000,2024-25;2025-26;2026-27;2027-28,budget;estimated_actual;forward_estimate,Social security and welfare / Assistance to the unemployed and the sick,related_breakdown,medium,portfolio_ownership,portfolio_default,mapped,
Employment and Workplace Relations,Net GST received,223844,10,3528000,6010000,2024-25;2025-26;2026-27;2027-28;2028-29;2029-30,budget;estimated_actual;forward_estimate,Social security and welfare / Assistance to the unemployed and the sick,related_breakdown,medium,portfolio_ownership,portfolio_default,mapped,
Employment and Workplace Relations,Cash used Employees,223846,10,14053000,18474000,2024-25;2025-26;2026-27;2027-28;2028-29;2029-30,budget;estimated_actual;forward_estimate,Social security and welfare / Assistance to the unemployed and the sick,related_breakdown,medium,portfolio_ownership,portfolio_default,mapped,
Employment and Workplace Relations,Interest payments on lease liability,223847,10,311000,2005000,2024-25;2025-26;2026-27;2027-28;2028-29;2029-30,budget;estimated_actual;forward_estimate,Social security and welfare / Assistance to the unemployed and the sick,related_breakdown,medium,portfolio_ownership,portfolio_default,mapped,
Employment and Workplace Relations,Cash used Principal payments on lease liability,223851,10,624000,1189000,2024-25;2025-26;2026-27;2027-28;2028-29;2029-30,budget;estimated_actual;forward_estimate,Social security and welfare / Assistance to the unemployed and the sick,related_breakdown,medium,portfolio_ownership,portfolio_default,mapped,
Employment and Workplace Relations,Cash and cash equivalents at the end of the reporting period,223853,10,24136000,31439000,2024-25;2025-26;2026-27;2027-28;2028-29;2029-30,budget;estimated_actual;forward_estimate,Social security and welfare / Assistance to the unemployed and the sick,related_breakdown,medium,portfolio_ownership,portfolio_default,mapped,
Employment and Workplace Relations,Funded internally from departmental resources (d),223857,5,355000,355000,2024-25;2025-26;2026-27;2027-28,budget;estimated_actual;forward_estimate,Social security and welfare / Assistance to the unemployed and the sick,related_breakdown,medium,portfolio_ownership,portfolio_default,mapped,
Employment and Workplace Relations,"By purchase - other - ROU assets 11,338 - - 11,338 Total additions",223861,4,16338000,167130000,2024-25;2025-26;2026-27;2027-28,budget;forward_estimate,Social security and welfare / Assistance to the unemployed and the sick,related_breakdown,medium,portfolio_ownership,portfolio_default,mapped,
Employment and Workplace Relations,Payments to corporate entities,223868,5,53486000,59646000,2024-25;2025-26;2026-27;2027-28,budget;estimated_actual;forward_estimate,Social security and welfare / Assistance to the unemployed and the sick,related_breakdown,medium,portfolio_ownership,portfolio_default,mapped,
Employment and Workplace Relations,Other investments,223873,5,360946000,360946000,2024-25;2025-26;2026-27;2027-28,budget;estimated_actual;forward_estimate,Social security and welfare / Assistance to the unemployed and the sick,related_breakdown,medium,portfolio_ownership,portfolio_default,mapped,
Employment and Workplace Relations,Cash used Grant,223878,5,154041000,232910000,2024-25;2025-26;2026-27;2027-28,budget;estimated_actual;forward_estimate,Social security and welfare / Assistance to the unemployed and the sick,related_breakdown,medium,portfolio_ownership,portfolio_default,mapped,
Employment and Workplace Relations,Subsidies paid,223879,5,580358000,2045290000,2024-25;2025-26;2026-27;2027-28,budget;estimated_actual;forward_estimate,Social security and welfare / Assistance to the unemployed and the sick,related_breakdown,medium,portfolio_ownership,portfolio_default,mapped,
Employment and Workplace Relations,Cash used Advances and loans made,223881,5,489551000,652959000,2024-25;2025-26;2026-27;2027-28,budget;estimated_actual;forward_estimate,Social security and welfare / Assistance to the unemployed and the sick,related_breakdown,medium,portfolio_ownership,portfolio_default,mapped,
Employment and Workplace Relations,Cash from Official Public Account for: - Appropriations,223883,10,500000,1500000,2024-25;2025-26;2026-27;2027-28;2028-29;2029-30,budget;estimated_actual;forward_estimate,Social security and welfare / Assistance to the unemployed and the sick,related_breakdown,medium,portfolio_ownership,portfolio_default,mapped,
Employment and Workplace Relations,Depreciation and amortisation (a),223885,12,889000,165168000,2024-25;2025-26;2026-27;2027-28;2028-29;2029-30,budget;estimated_actual;forward_estimate,Social security and welfare / Assistance to the unemployed and the sick,related_breakdown,medium,portfolio_ownership,portfolio_default,mapped,
Employment and Workplace Relations,Retained surplus (accumulated deficit),223894,10,12204000,15275000,2024-25;2025-26;2026-27;2027-28;2028-29;2029-30,budget;estimated_actual;forward_estimate,Social security and welfare / Assistance to the unemployed and the sick,related_breakdown,medium,portfolio_ownership,portfolio_default,mapped,
Employment and Workplace Relations,Funded internally from departmental resources (b) - - 33 - - TOTAL,223898,5,59000,93000,2024-25;2025-26;2026-27;2027-28,budget;estimated_actual;forward_estimate,Social security and welfare / Assistance to the unemployed and the sick,related_breakdown,medium,portfolio_ownership,portfolio_default,mapped,
Employment and Workplace Relations,Other provisions,223904,10,2579571000,2929061000,2024-25;2025-26;2026-27;2027-28;2028-29;2029-30,budget;estimated_actual;forward_estimate,Social security and welfare / Assistance to the unemployed and the sick,related_breakdown,medium,portfolio_ownership,portfolio_default,mapped,
Employment and Workplace Relations,"By purchase - other - ROU assets 6,959 - - 6,959 Total additions",223913,4,446000,14554000,2024-25;2025-26;2026-27;2027-28,budget;forward_estimate,Social security and welfare / Assistance to the unemployed and the sick,related_breakdown,medium,portfolio_ownership,portfolio_default,mapped,
Employment and Workplace Relations,Surplus/(deficit) after income tax,223917,10,7316000,31287000,2024-25;2025-26;2026-27;2027-28;2028-29;2029-30,budget;estimated_actual;forward_estimate,Social security and welfare / Assistance to the unemployed and the sick,related_breakdown,medium,portfolio_ownership,portfolio_default,mapped,
Employment and Workplace Relations,Licence fees,223924,10,22169000,30799000,2024-25;2025-26;2026-27;2027-28;2028-29;2029-30,budget;estimated_actual;forward_estimate,Social security and welfare / Assistance to the unemployed and the sick,related_breakdown,medium,portfolio_ownership,portfolio_default,mapped,
Employment and Workplace Relations,Regulatory contributions,223925,10,22634000,39904000,2024-25;2025-26;2026-27;2027-28;2028-29;2029-30,budget;estimated_actual;forward_estimate,Social security and welfare / Assistance to the unemployed and the sick,related_breakdown,medium,portfolio_ownership,portfolio_default,mapped,
Employment and Workplace Relations,Workers' compensation premiums,223927,10,205904000,346000000,2024-25;2025-26;2026-27;2027-28;2028-29;2029-30,budget;estimated_actual;forward_estimate,Social security and welfare / Assistance to the unemployed and the sick,related_breakdown,medium,portfolio_ownership,portfolio_default,mapped,
Employment and Workplace Relations,Receipts from Government,223930,10,46417000,65643000,2024-25;2025-26;2026-27;2027-28;2028-29;2029-30,budget;estimated_actual;forward_estimate,Social security and welfare / Assistance to the unemployed and the sick,related_breakdown,medium,portfolio_ownership,portfolio_default,mapped,
Employment and Workplace Relations,GST receipt from customers,223932,10,16133000,34689000,2024-25;2025-26;2026-27;2027-28;2028-29;2029-30,budget;estimated_actual;forward_estimate,Social security and welfare / Assistance to the unemployed and the sick,related_breakdown,medium,portfolio_ownership,portfolio_default,mapped,
Employment and Workplace Relations,GST payment to suppliers,223933,10,6130000,6801000,2024-25;2025-26;2026-27;2027-28;2028-29;2029-30,budget;estimated_actual;forward_estimate,Social security and welfare / Assistance to the unemployed and the sick,related_breakdown,medium,portfolio_ownership,portfolio_default,mapped,
Employment and Workplace Relations,Net GST paid,223934,10,45000,28559000,2024-25;2025-26;2026-27;2027-28;2028-29;2029-30,budget;estimated_actual;forward_estimate,Social security and welfare / Assistance to the unemployed and the sick,related_breakdown,medium,portfolio_ownership,portfolio_default,mapped,
Employment and Workplace Relations,Claims Payments,223935,5,220639000,242409000,2024-25;2025-26;2026-27;2027-28,budget;estimated_actual;forward_estimate,Social security and welfare / Assistance to the unemployed and the sick,related_breakdown,medium,portfolio_ownership,portfolio_default,mapped,
Employment and Workplace Relations,"By purchase - other - ROU assets 2,128 353 - 2,481 Total additions",223943,4,800000,4711000,2024-25;2025-26;2026-27;2027-28,budget;forward_estimate,Social security and welfare / Assistance to the unemployed and the sick,related_breakdown,medium,portfolio_ownership,portfolio_default,mapped,
Employment and Workplace Relations,Provisions Workers' compensation claims provisions,223948,10,319000,322000,2024-25;2025-26;2026-27;2027-28;2028-29;2029-30,budget;estimated_actual;forward_estimate,Social security and welfare / Assistance to the unemployed and the sick,related_breakdown,medium,portfolio_ownership,portfolio_default,mapped,
Employment and Workplace Relations,Cash used Suppliers - 29 - 32 - Net GST paid - 3 - 3 - Other,223950,5,150000,163000,2024-25;2025-26;2026-27;2027-28,budget;estimated_actual;forward_estimate,Social security and welfare / Assistance to the unemployed and the sick,related_breakdown,medium,portfolio_ownership,portfolio_default,mapped,
Employment and Workplace Relations,Cash to Official Public Account for: - Special accounts,223952,10,169000,1127000,2024-25;2025-26;2026-27;2027-28;2028-29;2029-30,budget;estimated_actual;forward_estimate,Social security and welfare / Assistance to the unemployed and the sick,related_breakdown,medium,portfolio_ownership,portfolio_default,mapped,
Employment and Workplace Relations,"By purchase - appropriation ordinary annual services - ROU assets 1,474 - - 1,474 Total additions",223962,4,1600000,9925000,2024-25;2025-26;2026-27;2027-28,budget;forward_estimate,Social security and welfare / Assistance to the unemployed and the sick,related_breakdown,medium,portfolio_ownership,portfolio_default,mapped,
Employment and Workplace Relations,Cash used Other,223967,10,1500000,1500000,2024-25;2025-26;2026-27;2027-28;2028-29;2029-30,budget;estimated_actual;forward_estimate,Social security and welfare / Assistance to the unemployed and the sick,related_breakdown,medium,portfolio_ownership,portfolio_default,mapped,
Employment and Workplace Relations,Cash and cash equivalents at beginning of reporting period,223969,10,5000,6000,2024-25;2025-26;2026-27;2027-28;2028-29;2029-30,budget;estimated_actual;forward_estimate,Social security and welfare / Assistance to the unemployed and the sick,related_breakdown,medium,portfolio_ownership,portfolio_default,mapped,
Employment and Workplace Relations,"By purchase - appropriation ordinary annual services - ROU assets 12,150 - - 12,150 Total additions",223979,4,2573000,18855000,2024-25;2025-26;2026-27;2027-28,budget;forward_estimate,Social security and welfare / Assistance to the unemployed and the sick,related_breakdown,medium,portfolio_ownership,portfolio_default,mapped,
Employment and Workplace Relations,Surplus/(deficit) before income tax,223983,10,7316000,31287000,2024-25;2025-26;2026-27;2027-28;2028-29;2029-30,budget;estimated_actual;forward_estimate,Social security and welfare / Assistance to the unemployed and the sick,related_breakdown,medium,portfolio_ownership,portfolio_default,mapped,
Employment and Workplace Relations,Cash and cash equivalents at beginning of reporting period Cash from Official Public Account for: - Appropriations,223985,5,1500000,1500000,2024-25;2025-26;2026-27;2027-28,budget;estimated_actual;forward_estimate,Social security and welfare / Assistance to the unemployed and the sick,related_breakdown,medium,portfolio_ownership,portfolio_default,mapped,
Education,Fair Value Losses (a),224014,5,1348018000,14616961000,2025-26;2026-27;2027-28;2028-29,budget;estimated_actual;forward_estimate,Education,related_breakdown,high,portfolio_ownership,portfolio_default,mapped,
Education,"By purchase - appropriation ordinary annual services - ROU assets (a) 7,038 - - 7,038 Total additions",224030,4,350000,8371000,2025-26;2026-27;2027-28;2028-29,budget;forward_estimate,Education,related_breakdown,high,portfolio_ownership,portfolio_default,mapped,
Education,Plant and equipment,224039,5,867000,2151000,2025-26;2026-27;2027-28;2028-29,budget;estimated_actual;forward_estimate,Education,related_breakdown,high,portfolio_ownership,portfolio_default,mapped,
Education,Intangibles – computer software,224040,5,1417000,2056000,2025-26;2026-27;2027-28;2028-29,budget;estimated_actual;forward_estimate,Education,related_breakdown,high,portfolio_ownership,portfolio_default,mapped,
Education,"Adjusted opening balance (7,058)",224042,3,17000,18214000,2026-27;2027-28;2028-29,forward_estimate,Education,related_breakdown,high,portfolio_ownership,portfolio_default,mapped,
Education,"Budget (DCB) - - 891 891 Sub-total transactions with owners - - 891 891 Estimated closing balance as at 30 June 2026 (7,662)",224043,3,17000,19105000,2026-27;2027-28;2028-29,forward_estimate,Education,related_breakdown,high,portfolio_ownership,portfolio_default,mapped,
Education,"Cash used Purchase of property, plant and equipment and intangibles",224046,5,883000,929000,2025-26;2026-27;2027-28;2028-29,budget;estimated_actual;forward_estimate,Education,related_breakdown,high,portfolio_ownership,portfolio_default,mapped,
Education,Cash and cash equivalents at beginning of reporting period Cash from Official Public Account for: - Appropriations,224051,5,200000,200000,2025-26;2026-27;2027-28;2028-29,budget;estimated_actual;forward_estimate,Education,related_breakdown,high,portfolio_ownership,portfolio_default,mapped,
Agriculture Fisheries and Forestry,Agriculture and Land Sectors – low emissions future(c) OC1 1.1 Administered payment -,224062,4,5000000,9000000,2024-25;2025-26;2026-27;2027-28,budget;forward_estimate,"Agriculture, forestry and fishing",related_breakdown,high,portfolio_ownership,portfolio_default,mapped,
Agriculture Fisheries and Forestry,Departmental payment -,224063,4,939000,3147000,2024-25;2025-26;2026-27;2027-28,budget;forward_estimate,"Agriculture, forestry and fishing",related_breakdown,high,portfolio_ownership,portfolio_default,mapped,
Agriculture Fisheries and Forestry,Phase Out of Live Sheep Exports by Sea – transition support(g) Administered payment -,224066,4,6500000,17500000,2024-25;2025-26;2026-27;2027-28,budget;forward_estimate,"Agriculture, forestry and fishing",related_breakdown,high,portfolio_ownership,portfolio_default,mapped,
Agriculture Fisheries and Forestry,Indigenous Rangers Biosecurity Program -,224069,4,1148000,3433000,2024-25;2025-26;2026-27;2027-28,budget,"Agriculture, forestry and fishing",related_breakdown,high,portfolio_ownership,portfolio_default,mapped,
Agriculture Fisheries and Forestry,"Special appropriations Australian Animal Health Council (Live- stock Industries) Funding Act 1996, s. 5 – appropriation",224076,5,7996000,8479000,2023-24;2024-25;2025-26;2026-27;2027-28,budget,"Agriculture, forestry and fishing",related_breakdown,high,portfolio_ownership,portfolio_default,mapped,
Agriculture Fisheries and Forestry,"Plant Health Australia (Plant Industries) Funding Act 2002, s. 6 – appropriation",224077,5,5946000,7110000,2023-24;2024-25;2025-26;2026-27;2027-28,budget,"Agriculture, forestry and fishing",related_breakdown,high,portfolio_ownership,portfolio_default,mapped,
Agriculture Fisheries and Forestry,"Plant Health Australia (Plant Industries) Funding Act 2002, s. 10B – payments to PHA from EPPR levies and charges",224078,5,2676000,2787000,2023-24;2024-25;2025-26;2026-27;2027-28,budget,"Agriculture, forestry and fishing",related_breakdown,high,portfolio_ownership,portfolio_default,mapped,
Agriculture Fisheries and Forestry,Intangibles & computer software,224085,5,240957000,347962000,2023-24;2024-25;2025-26;2026-27;2027-28,budget,"Agriculture, forestry and fishing",related_breakdown,high,portfolio_ownership,portfolio_default,mapped,
Agriculture Fisheries and Forestry,"Adjusted opening balance (1,327,399)",224087,4,26462000,934376000,2024-25;2025-26;2026-27;2027-28,budget,"Agriculture, forestry and fishing",related_breakdown,high,portfolio_ownership,portfolio_default,mapped,
Agriculture Fisheries and Forestry,"Cash used Purchase of property, plant and equipment",224091,5,79528000,135270000,2023-24;2024-25;2025-26;2026-27;2027-28,budget,"Agriculture, forestry and fishing",related_breakdown,high,portfolio_ownership,portfolio_default,mapped,
Agriculture Fisheries and Forestry,Funded by capital appropriation – DCB(b),224094,5,15408000,79154000,2023-24;2024-25;2025-26;2026-27;2027-28,budget,"Agriculture, forestry and fishing",related_breakdown,high,portfolio_ownership,portfolio_default,mapped,
Agriculture Fisheries and Forestry,Funded internally from departmental resources(c),224095,5,10000000,10000000,2023-24;2024-25;2025-26;2026-27;2027-28,budget,"Agriculture, forestry and fishing",related_breakdown,high,portfolio_ownership,portfolio_default,mapped,
Agriculture Fisheries and Forestry,"Council of Australian Governments Reform Fund 54,042 -",224101,3,35188000,37438000,2025-26;2026-27;2027-28,budget,"Agriculture, forestry and fishing",related_breakdown,high,portfolio_ownership,portfolio_default,mapped,
Agriculture Fisheries and Forestry,"Adjusted opening balance (8,471)",224117,3,6395000,27390000,2025-26;2026-27;2027-28,budget,"Agriculture, forestry and fishing",related_breakdown,high,portfolio_ownership,portfolio_default,mapped,
Agriculture Fisheries and Forestry,"Gross book value – ROU(a) - 11,001 92 - 11,093 Accumulated depreciation/amortisation and impairment -",224124,4,2045000,11066000,2024-25;2025-26;2026-27;2027-28,budget,"Agriculture, forestry and fishing",related_breakdown,high,portfolio_ownership,portfolio_default,mapped,
Agriculture Fisheries and Forestry,"Accumulated depreciation/ amortisation and impairment – ROU(a) - 6,458 81 - 6,539 Opening net book balance",224125,5,1298000,19583000,2023-24;2024-25;2025-26;2026-27;2027-28,budget,"Agriculture, forestry and fishing",related_breakdown,high,portfolio_ownership,portfolio_default,mapped,
Agriculture Fisheries and Forestry,Other movements Depreciation/ amortisation expense -,224127,4,161000,1259000,2024-25;2025-26;2026-27;2027-28,budget,"Agriculture, forestry and fishing",related_breakdown,high,portfolio_ownership,portfolio_default,mapped,
Agriculture Fisheries and Forestry,"Depreciation/ amortisation expense – ROU(a) - 1,405 62 - 1,467 Total other movements -",224128,4,161000,2726000,2024-25;2025-26;2026-27;2027-28,budget,"Agriculture, forestry and fishing",related_breakdown,high,portfolio_ownership,portfolio_default,mapped,
Agriculture Fisheries and Forestry,As at 30 June 2025 Gross book value,224129,5,2475000,29839000,2023-24;2024-25;2025-26;2026-27;2027-28,budget,"Agriculture, forestry and fishing",related_breakdown,high,portfolio_ownership,portfolio_default,mapped,
Agriculture Fisheries and Forestry,"Accumulated depreciation/ amortisation and impairment – ROU(a) - 7,863 143 - 8,006 Closing net book balance",224130,5,1463000,21860000,2023-24;2024-25;2025-26;2026-27;2027-28,budget,"Agriculture, forestry and fishing",related_breakdown,high,portfolio_ownership,portfolio_default,mapped,
Agriculture Fisheries and Forestry,"Surplus/(deficit) attributable to the Australian Government (5,354) (5,504)",224150,3,37000,129000,2025-26;2026-27;2027-28,budget,"Agriculture, forestry and fishing",related_breakdown,high,portfolio_ownership,portfolio_default,mapped,
Social Services,"Outcome 3 (f) 36,166,967 38,618,740 Outcome",224189,3,4000,81433000,2026-27;2027-28;2028-29,forward_estimate,Social security and welfare,related_breakdown,high,portfolio_ownership,portfolio_default,mapped,
Social Services,2.1.1 – Component 1 (Families and Children) Annual administered expenses Ordinary annual services (Appropriation Bill (No. 1) and Supply Bill (No. 1)),224192,5,441933000,501122000,2024-25;2025-26;2026-27;2027-28;2028-29,budget,Social security and welfare,related_breakdown,high,portfolio_ownership,portfolio_default,mapped,
Social Services,2.1.2 – Component 2 (Family Safety) Annual administered expenses Ordinary annual services (Appropriation Bill (No. 1) and Supply Bill (No. 1)),224193,5,372447000,579287000,2024-25;2025-26;2026-27;2027-28;2028-29,budget,Social security and welfare,related_breakdown,high,portfolio_ownership,portfolio_default,mapped,
Social Services,2.1.3 – Component 3 (Protecting Australia's Children) Annual administered expenses Ordinary annual services (Appropriation Bill (No. 1) and Supply Bill (No. 1)),224194,5,3999000,34976000,2024-25;2025-26;2026-27;2027-28;2028-29,budget,Social security and welfare,related_breakdown,high,portfolio_ownership,portfolio_default,mapped,
Social Services,2.1.4 – Component 4 (Sector Representation) Annual administered expenses Ordinary annual services (Appropriation Bill (No. 1) and Supply Bill (No. 1)),224195,5,2956000,4867000,2024-25;2025-26;2026-27;2027-28;2028-29,budget,Social security and welfare,related_breakdown,high,portfolio_ownership,portfolio_default,mapped,
Social Services,2.1.5 – Component 5 (Financial Wellbeing and Capability) Annual administered expenses Ordinary annual services (Appropriation Bill (No. 1) and Supply Bill (No. ,224196,5,188489000,208593000,2024-25;2025-26;2026-27;2027-28;2028-29,budget,Social security and welfare,related_breakdown,high,portfolio_ownership,portfolio_default,mapped,
Social Services,2.1.6 – Component 6 (Volunteering and Community Connectedness) Annual administered expenses Ordinary annual services (Appropriation Bill (No. 1) and Supply Bill,224197,5,61286000,86787000,2024-25;2025-26;2026-27;2027-28;2028-29,budget,Social security and welfare,related_breakdown,high,portfolio_ownership,portfolio_default,mapped,
Social Services,2.1.10 – Component 10 (Transition to Independent Living Allowance) Annual administered expenses Ordinary annual services (Appropriation Bill (No. 1) and Supply ,224198,5,2312000,3512000,2024-25;2025-26;2026-27;2027-28;2028-29,budget,Social security and welfare,related_breakdown,high,portfolio_ownership,portfolio_default,mapped,
Social Services,2.1.11 – Component 11 (Social Impact Investing Initiatives) Annual administered expenses Ordinary annual services (Appropriation Bill (No. 1) and Supply Bill (N,224199,5,500000,21508000,2024-25;2025-26;2026-27;2027-28;2028-29,budget,Social security and welfare,related_breakdown,high,portfolio_ownership,portfolio_default,mapped,
Social Services,Program 3.1 – Disability and Carers Administered expenses Ordinary annual services (Appropriation Bill (No. 1) and Supply Bill (No. 1)),224201,5,1777538000,1863486000,2024-25;2025-26;2026-27;2027-28;2028-29,budget,Social security and welfare,related_breakdown,high,portfolio_ownership,portfolio_default,mapped,
Social Services,"Special accounts Social Services SOETM Special Account 2021 21,625 7,852 – – – Administered Total",224202,5,1777538000,1871338000,2024-25;2025-26;2026-27;2027-28;2028-29,budget,Social security and welfare,related_breakdown,high,portfolio_ownership,portfolio_default,mapped,
Social Services,Program 3.2 – National Disability Insurance Scheme Administered expenses Ordinary annual services (Appropriation Bill (No. 1) and Supply Bill (No. 1)),224203,5,33566455000,46974004000,2024-25;2025-26;2026-27;2027-28;2028-29,budget,Social security and welfare / Assistance to people with disabilities / National Disability Insurance Scheme,related_breakdown,high,exact_label_with_portfolio_context,program_label_override,mapped,
Social Services,"Special accounts 21,625 7,852 – – – Administered Total",224205,5,37665047000,50309013000,2024-25;2025-26;2026-27;2027-28;2028-29,budget,Social security and welfare,related_breakdown,high,portfolio_ownership,portfolio_default,mapped,
Social Services,3.1.1 – Component 1 (Employment Services) Annual administered expenses Ordinary annual services (Appropriation Bill (No. 1) and Supply Bill (No. 1)),224206,5,1276724000,1307795000,2024-25;2025-26;2026-27;2027-28;2028-29,budget,Social security and welfare,related_breakdown,high,portfolio_ownership,portfolio_default,mapped,
Social Services,3.1.2 – Component 2 (Disability and Carer Support) Annual administered expenses Ordinary annual services (Appropriation Bill (No. 1) and Supply Bill (No. 1)),224207,5,486358000,555691000,2024-25;2025-26;2026-27;2027-28;2028-29,budget,Social security and welfare,related_breakdown,high,portfolio_ownership,portfolio_default,mapped,
Social Services,Program 4.1 – Housing and Homelessness Administered expenses Ordinary annual services (Appropriation Bill (No. 1) and Supply Bill (No. 1)),224211,5,2911000,45085000,2024-25;2025-26;2026-27;2027-28;2028-29,budget,Social security and welfare,related_breakdown,high,portfolio_ownership,portfolio_default,mapped,
Social Services,"Special accounts revenue 3,384 – – – – Dividends",224224,5,1000000,2500000,2024-25;2025-26;2026-27;2027-28;2028-29,budget,Social security and welfare,related_breakdown,high,portfolio_ownership,portfolio_default,mapped,
Social Services,Housing Australia Future Fund acute housing,224226,5,500000,51857000,2024-25;2025-26;2026-27;2027-28;2028-29,budget,Social security and welfare,related_breakdown,high,portfolio_ownership,portfolio_default,mapped,
Social Services,"Other 24,734 – – – – Housing Australia Future Fund acute housing",224227,5,500000,51857000,2024-25;2025-26;2026-27;2027-28;2028-29,budget,Social security and welfare,related_breakdown,high,portfolio_ownership,portfolio_default,mapped,
Social Services,Other 141 –,224235,3,58000,1024000,2026-27;2027-28;2028-29,budget,Social security and welfare,related_breakdown,high,portfolio_ownership,portfolio_default,mapped,
Social Services,"PURCHASE OF NON­FINANCIAL ASSETS Funded by capital appropriations (a) – 4,709 – – – Funded internally from departmental resources",224252,5,14911000,67673000,2024-25;2025-26;2026-27;2027-28;2028-29,budget,Social security and welfare,related_breakdown,high,portfolio_ownership,portfolio_default,mapped,
Social Services,"Pharmaceutical Benefits Scheme (PBS) New and Amended Listings 1.2, 1.3 Administered payment – – – – – Departmental payment",224277,5,116000,390000,2024-25;2025-26;2026-27;2027-28;2028-29,budget,Social security and welfare,related_breakdown,high,portfolio_ownership,portfolio_default,mapped,
Social Services,"Strengthening Medicare 1.1, 1.2, 1.3 Administered payment – – – – – Departmental payment –",224278,4,53070000,54730000,2025-26;2026-27;2027-28;2028-29,budget,Social security and welfare,related_breakdown,high,portfolio_ownership,portfolio_default,mapped,
Social Services,"Strengthening Medicare – Women's Health 1.2, 1.3 Administered payment – – – – – Departmental payment –",224279,4,302000,2870000,2025-26;2026-27;2027-28;2028-29,budget,Social security and welfare,related_breakdown,high,portfolio_ownership,portfolio_default,mapped,
Social Services,"Adjusted opening balance (3,293,244)",224285,3,460467000,4823664000,2026-27;2027-28;2028-29,budget,Social security and welfare,related_breakdown,high,portfolio_ownership,portfolio_default,mapped,
Social Services,Funded internally from departmental resources (c),224291,5,15349000,32895000,2024-25;2025-26;2026-27;2027-28;2028-29,budget,Social security and welfare,related_breakdown,high,portfolio_ownership,portfolio_default,mapped,
Social Services,By purchase – appropriation ordinary annual services (c) –,224294,4,37873000,160885000,2025-26;2026-27;2027-28;2028-29,budget,Social security and welfare,related_breakdown,high,portfolio_ownership,portfolio_default,mapped,
Social Services,"By purchase – other – – 24,743 – 24,743 Total additions –",224295,4,78206000,367827000,2025-26;2026-27;2027-28;2028-29,budget,Social security and welfare,related_breakdown,high,portfolio_ownership,portfolio_default,mapped,
Social Services,Cash from Official Public Account for: ­ Appropriations,224298,5,45197000,48227000,2024-25;2025-26;2026-27;2027-28;2028-29,budget,Social security and welfare,related_breakdown,high,portfolio_ownership,portfolio_default,mapped,
Social Services,Cash to Official Public Account for: ­ Appropriations,224299,5,45197000,48227000,2024-25;2025-26;2026-27;2027-28;2028-29,budget,Social security and welfare,related_breakdown,high,portfolio_ownership,portfolio_default,mapped,
Attorney-General's,Gains Other gains,224306,11,495000,495000,2024-25;2025-26;2026-27;2027-28;2028-29;2029-30,budget;estimated_actual;forward_estimate,,,low,portfolio_ownership,portfolio_default,ambiguous,"Portfolio spans courts and legal services, emergency management, human rights, and integrity/security functions with no single dominant Statement 6 function and no program-level evidence established in this pass to split them reliably.
"
Attorney-General's,Trade and other receivables,224309,11,354000,18615000,2024-25;2025-26;2026-27;2027-28;2028-29;2029-30,budget;estimated_actual;forward_estimate,,,low,portfolio_ownership,portfolio_default,ambiguous,"Portfolio spans courts and legal services, emergency management, human rights, and integrity/security functions with no single dominant Statement 6 function and no program-level evidence established in this pass to split them reliably.
"
Attorney-General's,Provisions Employee provisions,224318,11,1565000,27344000,2024-25;2025-26;2026-27;2027-28;2028-29;2029-30,budget;estimated_actual;forward_estimate,,,low,portfolio_ownership,portfolio_default,ambiguous,"Portfolio spans courts and legal services, emergency management, human rights, and integrity/security functions with no single dominant Statement 6 function and no program-level evidence established in this pass to split them reliably.
"
Attorney-General's,Other provisions,224319,11,23000,1238000,2024-25;2025-26;2026-27;2027-28;2028-29;2029-30,budget;estimated_actual;forward_estimate,,,low,portfolio_ownership,portfolio_default,ambiguous,"Portfolio spans courts and legal services, emergency management, human rights, and integrity/security functions with no single dominant Statement 6 function and no program-level evidence established in this pass to split them reliably.
"
Attorney-General's,"Adjusted opening balance (137,573)",224324,3,24346000,242673000,2025-26;2026-27;2027-28,forward_estimate,,,low,portfolio_ownership,portfolio_default,ambiguous,"Portfolio spans courts and legal services, emergency management, human rights, and integrity/security functions with no single dominant Statement 6 function and no program-level evidence established in this pass to split them reliably.
"
Attorney-General's,Cash used Employees,224329,11,23151000,211068000,2024-25;2025-26;2026-27;2027-28;2028-29;2029-30,budget;estimated_actual;forward_estimate,,,low,portfolio_ownership,portfolio_default,ambiguous,"Portfolio spans courts and legal services, emergency management, human rights, and integrity/security functions with no single dominant Statement 6 function and no program-level evidence established in this pass to split them reliably.
"
Attorney-General's,Interest payments on lease liability,224330,11,11000,2873000,2024-25;2025-26;2026-27;2027-28;2028-29;2029-30,budget;estimated_actual;forward_estimate,,,low,portfolio_ownership,portfolio_default,ambiguous,"Portfolio spans courts and legal services, emergency management, human rights, and integrity/security functions with no single dominant Statement 6 function and no program-level evidence established in this pass to split them reliably.
"
Attorney-General's,Cash used Principal payments on lease liability,224335,11,1142000,14400000,2024-25;2025-26;2026-27;2027-28;2028-29;2029-30,budget;estimated_actual;forward_estimate,,,low,portfolio_ownership,portfolio_default,ambiguous,"Portfolio spans courts and legal services, emergency management, human rights, and integrity/security functions with no single dominant Statement 6 function and no program-level evidence established in this pass to split them reliably.
"
Attorney-General's,Cash and cash equivalents at the end of the reporting period,224337,11,100000,14900000,2024-25;2025-26;2026-27;2027-28;2028-29;2029-30,budget;estimated_actual;forward_estimate,,,low,portfolio_ownership,portfolio_default,ambiguous,"Portfolio spans courts and legal services, emergency management, human rights, and integrity/security functions with no single dominant Statement 6 function and no program-level evidence established in this pass to split them reliably.
"
Attorney-General's,Funded by capital appropriation - DCB (b),224341,11,1993000,15814000,2024-25;2025-26;2026-27;2027-28;2028-29;2029-30,budget;estimated_actual;forward_estimate,,,low,portfolio_ownership,portfolio_default,ambiguous,"Portfolio spans courts and legal services, emergency management, human rights, and integrity/security functions with no single dominant Statement 6 function and no program-level evidence established in this pass to split them reliably.
"
Attorney-General's,Funded internally from departmental resources (c),224342,11,3000000,15215000,2024-25;2025-26;2026-27;2027-28;2028-29;2029-30,budget;estimated_actual;forward_estimate,,,low,portfolio_ownership,portfolio_default,ambiguous,"Portfolio spans courts and legal services, emergency management, human rights, and integrity/security functions with no single dominant Statement 6 function and no program-level evidence established in this pass to split them reliably.
"
Attorney-General's,Other investments,224352,11,8005000,448061000,2024-25;2025-26;2026-27;2027-28;2028-29;2029-30,budget;estimated_actual;forward_estimate,,,low,portfolio_ownership,portfolio_default,ambiguous,"Portfolio spans courts and legal services, emergency management, human rights, and integrity/security functions with no single dominant Statement 6 function and no program-level evidence established in this pass to split them reliably.
"
Attorney-General's,Provisions Other provisions,224354,11,3194000,3609000,2024-25;2025-26;2026-27;2027-28;2028-29;2029-30,budget;estimated_actual;forward_estimate,,,low,portfolio_ownership,portfolio_default,ambiguous,"Portfolio spans courts and legal services, emergency management, human rights, and integrity/security functions with no single dominant Statement 6 function and no program-level evidence established in this pass to split them reliably.
"
Attorney-General's,Cash used Grants,224356,11,347481000,450850000,2024-25;2025-26;2026-27;2027-28;2028-29;2029-30,budget;estimated_actual;forward_estimate,,,low,portfolio_ownership,portfolio_default,ambiguous,"Portfolio spans courts and legal services, emergency management, human rights, and integrity/security functions with no single dominant Statement 6 function and no program-level evidence established in this pass to split them reliably.
"
Attorney-General's,Subsidies paid,224357,11,4703000,5919000,2024-25;2025-26;2026-27;2027-28;2028-29;2029-30,budget;estimated_actual;forward_estimate,,,low,portfolio_ownership,portfolio_default,ambiguous,"Portfolio spans courts and legal services, emergency management, human rights, and integrity/security functions with no single dominant Statement 6 function and no program-level evidence established in this pass to split them reliably.
"
Attorney-General's,Cash from Official Public Account for Appropriations,224359,11,3000000,20000000,2024-25;2025-26;2026-27;2027-28;2028-29;2029-30,budget;estimated_actual;forward_estimate,,,low,portfolio_ownership,portfolio_default,ambiguous,"Portfolio spans courts and legal services, emergency management, human rights, and integrity/security functions with no single dominant Statement 6 function and no program-level evidence established in this pass to split them reliably.
"
Attorney-General's,Depreciation and amortisation (a),224362,11,2799000,28700000,2024-25;2025-26;2026-27;2027-28;2028-29;2029-30,budget;estimated_actual;forward_estimate,,,low,portfolio_ownership,portfolio_default,ambiguous,"Portfolio spans courts and legal services, emergency management, human rights, and integrity/security functions with no single dominant Statement 6 function and no program-level evidence established in this pass to split them reliably.
"
Attorney-General's,Gains Other,224363,11,65000,39947000,2024-25;2025-26;2026-27;2027-28;2028-29;2029-30,budget;estimated_actual;forward_estimate,,,low,portfolio_ownership,portfolio_default,ambiguous,"Portfolio spans courts and legal services, emergency management, human rights, and integrity/security functions with no single dominant Statement 6 function and no program-level evidence established in this pass to split them reliably.
"
Attorney-General's,"Adjusted opening balance (92,003)",224368,3,6316000,125617000,2025-26;2026-27;2027-28,forward_estimate,,,low,portfolio_ownership,portfolio_default,ambiguous,"Portfolio spans courts and legal services, emergency management, human rights, and integrity/security functions with no single dominant Statement 6 function and no program-level evidence established in this pass to split them reliably.
"
Attorney-General's,Cash used Refunds of application fees,224385,11,7500000,20000000,2024-25;2025-26;2026-27;2027-28;2028-29;2029-30,budget;estimated_actual;forward_estimate,,,low,portfolio_ownership,portfolio_default,ambiguous,"Portfolio spans courts and legal services, emergency management, human rights, and integrity/security functions with no single dominant Statement 6 function and no program-level evidence established in this pass to split them reliably.
"
Attorney-General's,Cash and cash equivalents at beginning of reporting period,224386,11,179000,422000,2024-25;2025-26;2026-27;2027-28;2028-29;2029-30,budget;estimated_actual;forward_estimate,,,low,portfolio_ownership,portfolio_default,ambiguous,"Portfolio spans courts and legal services, emergency management, human rights, and integrity/security functions with no single dominant Statement 6 function and no program-level evidence established in this pass to split them reliably.
"
Attorney-General's,Retained surplus (accumulated deficit),224391,8,10237000,31528000,2025-26;2026-27;2027-28;2028-29;2029-30,budget;estimated_actual;forward_estimate,,,low,portfolio_ownership,portfolio_default,ambiguous,"Portfolio spans courts and legal services, emergency management, human rights, and integrity/security functions with no single dominant Statement 6 function and no program-level evidence established in this pass to split them reliably.
"
Attorney-General's,Adjusted opening balance,224392,6,183000,24830000,2025-26;2026-27;2027-28;2028-29;2029-30,budget;forward_estimate,,,low,portfolio_ownership,portfolio_default,ambiguous,"Portfolio spans courts and legal services, emergency management, human rights, and integrity/security functions with no single dominant Statement 6 function and no program-level evidence established in this pass to split them reliably.
"
Attorney-General's,Net GST paid,224396,8,531000,5050000,2025-26;2026-27;2027-28;2028-29;2029-30,budget;estimated_actual;forward_estimate,,,low,portfolio_ownership,portfolio_default,ambiguous,"Portfolio spans courts and legal services, emergency management, human rights, and integrity/security functions with no single dominant Statement 6 function and no program-level evidence established in this pass to split them reliably.
"
Attorney-General's,Rental income,224411,8,213000,3357000,2025-26;2026-27;2027-28;2028-29;2029-30,budget;estimated_actual;forward_estimate,,,low,portfolio_ownership,portfolio_default,ambiguous,"Portfolio spans courts and legal services, emergency management, human rights, and integrity/security functions with no single dominant Statement 6 function and no program-level evidence established in this pass to split them reliably.
"
Attorney-General's,"Adjusted opening balance (1,648,517)",224415,3,205737000,1954645000,2024-25;2025-26;2026-27,budget,,,low,portfolio_ownership,portfolio_default,ambiguous,"Portfolio spans courts and legal services, emergency management, human rights, and integrity/security functions with no single dominant Statement 6 function and no program-level evidence established in this pass to split them reliably.
"
Attorney-General's,Net GST received,224418,8,100000,5944000,2025-26;2026-27;2027-28;2028-29;2029-30,budget;estimated_actual;forward_estimate,,,low,portfolio_ownership,portfolio_default,ambiguous,"Portfolio spans courts and legal services, emergency management, human rights, and integrity/security functions with no single dominant Statement 6 function and no program-level evidence established in this pass to split them reliably.
"
Attorney-General's,Funded by capital appropriation – DCB (b),224426,8,517000,548000,2025-26;2026-27;2027-28;2028-29;2029-30,budget;estimated_actual;forward_estimate,,,low,portfolio_ownership,portfolio_default,ambiguous,"Portfolio spans courts and legal services, emergency management, human rights, and integrity/security functions with no single dominant Statement 6 function and no program-level evidence established in this pass to split them reliably.
"
Attorney-General's,Cash used Suppliers,224433,8,947000,1064000,2025-26;2026-27;2027-28;2028-29;2029-30,budget;estimated_actual;forward_estimate,,,low,portfolio_ownership,portfolio_default,ambiguous,"Portfolio spans courts and legal services, emergency management, human rights, and integrity/security functions with no single dominant Statement 6 function and no program-level evidence established in this pass to split them reliably.
"
Attorney-General's,Funded internally from departmental resources (b),224441,5,2988000,7281000,2025-26;2026-27;2027-28;2028-29,budget;estimated_actual;forward_estimate,,,low,portfolio_ownership,portfolio_default,ambiguous,"Portfolio spans courts and legal services, emergency management, human rights, and integrity/security functions with no single dominant Statement 6 function and no program-level evidence established in this pass to split them reliably.
"
Attorney-General's,Taxation receivables,224449,5,12289000,12289000,2025-26;2026-27;2027-28;2028-29,budget;estimated_actual;forward_estimate,,,low,portfolio_ownership,portfolio_default,ambiguous,"Portfolio spans courts and legal services, emergency management, human rights, and integrity/security functions with no single dominant Statement 6 function and no program-level evidence established in this pass to split them reliably.
"
Attorney-General's,Fees and Fines,224450,5,18817000,23881000,2025-26;2026-27;2027-28;2028-29,budget;estimated_actual;forward_estimate,,,low,portfolio_ownership,portfolio_default,ambiguous,"Portfolio spans courts and legal services, emergency management, human rights, and integrity/security functions with no single dominant Statement 6 function and no program-level evidence established in this pass to split them reliably.
"
Attorney-General's,Proceeds of Crime and other administered receipts,224451,5,64336000,64336000,2025-26;2026-27;2027-28;2028-29,budget;estimated_actual;forward_estimate,,,low,portfolio_ownership,portfolio_default,ambiguous,"Portfolio spans courts and legal services, emergency management, human rights, and integrity/security functions with no single dominant Statement 6 function and no program-level evidence established in this pass to split them reliably.
"
Attorney-General's,Cash used Payments,224452,5,57844000,82542000,2025-26;2026-27;2027-28;2028-29,budget;estimated_actual;forward_estimate,,,low,portfolio_ownership,portfolio_default,ambiguous,"Portfolio spans courts and legal services, emergency management, human rights, and integrity/security functions with no single dominant Statement 6 function and no program-level evidence established in this pass to split them reliably.
"
Attorney-General's,"Adjusted opening balance (9,784)",224463,3,2599000,18561000,2022-23;2023-24;2025-26,budget,,,low,portfolio_ownership,portfolio_default,ambiguous,"Portfolio spans courts and legal services, emergency management, human rights, and integrity/security functions with no single dominant Statement 6 function and no program-level evidence established in this pass to split them reliably.
"
Attorney-General's,Royalties,224474,5,50000,50000,2025-26;2026-27;2027-28;2028-29,budget;estimated_actual;forward_estimate,,,low,portfolio_ownership,portfolio_default,ambiguous,"Portfolio spans courts and legal services, emergency management, human rights, and integrity/security functions with no single dominant Statement 6 function and no program-level evidence established in this pass to split them reliably.
"
Attorney-General's,Departmental Capital Budget (DCB) - - 23 23 Sub-total transactions with owners - - 23 23 Estimated closing balance as at 30 June,224478,5,713000,3224000,2025-26;2026-27;2027-28;2028-29,budget;estimated_actual;forward_estimate,,,low,portfolio_ownership,portfolio_default,ambiguous,"Portfolio spans courts and legal services, emergency management, human rights, and integrity/security functions with no single dominant Statement 6 function and no program-level evidence established in this pass to split them reliably.
"
Attorney-General's,"Adjusted opening balance (111,036)",224499,3,1354000,173178000,2022-23;2023-24;2025-26,budget,,,low,portfolio_ownership,portfolio_default,ambiguous,"Portfolio spans courts and legal services, emergency management, human rights, and integrity/security functions with no single dominant Statement 6 function and no program-level evidence established in this pass to split them reliably.
"
Attorney-General's,By purchase - appropriation ordinary annual services (b) -,224508,6,811000,4700000,2022-23;2023-24;2025-26;2026-27;2027-28;2028-29,budget;forward_estimate,,,low,portfolio_ownership,portfolio_default,ambiguous,"Portfolio spans courts and legal services, emergency management, human rights, and integrity/security functions with no single dominant Statement 6 function and no program-level evidence established in this pass to split them reliably.
"
Attorney-General's,Program 4.2: Commonwealth Courts Registry Services Departmental expenses Departmental appropriation,224517,8,31045000,34040000,2025-26;2026-27;2027-28;2028-29;2029-30,budget;estimated_actual;forward_estimate,,,low,portfolio_ownership,portfolio_default,ambiguous,"Portfolio spans courts and legal services, emergency management, human rights, and integrity/security functions with no single dominant Statement 6 function and no program-level evidence established in this pass to split them reliably.
"
Attorney-General's,"Adjusted opening balance (57,822)",224521,3,17414000,185157000,2022-23;2023-24;2025-26,budget,,,low,portfolio_ownership,portfolio_default,ambiguous,"Portfolio spans courts and legal services, emergency management, human rights, and integrity/security functions with no single dominant Statement 6 function and no program-level evidence established in this pass to split them reliably.
"
Attorney-General's,Gains Resources free of charge,224536,8,3100000,3300000,2025-26;2026-27;2027-28;2028-29;2029-30,budget;estimated_actual;forward_estimate,,,low,portfolio_ownership,portfolio_default,ambiguous,"Portfolio spans courts and legal services, emergency management, human rights, and integrity/security functions with no single dominant Statement 6 function and no program-level evidence established in this pass to split them reliably.
"
Attorney-General's,"Adjusted opening balance (94,627)",224540,3,122238000,250994000,2022-23;2023-24;2025-26,budget,,,low,portfolio_ownership,portfolio_default,ambiguous,"Portfolio spans courts and legal services, emergency management, human rights, and integrity/security functions with no single dominant Statement 6 function and no program-level evidence established in this pass to split them reliably.
"
Attorney-General's,"Adjusted opening balance (10,126)",224576,3,1410000,15206000,2022-23;2023-24;2025-26,budget,,,low,portfolio_ownership,portfolio_default,ambiguous,"Portfolio spans courts and legal services, emergency management, human rights, and integrity/security functions with no single dominant Statement 6 function and no program-level evidence established in this pass to split them reliably.
"
Attorney-General's,"Departmental Capital Budget (DCB) - - 862 862 Sub-total transactions with owners - - 862 862 Closing balance attributable to the Australian Government (11,510)",224577,3,1410000,16068000,2022-23;2023-24;2025-26,budget,,,low,portfolio_ownership,portfolio_default,ambiguous,"Portfolio spans courts and legal services, emergency management, human rights, and integrity/security functions with no single dominant Statement 6 function and no program-level evidence established in this pass to split them reliably.
"
Attorney-General's,"Adjusted opening balance (32,801)",224589,3,20743000,33910000,2022-23;2023-24;2025-26,budget,,,low,portfolio_ownership,portfolio_default,ambiguous,"Portfolio spans courts and legal services, emergency management, human rights, and integrity/security functions with no single dominant Statement 6 function and no program-level evidence established in this pass to split them reliably.
"
Attorney-General's,Unearned income,224612,8,4832000,5906000,2025-26;2026-27;2027-28;2028-29;2029-30,budget;estimated_actual;forward_estimate,,,low,portfolio_ownership,portfolio_default,ambiguous,"Portfolio spans courts and legal services, emergency management, human rights, and integrity/security functions with no single dominant Statement 6 function and no program-level evidence established in this pass to split them reliably.
"
Industry Science and Resources,"Adjusted opening balance (469,365)",224634,3,33962000,858938000,2026-27;2027-28;2028-29,budget,Other economic affairs,related_breakdown,medium,portfolio_ownership,portfolio_default,mapped,
Industry Science and Resources,"By purchase - other - ROU assets 1,187 - - 1,187 Total additions",224642,4,25334000,93698000,2025-26;2026-27;2027-28;2028-29,budget,Other economic affairs,related_breakdown,medium,portfolio_ownership,portfolio_default,mapped,
Industry Science and Resources,"Adjusted opening balance (592,156)",224659,4,9383000,1320349000,2025-26;2026-27;2027-28;2028-29,budget,Other economic affairs,related_breakdown,medium,portfolio_ownership,portfolio_default,mapped,
Veterans' Affairs,Program 3.1: War Graves Administered Expenses Ordinary annual services (Appropriation Bill No. 1),224735,5,28266000,31445000,2025-26;2026-27;2027-28;2028-29;2029-30,budget,Social security and welfare / Assistance to veterans and dependants,related_breakdown,medium,portfolio_ownership,portfolio_default,mapped,
Infrastructure Transport Regional Development Communications Sport and the Arts,"Building a Better Future Through Considered Infrastructure Investment 1.1, 1.2 Administered payments - - - - 60,000 Departmental payments -",224768,4,18165000,24011000,2024-25;2025-26;2026-27;2027-28,budget;forward_estimate,,,low,portfolio_ownership,portfolio_default,ambiguous,"Portfolio name itself spans at least three distinct Statement 6 functions (Transport and communication; Recreation and culture for sport/arts; Housing and community amenities for regional development) with no single dominant destination and no program-level evidence established in this pass to split them reliably.
"
Infrastructure Transport Regional Development Communications Sport and the Arts,"Delivering a Strategic Fleet(b) 2.1, 2.4 Administered payments nfp nfp nfp nfp nfp Departmental payments -",224769,4,4244000,6735000,2024-25;2025-26;2026-27;2027-28,budget;forward_estimate,,,low,portfolio_ownership,portfolio_default,ambiguous,"Portfolio name itself spans at least three distinct Statement 6 functions (Transport and communication; Recreation and culture for sport/arts; Housing and community amenities for regional development) with no single dominant destination and no program-level evidence established in this pass to split them reliably.
"
Infrastructure Transport Regional Development Communications Sport and the Arts,Departmental payments -,224771,6,92000,2293000,2024-25;2025-26;2026-27;2027-28;2028-29,budget;forward_estimate,,,low,portfolio_ownership,portfolio_default,ambiguous,"Portfolio name itself spans at least three distinct Statement 6 functions (Transport and communication; Recreation and culture for sport/arts; Housing and community amenities for regional development) with no single dominant destination and no program-level evidence established in this pass to split them reliably.
"
Infrastructure Transport Regional Development Communications Sport and the Arts,Departmental payments - -,224773,3,742000,759000,2025-26;2026-27;2027-28,forward_estimate,,,low,portfolio_ownership,portfolio_default,ambiguous,"Portfolio name itself spans at least three distinct Statement 6 functions (Transport and communication; Recreation and culture for sport/arts; Housing and community amenities for regional development) with no single dominant destination and no program-level evidence established in this pass to split them reliably.
"
Infrastructure Transport Regional Development Communications Sport and the Arts,National Heavy Vehicle Safety Initiatives,224776,11,4370000,5015000,2024-25;2025-26;2026-27;2027-28;2028-29;2029-30,budget;estimated_actual;forward_estimate,,,low,portfolio_ownership,portfolio_default,ambiguous,"Portfolio name itself spans at least three distinct Statement 6 functions (Transport and communication; Recreation and culture for sport/arts; Housing and community amenities for regional development) with no single dominant destination and no program-level evidence established in this pass to split them reliably.
"
Infrastructure Transport Regional Development Communications Sport and the Arts,Payments to corporate entities(c) Australian Maritime Safety Authority,224779,8,85607000,102278000,2024-25;2025-26;2026-27;2027-28;2028-29,budget;estimated_actual;forward_estimate,,,low,portfolio_ownership,portfolio_default,ambiguous,"Portfolio name itself spans at least three distinct Statement 6 functions (Transport and communication; Recreation and culture for sport/arts; Housing and community amenities for regional development) with no single dominant destination and no program-level evidence established in this pass to split them reliably.
"
Infrastructure Transport Regional Development Communications Sport and the Arts,Components for Program 2.2: Road Safety Administered expenses: Car Safety Ratings Program,224780,5,3040000,3680000,2024-25;2025-26;2026-27;2027-28,budget;estimated_actual;forward_estimate,,,low,portfolio_ownership,portfolio_default,ambiguous,"Portfolio name itself spans at least three distinct Statement 6 functions (Transport and communication; Recreation and culture for sport/arts; Housing and community amenities for regional development) with no single dominant destination and no program-level evidence established in this pass to split them reliably.
"
Infrastructure Transport Regional Development Communications Sport and the Arts,Western Sydney Airport - preparatory activities,224785,5,4300000,95873000,2024-25;2025-26;2026-27;2027-28,budget;estimated_actual;forward_estimate,,,low,portfolio_ownership,portfolio_default,ambiguous,"Portfolio name itself spans at least three distinct Statement 6 functions (Transport and communication; Recreation and culture for sport/arts; Housing and community amenities for regional development) with no single dominant destination and no program-level evidence established in this pass to split them reliably.
"
Infrastructure Transport Regional Development Communications Sport and the Arts,RPAS levy (Special Appropriation) Act 2020(c),224787,5,1000000,28490000,2024-25;2025-26;2026-27;2027-28,budget;estimated_actual;forward_estimate,,,low,portfolio_ownership,portfolio_default,ambiguous,"Portfolio name itself spans at least three distinct Statement 6 functions (Transport and communication; Recreation and culture for sport/arts; Housing and community amenities for regional development) with no single dominant destination and no program-level evidence established in this pass to split them reliably.
"
Infrastructure Transport Regional Development Communications Sport and the Arts,Payments to corporate entities(c) Civil Aviation Safety Authority,224788,8,41494000,107602000,2024-25;2025-26;2026-27;2027-28;2028-29,budget;estimated_actual;forward_estimate,,,low,portfolio_ownership,portfolio_default,ambiguous,"Portfolio name itself spans at least three distinct Statement 6 functions (Transport and communication; Recreation and culture for sport/arts; Housing and community amenities for regional development) with no single dominant destination and no program-level evidence established in this pass to split them reliably.
"
Infrastructure Transport Regional Development Communications Sport and the Arts,Payments to corporate entities(a) Northern Australia Infrastructure Facility,224803,9,21295000,23066000,2024-25;2025-26;2026-27;2027-28;2028-29;2029-30,budget;estimated_actual;forward_estimate,,,low,portfolio_ownership,portfolio_default,ambiguous,"Portfolio name itself spans at least three distinct Statement 6 functions (Transport and communication; Recreation and culture for sport/arts; Housing and community amenities for regional development) with no single dominant destination and no program-level evidence established in this pass to split them reliably.
"
Infrastructure Transport Regional Development Communications Sport and the Arts,International Organisation Contributions,224812,9,7665000,8083000,2024-25;2025-26;2026-27;2027-28;2028-29;2029-30,budget;estimated_actual;forward_estimate,,,low,portfolio_ownership,portfolio_default,ambiguous,"Portfolio name itself spans at least three distinct Statement 6 functions (Transport and communication; Recreation and culture for sport/arts; Housing and community amenities for regional development) with no single dominant destination and no program-level evidence established in this pass to split them reliably.
"
Infrastructure Transport Regional Development Communications Sport and the Arts,Payments to corporate entities(e) Australian Broadcasting Corporation,224814,5,1137568000,1253404000,2024-25;2025-26;2026-27;2027-28,budget;estimated_actual;forward_estimate,,,low,portfolio_ownership,portfolio_default,ambiguous,"Portfolio name itself spans at least three distinct Statement 6 functions (Transport and communication; Recreation and culture for sport/arts; Housing and community amenities for regional development) with no single dominant destination and no program-level evidence established in this pass to split them reliably.
"
Infrastructure Transport Regional Development Communications Sport and the Arts,Creative Australia(b),224817,5,257974000,333028000,2024-25;2025-26;2026-27;2027-28,budget;estimated_actual;forward_estimate,,,low,portfolio_ownership,portfolio_default,ambiguous,"Portfolio name itself spans at least three distinct Statement 6 functions (Transport and communication; Recreation and culture for sport/arts; Housing and community amenities for regional development) with no single dominant destination and no program-level evidence established in this pass to split them reliably.
"
Infrastructure Transport Regional Development Communications Sport and the Arts,Concessional loan discount,224829,5,35869000,413362000,2024-25;2025-26;2026-27;2027-28,budget;estimated_actual;forward_estimate,,,low,portfolio_ownership,portfolio_default,ambiguous,"Portfolio name itself spans at least three distinct Statement 6 functions (Transport and communication; Recreation and culture for sport/arts; Housing and community amenities for regional development) with no single dominant destination and no program-level evidence established in this pass to split them reliably.
"
Infrastructure Transport Regional Development Communications Sport and the Arts,Impairment loss of financial instruments,224830,5,51530000,104931000,2024-25;2025-26;2026-27;2027-28,budget;estimated_actual;forward_estimate,,,low,portfolio_ownership,portfolio_default,ambiguous,"Portfolio name itself spans at least three distinct Statement 6 functions (Transport and communication; Recreation and culture for sport/arts; Housing and community amenities for regional development) with no single dominant destination and no program-level evidence established in this pass to split them reliably.
"
Infrastructure Transport Regional Development Communications Sport and the Arts,"Dividends - - - 3,000 35,900 Rental income",224831,5,4525000,6186000,2024-25;2025-26;2026-27;2027-28,budget;estimated_actual;forward_estimate,,,low,portfolio_ownership,portfolio_default,ambiguous,"Portfolio name itself spans at least three distinct Statement 6 functions (Transport and communication; Recreation and culture for sport/arts; Housing and community amenities for regional development) with no single dominant destination and no program-level evidence established in this pass to split them reliably.
"
Infrastructure Transport Regional Development Communications Sport and the Arts,"Dividends - - - 3,000 35,900 Taxes",224832,5,23600000,27307000,2024-25;2025-26;2026-27;2027-28,budget;estimated_actual;forward_estimate,,,low,portfolio_ownership,portfolio_default,ambiguous,"Portfolio name itself spans at least three distinct Statement 6 functions (Transport and communication; Recreation and culture for sport/arts; Housing and community amenities for regional development) with no single dominant destination and no program-level evidence established in this pass to split them reliably.
"
Infrastructure Transport Regional Development Communications Sport and the Arts,Interest receipts,224834,5,85711000,288955000,2024-25;2025-26;2026-27;2027-28,budget;estimated_actual;forward_estimate,,,low,portfolio_ownership,portfolio_default,ambiguous,"Portfolio name itself spans at least three distinct Statement 6 functions (Transport and communication; Recreation and culture for sport/arts; Housing and community amenities for regional development) with no single dominant destination and no program-level evidence established in this pass to split them reliably.
"
Infrastructure Transport Regional Development Communications Sport and the Arts,Funded by capital appropriation - ACB(b),224836,5,9362000,73951000,2024-25;2025-26;2026-27;2027-28,budget;estimated_actual;forward_estimate,,,low,portfolio_ownership,portfolio_default,ambiguous,"Portfolio name itself spans at least three distinct Statement 6 functions (Transport and communication; Recreation and culture for sport/arts; Housing and community amenities for regional development) with no single dominant destination and no program-level evidence established in this pass to split them reliably.
"
Infrastructure Transport Regional Development Communications Sport and the Arts,"Investments (91,081) (1,944)",224842,3,1964000,5449000,2025-26;2026-27;2027-28,forward_estimate,,,low,portfolio_ownership,portfolio_default,ambiguous,"Portfolio name itself spans at least three distinct Statement 6 functions (Transport and communication; Recreation and culture for sport/arts; Housing and community amenities for regional development) with no single dominant destination and no program-level evidence established in this pass to split them reliably.
"
Infrastructure Transport Regional Development Communications Sport and the Arts,Online Safety 1.3 Departmental payments - 609 782 - - Total - 609 782 - - Total payment measures Departmental -,224849,4,650000,5265000,2024-25;2025-26;2026-27;2027-28,budget;forward_estimate,,,low,portfolio_ownership,portfolio_default,ambiguous,"Portfolio name itself spans at least three distinct Statement 6 functions (Transport and communication; Recreation and culture for sport/arts; Housing and community amenities for regional development) with no single dominant destination and no program-level evidence established in this pass to split them reliably.
"
Infrastructure Transport Regional Development Communications Sport and the Arts,"Adjusted opening balance (105,497)",224853,3,2926000,184092000,2025-26;2026-27;2027-28,forward_estimate,,,low,portfolio_ownership,portfolio_default,ambiguous,"Portfolio name itself spans at least three distinct Statement 6 functions (Transport and communication; Recreation and culture for sport/arts; Housing and community amenities for regional development) with no single dominant destination and no program-level evidence established in this pass to split them reliably.
"
Infrastructure Transport Regional Development Communications Sport and the Arts,Trade and other receivables(a),224864,5,28709000,290728000,2024-25;2025-26;2026-27;2027-28,budget;estimated_actual;forward_estimate,,,low,portfolio_ownership,portfolio_default,ambiguous,"Portfolio name itself spans at least three distinct Statement 6 functions (Transport and communication; Recreation and culture for sport/arts; Housing and community amenities for regional development) with no single dominant destination and no program-level evidence established in this pass to split them reliably.
"
Infrastructure Transport Regional Development Communications Sport and the Arts,Cash from Official Public Account for: - Appropriations(c),224869,5,300000,6820000,2024-25;2025-26;2026-27;2027-28,budget;estimated_actual;forward_estimate,,,low,portfolio_ownership,portfolio_default,ambiguous,"Portfolio name itself spans at least three distinct Statement 6 functions (Transport and communication; Recreation and culture for sport/arts; Housing and community amenities for regional development) with no single dominant destination and no program-level evidence established in this pass to split them reliably.
"
Infrastructure Transport Regional Development Communications Sport and the Arts,Contributions from states and territories,224879,5,1484000,1484000,2024-25;2025-26;2026-27;2027-28,budget;estimated_actual;forward_estimate,,,low,portfolio_ownership,portfolio_default,ambiguous,"Portfolio name itself spans at least three distinct Statement 6 functions (Transport and communication; Recreation and culture for sport/arts; Housing and community amenities for regional development) with no single dominant destination and no program-level evidence established in this pass to split them reliably.
"
Infrastructure Transport Regional Development Communications Sport and the Arts,"Surplus/(deficit) attributable to the Australian Government (2,791) (15,602)",224881,3,17000,1838000,2025-26;2026-27;2027-28,forward_estimate,,,low,portfolio_ownership,portfolio_default,ambiguous,"Portfolio name itself spans at least three distinct Statement 6 functions (Transport and communication; Recreation and culture for sport/arts; Housing and community amenities for regional development) with no single dominant destination and no program-level evidence established in this pass to split them reliably.
"
Infrastructure Transport Regional Development Communications Sport and the Arts,Borrowing costs,224885,5,963000,2808000,2024-25;2025-26;2026-27;2027-28,budget;estimated_actual;forward_estimate,,,low,portfolio_ownership,portfolio_default,ambiguous,"Portfolio name itself spans at least three distinct Statement 6 functions (Transport and communication; Recreation and culture for sport/arts; Housing and community amenities for regional development) with no single dominant destination and no program-level evidence established in this pass to split them reliably.
"
Infrastructure Transport Regional Development Communications Sport and the Arts,Net GST paid - -,224886,3,30000,88000,2025-26;2026-27;2027-28,forward_estimate,,,low,portfolio_ownership,portfolio_default,ambiguous,"Portfolio name itself spans at least three distinct Statement 6 functions (Transport and communication; Recreation and culture for sport/arts; Housing and community amenities for regional development) with no single dominant destination and no program-level evidence established in this pass to split them reliably.
"
Infrastructure Transport Regional Development Communications Sport and the Arts,Adjusted opening balance (283),224909,3,1146000,8333000,2025-26;2026-27;2027-28,forward_estimate,,,low,portfolio_ownership,portfolio_default,ambiguous,"Portfolio name itself spans at least three distinct Statement 6 functions (Transport and communication; Recreation and culture for sport/arts; Housing and community amenities for regional development) with no single dominant destination and no program-level evidence established in this pass to split them reliably.
"
Infrastructure Transport Regional Development Communications Sport and the Arts,Contributions by owners Departmental Capital Budget (DCB) - - 627 627 Sub-total transactions with owners - - 627 627 Estimated closing balance as at 30 June 202,224910,3,1146000,8162000,2025-26;2026-27;2027-28,forward_estimate,,,low,portfolio_ownership,portfolio_default,ambiguous,"Portfolio name itself spans at least three distinct Statement 6 functions (Transport and communication; Recreation and culture for sport/arts; Housing and community amenities for regional development) with no single dominant destination and no program-level evidence established in this pass to split them reliably.
"
Infrastructure Transport Regional Development Communications Sport and the Arts,"By purchase – appropriation ordinary annual services(a) - 25 25 By purchase - appropriation ordinary annual services - ROU assets 4,850 - 4,850 Total additions",224942,2,25000,4875000,2023-24;2024-25,budget,,,low,portfolio_ownership,portfolio_default,ambiguous,"Portfolio name itself spans at least three distinct Statement 6 functions (Transport and communication; Recreation and culture for sport/arts; Housing and community amenities for regional development) with no single dominant destination and no program-level evidence established in this pass to split them reliably.
"
Infrastructure Transport Regional Development Communications Sport and the Arts,"Adjusted opening balance (12,041)",224965,2,20753000,21611000,2023-24;2024-25,budget,,,low,portfolio_ownership,portfolio_default,ambiguous,"Portfolio name itself spans at least three distinct Statement 6 functions (Transport and communication; Recreation and culture for sport/arts; Housing and community amenities for regional development) with no single dominant destination and no program-level evidence established in this pass to split them reliably.
"
Infrastructure Transport Regional Development Communications Sport and the Arts,Contributions by owners Departmental Capital Budget (DCB) - - 719 719 Sub-total transactions with owners - - 719 719 Estimated closing balance as at 30 June 202,224966,2,20600000,22330000,2023-24;2024-25,budget,,,low,portfolio_ownership,portfolio_default,ambiguous,"Portfolio name itself spans at least three distinct Statement 6 functions (Transport and communication; Recreation and culture for sport/arts; Housing and community amenities for regional development) with no single dominant destination and no program-level evidence established in this pass to split them reliably.
"
Infrastructure Transport Regional Development Communications Sport and the Arts,"Adjusted opening balance (54,140)",225066,3,50342000,124673000,2024-25;2025-26;2026-27,budget,,,low,portfolio_ownership,portfolio_default,ambiguous,"Portfolio name itself spans at least three distinct Statement 6 functions (Transport and communication; Recreation and culture for sport/arts; Housing and community amenities for regional development) with no single dominant destination and no program-level evidence established in this pass to split them reliably.
"
Infrastructure Transport Regional Development Communications Sport and the Arts,"Cash used Principal payments on lease liability (2,926)",225071,4,272000,310000,2023-24;2024-25;2025-26;2026-27,budget,,,low,portfolio_ownership,portfolio_default,ambiguous,"Portfolio name itself spans at least three distinct Statement 6 functions (Transport and communication; Recreation and culture for sport/arts; Housing and community amenities for regional development) with no single dominant destination and no program-level evidence established in this pass to split them reliably.
"
Treasury,Depreciation and amortisation (a),225104,7,465000,10695000,2023-24;2024-25;2025-26;2026-27;2027-28;2028-29;2029-30,budget,General public services,related_breakdown,medium,portfolio_ownership,portfolio_default,mapped,
Treasury,Trade and other receivables,225111,7,4162000,37945000,2023-24;2024-25;2025-26;2026-27;2027-28;2028-29;2029-30,budget,General public services,related_breakdown,medium,portfolio_ownership,portfolio_default,mapped,
Treasury,Provisions Employee provisions,225119,7,7553000,10504000,2023-24;2024-25;2025-26;2026-27;2027-28;2028-29;2029-30,budget,General public services,related_breakdown,medium,portfolio_ownership,portfolio_default,mapped,
Treasury,Other provisions,225120,7,153000,2579000,2023-24;2024-25;2025-26;2026-27;2027-28;2028-29;2029-30,budget,General public services,related_breakdown,medium,portfolio_ownership,portfolio_default,mapped,
Treasury,"Adjusted opening balance (114,854)",225125,3,18327000,131155000,2026-27;2027-28;2028-29,budget,General public services,related_breakdown,medium,portfolio_ownership,portfolio_default,mapped,
Treasury,Cash used Employees,225129,7,3843000,2730212000,2023-24;2024-25;2025-26;2026-27;2027-28;2028-29;2029-30,budget,General public services,related_breakdown,medium,portfolio_ownership,portfolio_default,mapped,
Treasury,Interest payments on lease liability,225130,7,121000,32378000,2023-24;2024-25;2025-26;2026-27;2027-28;2028-29;2029-30,budget,General public services,related_breakdown,medium,portfolio_ownership,portfolio_default,mapped,
Treasury,Cash used Principal payments on lease liability,225134,7,417000,2522000,2023-24;2024-25;2025-26;2026-27;2027-28;2028-29;2029-30,budget,General public services,related_breakdown,medium,portfolio_ownership,portfolio_default,mapped,
Treasury,Cash and cash equivalents at the end of the reporting period,225136,7,412000,121747000,2023-24;2024-25;2025-26;2026-27;2027-28;2028-29;2029-30,budget,General public services,related_breakdown,medium,portfolio_ownership,portfolio_default,mapped,
Treasury,Medicare Guarantee Fund transfers,225144,7,47540157000,63875310000,2023-24;2024-25;2025-26;2026-27;2027-28;2028-29;2029-30,budget,General public services,related_breakdown,medium,portfolio_ownership,portfolio_default,mapped,
Treasury,Payments to corporate entities (a),225145,6,337166000,714532000,2024-25;2025-26;2026-27;2027-28;2028-29;2029-30,budget,General public services,related_breakdown,medium,portfolio_ownership,portfolio_default,mapped,
Treasury,Fees and fines,225149,7,272406000,487512000,2023-24;2024-25;2025-26;2026-27;2027-28;2028-29;2029-30,budget,General public services,related_breakdown,medium,portfolio_ownership,portfolio_default,mapped,
Treasury,Transfers from other government agencies,225151,7,104225000,2276157000,2023-24;2024-25;2025-26;2026-27;2027-28;2028-29;2029-30,budget,General public services,related_breakdown,medium,portfolio_ownership,portfolio_default,mapped,
Treasury,Other investments,225153,7,120000000,2125629000,2023-24;2024-25;2025-26;2026-27;2027-28;2028-29;2029-30,budget,General public services,related_breakdown,medium,portfolio_ownership,portfolio_default,mapped,
Treasury,GST received,225158,7,1811579000,2454365000,2023-24;2024-25;2025-26;2026-27;2027-28;2028-29;2029-30,budget,General public services,related_breakdown,medium,portfolio_ownership,portfolio_default,mapped,
Treasury,Transfer receipts from government agencies,225159,7,104225000,2276157000,2023-24;2024-25;2025-26;2026-27;2027-28;2028-29;2029-30,budget,General public services,related_breakdown,medium,portfolio_ownership,portfolio_default,mapped,
Treasury,Pass-through receipts from government agencies (a),225160,7,29337618000,39276939000,2023-24;2024-25;2025-26;2026-27;2027-28;2028-29;2029-30,budget,General public services,related_breakdown,medium,portfolio_ownership,portfolio_default,mapped,
Treasury,Other operating receipts,225162,7,94522000,101615000,2023-24;2024-25;2025-26;2026-27;2027-28;2028-29;2029-30,budget,General public services,related_breakdown,medium,portfolio_ownership,portfolio_default,mapped,
Treasury,Cash used Grants paid,225163,7,176571115000,234703199000,2023-24;2024-25;2025-26;2026-27;2027-28;2028-29;2029-30,budget,General public services,related_breakdown,medium,portfolio_ownership,portfolio_default,mapped,
Treasury,Borrowing costs,225164,7,12113000,19611000,2023-24;2024-25;2025-26;2026-27;2027-28;2028-29;2029-30,budget,General public services,related_breakdown,medium,portfolio_ownership,portfolio_default,mapped,
Treasury,Payments to corporate entities within the Portfolio,225165,7,94467000,745155000,2023-24;2024-25;2025-26;2026-27;2027-28;2028-29;2029-30,budget,General public services,related_breakdown,medium,portfolio_ownership,portfolio_default,mapped,
Treasury,Other operating payments,225166,7,46924000,121261000,2023-24;2024-25;2025-26;2026-27;2027-28;2028-29;2029-30,budget,General public services,related_breakdown,medium,portfolio_ownership,portfolio_default,mapped,
Treasury,Cash used Advances and loans made,225169,7,291279000,2841896000,2023-24;2024-25;2025-26;2026-27;2027-28;2028-29;2029-30,budget,General public services,related_breakdown,medium,portfolio_ownership,portfolio_default,mapped,
Treasury,Cash from Official Public Account for: - Appropriations,225171,7,238719000,20473726000,2023-24;2024-25;2025-26;2026-27;2027-28;2028-29;2029-30,budget,General public services,related_breakdown,medium,portfolio_ownership,portfolio_default,mapped,
Treasury,National Housing Accord - Concessional loans,225175,5,21600000,130100000,2024-25;2025-26;2026-27;2027-28;2028-29,budget,General public services,related_breakdown,medium,portfolio_ownership,portfolio_default,mapped,
Treasury,Sublease income,225176,7,322000,19312000,2023-24;2024-25;2025-26;2026-27;2027-28;2028-29;2029-30,budget,General public services,related_breakdown,medium,portfolio_ownership,portfolio_default,mapped,
Treasury,"Adjusted opening balance (507,829)",225179,3,7135000,477963000,2026-27;2027-28;2028-29,budget,General public services,related_breakdown,medium,portfolio_ownership,portfolio_default,mapped,
Treasury,Net GST received,225182,7,162000,14928000,2023-24;2024-25;2025-26;2026-27;2027-28;2028-29;2029-30,budget,General public services,related_breakdown,medium,portfolio_ownership,portfolio_default,mapped,
Treasury,Sublease interest income,225192,6,29000,39000,2023-24;2024-25;2025-26;2026-27;2027-28;2028-29,budget,General public services,related_breakdown,medium,portfolio_ownership,portfolio_default,mapped,
Treasury,Gains Other,225193,7,115000,134116000,2023-24;2024-25;2025-26;2026-27;2027-28;2028-29;2029-30,budget,General public services,related_breakdown,medium,portfolio_ownership,portfolio_default,mapped,
Treasury,"Adjusted opening balance (227,855)",225196,3,3738000,339709000,2026-27;2027-28;2028-29,budget,General public services,related_breakdown,medium,portfolio_ownership,portfolio_default,mapped,
Treasury,Net GST paid,225199,7,162000,18406000,2023-24;2024-25;2025-26;2026-27;2027-28;2028-29;2029-30,budget,General public services,related_breakdown,medium,portfolio_ownership,portfolio_default,mapped,
Treasury,Other Items,225204,7,500000,14300000,2023-24;2024-25;2025-26;2026-27;2027-28;2028-29;2029-30,budget,General public services,related_breakdown,medium,portfolio_ownership,portfolio_default,mapped,
Treasury,Funded by capital appropriation - DCB (b),225206,7,32000,12561000,2023-24;2024-25;2025-26;2026-27;2027-28;2028-29;2029-30,budget,General public services,related_breakdown,medium,portfolio_ownership,portfolio_default,mapped,
Treasury,Retained surplus (accumulated deficit),225218,7,9338000,114336000,2023-24;2024-25;2025-26;2026-27;2027-28;2028-29;2029-30,budget,General public services,related_breakdown,medium,portfolio_ownership,portfolio_default,mapped,
Treasury,Cash and cash equivalents at the beginning of the reporting period,225221,7,69000,441000,2023-24;2024-25;2025-26;2026-27;2027-28;2028-29;2029-30,budget,General public services,related_breakdown,medium,portfolio_ownership,portfolio_default,mapped,
Treasury,Finance costs (a),225226,6,22615809000,41705301000,2023-24;2024-25;2025-26;2026-27;2027-28;2028-29,budget,General public services,related_breakdown,medium,portfolio_ownership,portfolio_default,mapped,
Treasury,Loans to state and territory governments,225229,7,656528000,1169843000,2023-24;2024-25;2025-26;2026-27;2027-28;2028-29;2029-30,budget,General public services,related_breakdown,medium,portfolio_ownership,portfolio_default,mapped,
Treasury,Structured finance securities,225230,7,215997000,1074761000,2023-24;2024-25;2025-26;2026-27;2027-28;2028-29;2029-30,budget,General public services,related_breakdown,medium,portfolio_ownership,portfolio_default,mapped,
Treasury,Accrued interest on cash management account,225231,7,116488000,195251000,2023-24;2024-25;2025-26;2026-27;2027-28;2028-29;2029-30,budget,General public services,related_breakdown,medium,portfolio_ownership,portfolio_default,mapped,
Treasury,Other receivables,225232,7,150000,150000,2023-24;2024-25;2025-26;2026-27;2027-28;2028-29;2029-30,budget,General public services,related_breakdown,medium,portfolio_ownership,portfolio_default,mapped,
Treasury,Treasury Indexed Bonds,225234,7,53056251000,63540497000,2023-24;2024-25;2025-26;2026-27;2027-28;2028-29;2029-30,budget,General public services,related_breakdown,medium,portfolio_ownership,portfolio_default,mapped,
Treasury,Treasury Notes,225235,7,24968809000,70946594000,2023-24;2024-25;2025-26;2026-27;2027-28;2028-29;2029-30,budget,General public services,related_breakdown,medium,portfolio_ownership,portfolio_default,mapped,
Treasury,Other government securities,225236,7,5247000,5280000,2023-24;2024-25;2025-26;2026-27;2027-28;2028-29;2029-30,budget,General public services,related_breakdown,medium,portfolio_ownership,portfolio_default,mapped,
Treasury,Provisions Other provisions,225237,7,398000,581000,2023-24;2024-25;2025-26;2026-27;2027-28;2028-29;2029-30,budget,General public services,related_breakdown,medium,portfolio_ownership,portfolio_default,mapped,
Treasury,Cash used Grant,225238,7,7000,5288000,2023-24;2024-25;2025-26;2026-27;2027-28;2028-29;2029-30,budget,General public services,related_breakdown,medium,portfolio_ownership,portfolio_default,mapped,
Treasury,Cash used Structured finance securities,225240,7,173721000,593000000,2023-24;2024-25;2025-26;2026-27;2027-28;2028-29;2029-30,budget,General public services,related_breakdown,medium,portfolio_ownership,portfolio_default,mapped,
Treasury,Cash used Net repayments of borrowing,225241,6,156386806000,867976066000,2023-24;2024-25;2025-26;2026-27;2027-28;2028-29,budget,General public services,related_breakdown,medium,portfolio_ownership,portfolio_default,mapped,
Treasury,Cash at beginning of reporting period,225243,6,49297672000,82207867000,2023-24;2024-25;2025-26;2026-27;2027-28;2028-29,budget,General public services,related_breakdown,medium,portfolio_ownership,portfolio_default,mapped,
Treasury,Payment measures Superannuation in Retirement 1.1 Departmental payments,225247,5,250000,2525000,2024-25;2025-26;2026-27;2027-28;2028-29,budget,General public services,related_breakdown,medium,portfolio_ownership,portfolio_default,mapped,
Treasury,Adjusted opening balance,225253,6,1827000,215646000,2024-25;2025-26;2026-27;2027-28;2028-29;2029-30,budget,General public services,related_breakdown,medium,portfolio_ownership,portfolio_default,mapped,
Treasury,Risk equalisation distributions,225264,7,400000000,430000000,2023-24;2024-25;2025-26;2026-27;2027-28;2028-29;2029-30,budget,General public services,related_breakdown,medium,portfolio_ownership,portfolio_default,mapped,
Treasury,Risk equalisation receipts,225266,6,400000000,430000000,2023-24;2024-25;2025-26;2026-27;2027-28;2028-29,budget,General public services,related_breakdown,medium,portfolio_ownership,portfolio_default,mapped,
Treasury,Surplus/(deficit),225268,5,282586000,288796000,2024-25;2025-26;2026-27;2027-28;2028-29,budget,General public services,related_breakdown,medium,portfolio_ownership,portfolio_default,mapped,
Treasury,Risk equalisation levy collections,225270,7,400000000,430000000,2023-24;2024-25;2025-26;2026-27;2027-28;2028-29;2029-30,budget,General public services,related_breakdown,medium,portfolio_ownership,portfolio_default,mapped,
Treasury,Cash used Borrowing costs,225271,7,55000,55000,2023-24;2024-25;2025-26;2026-27;2027-28;2028-29;2029-30,budget,General public services,related_breakdown,medium,portfolio_ownership,portfolio_default,mapped,
Treasury,Risk equalisation levy payments,225272,7,400000000,430000000,2023-24;2024-25;2025-26;2026-27;2027-28;2028-29;2029-30,budget,General public services,related_breakdown,medium,portfolio_ownership,portfolio_default,mapped,
Treasury,"Adjusted opening balance (462,919)",225279,3,25925000,554473000,2026-27;2027-28;2028-29,budget,General public services,related_breakdown,medium,portfolio_ownership,portfolio_default,mapped,
Treasury,"By purchase - appropriation ordinary annual services - ROU assets 16,322 - - 16,322 Total additions",225288,4,2070000,20766000,2025-26;2026-27;2027-28;2028-29,budget,General public services,related_breakdown,medium,portfolio_ownership,portfolio_default,mapped,
Treasury,Finance costs - claims for unclaimed money,225291,6,12211000,19611000,2024-25;2025-26;2026-27;2027-28;2028-29;2029-30,budget,General public services,related_breakdown,medium,portfolio_ownership,portfolio_default,mapped,
Treasury,Claims for unclaimed money,225293,6,207077000,256907000,2024-25;2025-26;2026-27;2027-28;2028-29;2029-30,budget,General public services,related_breakdown,medium,portfolio_ownership,portfolio_default,mapped,
Treasury,Compensation scheme of last resort (CSLR),225295,6,24277000,105797000,2024-25;2025-26;2026-27;2027-28;2028-29;2029-30,budget,General public services,related_breakdown,medium,portfolio_ownership,portfolio_default,mapped,
Treasury,Supervisory cost recovery levies,225296,7,67729000,79747000,2023-24;2024-25;2025-26;2026-27;2027-28;2028-29;2029-30,budget,General public services,related_breakdown,medium,portfolio_ownership,portfolio_default,mapped,
Treasury,Unclaimed money lodgements,225298,6,401169000,487379000,2024-25;2025-26;2026-27;2027-28;2028-29;2029-30,budget,General public services,related_breakdown,medium,portfolio_ownership,portfolio_default,mapped,
Treasury,CSLR receivables - taxation,225299,7,1968000,127917000,2023-24;2024-25;2025-26;2026-27;2027-28;2028-29;2029-30,budget,General public services,related_breakdown,medium,portfolio_ownership,portfolio_default,mapped,
Treasury,Supervisory cost recovery levies receivable - taxation,225300,6,70801000,88198000,2024-25;2025-26;2026-27;2027-28;2028-29;2029-30,budget,General public services,related_breakdown,medium,portfolio_ownership,portfolio_default,mapped,
Treasury,Supervisory cost recovery levies receivable - non-taxation,225301,6,314647000,336872000,2024-25;2025-26;2026-27;2027-28;2028-29;2029-30,budget,General public services,related_breakdown,medium,portfolio_ownership,portfolio_default,mapped,
Treasury,Fees and fines receivable - taxation,225302,6,130579000,294497000,2024-25;2025-26;2026-27;2027-28;2028-29;2029-30,budget,General public services,related_breakdown,medium,portfolio_ownership,portfolio_default,mapped,
Treasury,Fees and fines receivable - non-taxation,225303,5,65593000,65616000,2024-25;2025-26;2026-27;2027-28;2028-29,budget,General public services,related_breakdown,medium,portfolio_ownership,portfolio_default,mapped,
Treasury,Provisions Unclaimed money provisions,225304,6,656755000,930849000,2024-25;2025-26;2026-27;2027-28;2028-29;2029-30,budget,General public services,related_breakdown,medium,portfolio_ownership,portfolio_default,mapped,
Treasury,Cash and cash equivalents at beginning of reporting period,225305,7,1605000,532372000,2023-24;2024-25;2025-26;2026-27;2027-28;2028-29;2029-30,budget,General public services,related_breakdown,medium,portfolio_ownership,portfolio_default,mapped,
Treasury,"Departmental payments 1.2 - - - - 1,569 Total -",225312,4,57841000,805633000,2025-26;2026-27;2027-28;2028-29,budget,General public services,related_breakdown,medium,portfolio_ownership,portfolio_default,mapped,
Treasury,"Adjusted opening balance (2,606,994)",225317,3,154480000,2643747000,2026-27;2027-28;2028-29,budget,General public services,related_breakdown,medium,portfolio_ownership,portfolio_default,mapped,
Treasury,"By purchase - appropriation ordinary annual services - ROU assets 206,890 - - 206,890 Total additions",225326,4,52405000,429030000,2025-26;2026-27;2027-28;2028-29,budget,General public services,related_breakdown,medium,portfolio_ownership,portfolio_default,mapped,
Treasury,Penalty and interest charge remission expense,225329,6,1420000000,1610000000,2023-24;2024-25;2025-26;2026-27;2027-28;2028-29,budget,General public services,related_breakdown,medium,portfolio_ownership,portfolio_default,mapped,
Treasury,Interest on overpayments,225330,6,260000000,365000000,2023-24;2024-25;2025-26;2026-27;2027-28;2028-29,budget,General public services,related_breakdown,medium,portfolio_ownership,portfolio_default,mapped,
Treasury,Superannuation Guarantee Charge,225331,6,1040230000,1290000000,2023-24;2024-25;2025-26;2026-27;2027-28;2028-29,budget,General public services,related_breakdown,medium,portfolio_ownership,portfolio_default,mapped,
Treasury,Unclaimed superannuation monies interest,225332,6,13000000,65531000,2023-24;2024-25;2025-26;2026-27;2027-28;2028-29,budget,General public services,related_breakdown,medium,portfolio_ownership,portfolio_default,mapped,
Treasury,Indirect tax,225334,6,122580000000,155250000000,2023-24;2024-25;2025-26;2026-27;2027-28;2028-29,budget,General public services,related_breakdown,medium,portfolio_ownership,portfolio_default,mapped,
Treasury,Other taxes,225335,6,4390132000,4962868000,2023-24;2024-25;2025-26;2026-27;2027-28;2028-29,budget,General public services,related_breakdown,medium,portfolio_ownership,portfolio_default,mapped,
Treasury,Other Receivables,225338,6,364229000,406179000,2023-24;2024-25;2025-26;2026-27;2027-28;2028-29,budget,General public services,related_breakdown,medium,portfolio_ownership,portfolio_default,mapped,
Treasury,Accrued Revenues,225339,6,17667113000,24866477000,2023-24;2024-25;2025-26;2026-27;2027-28;2028-29,budget,General public services,related_breakdown,medium,portfolio_ownership,portfolio_default,mapped,
Treasury,Superannuation guarantee charge,225341,6,88953000,106444000,2023-24;2024-25;2025-26;2026-27;2027-28;2028-29,budget,General public services,related_breakdown,medium,portfolio_ownership,portfolio_default,mapped,
Treasury,Taxation refunds due,225342,6,2120603000,2175493000,2023-24;2024-25;2025-26;2026-27;2027-28;2028-29,budget,General public services,related_breakdown,medium,portfolio_ownership,portfolio_default,mapped,
Treasury,Superannuation holding account,225343,6,86515000,102994000,2023-24;2024-25;2025-26;2026-27;2027-28;2028-29,budget,General public services,related_breakdown,medium,portfolio_ownership,portfolio_default,mapped,
Treasury,Income Taxation refunds provided for,225345,6,2155539000,2238324000,2023-24;2024-25;2025-26;2026-27;2027-28;2028-29,budget,General public services,related_breakdown,medium,portfolio_ownership,portfolio_default,mapped,
Treasury,Indirect Taxation refunds provided for,225346,6,6347000,18335000,2023-24;2024-25;2025-26;2026-27;2027-28;2028-29,budget,General public services,related_breakdown,medium,portfolio_ownership,portfolio_default,mapped,
Treasury,Superannuation guarantee payments,225347,6,407415000,514920000,2023-24;2024-25;2025-26;2026-27;2027-28;2028-29,budget,General public services,related_breakdown,medium,portfolio_ownership,portfolio_default,mapped,
Treasury,Unclaimed superannuation payments,225348,6,519904000,818200000,2023-24;2024-25;2025-26;2026-27;2027-28;2028-29,budget,General public services,related_breakdown,medium,portfolio_ownership,portfolio_default,mapped,
Treasury,Interest on Unclaimed Superannuation Accounts Paid,225349,6,30470000,76219000,2023-24;2024-25;2025-26;2026-27;2027-28;2028-29,budget,General public services,related_breakdown,medium,portfolio_ownership,portfolio_default,mapped,
Treasury,Provision for interest on overpayments of taxes,225350,6,114219000,138151000,2023-24;2024-25;2025-26;2026-27;2027-28;2028-29,budget,General public services,related_breakdown,medium,portfolio_ownership,portfolio_default,mapped,
Treasury,Cash used Subsidies paid,225351,6,14805065000,20061676000,2023-24;2024-25;2025-26;2026-27;2027-28;2028-29,budget,General public services,related_breakdown,medium,portfolio_ownership,portfolio_default,mapped,
Treasury,Contributions by owners Departmental Capital Budget (DCB) - - 283 283 Sub-total transactions with owners - - 283 283 Estimated closing balance as at 30 June,225355,5,200000,11200000,2024-25;2025-26;2026-27;2027-28;2028-29,budget,General public services,related_breakdown,medium,portfolio_ownership,portfolio_default,mapped,
Treasury,"Cash received Proceeds from sales of financial instruments - - 622,215 228,210 - Repayment of advances and loans",225371,5,36229000,196649000,2024-25;2025-26;2026-27;2027-28;2028-29,budget,General public services,related_breakdown,medium,portfolio_ownership,portfolio_default,mapped,
Treasury,Transactions with owners Contributions by owners Departmental Capital Budget (DCB) - 26 26 Sub-total transactions with owners - 26 26 Estimated closing balance ,225391,5,452000,2445000,2025-26;2026-27;2027-28;2028-29;2029-30,budget,General public services,related_breakdown,medium,portfolio_ownership,portfolio_default,mapped,
Treasury,Transactions with owners Contributions by owners Departmental Capital Budget (DCB) - 56 56 Sub-total transactions with owners - 56 56 Estimated closing balance ,225399,4,62000,2026000,2025-26;2026-27;2027-28;2028-29,budget,General public services,related_breakdown,medium,portfolio_ownership,portfolio_default,mapped,
Treasury,Departmental Capital Budget (DCB) - - 887 887 Sub-total transactions with owners - - 887 887 Estimated closing balance as at 30 June,225409,5,1827000,29329000,2024-25;2025-26;2026-27;2027-28;2028-29,budget,General public services,related_breakdown,medium,portfolio_ownership,portfolio_default,mapped,
Treasury,Rental income,225416,6,224000,328000,2024-25;2025-26;2026-27;2027-28;2028-29;2029-30,budget,General public services,related_breakdown,medium,portfolio_ownership,portfolio_default,mapped,
Treasury,Notional Income tax expense,225417,5,667000,6762000,2024-25;2025-26;2026-27;2027-28;2028-29,budget,General public services,related_breakdown,medium,portfolio_ownership,portfolio_default,mapped,
Treasury,Surplus/(deficit) attributable to the Australian Government,225418,6,5388000,14352000,2024-25;2025-26;2026-27;2027-28;2028-29;2029-30,budget,General public services,related_breakdown,medium,portfolio_ownership,portfolio_default,mapped,
Treasury,"Other non-financial assets (2,988)",225421,4,1012000,1012000,2025-26;2026-27;2027-28;2028-29,budget,General public services,related_breakdown,medium,portfolio_ownership,portfolio_default,mapped,
Treasury,"Net GST received - 6,237 3,731 - - Other",225423,5,110000,110000,2024-25;2025-26;2026-27;2027-28;2028-29,budget,General public services,related_breakdown,medium,portfolio_ownership,portfolio_default,mapped,
Employment and Workplace Relations,Trades Recognition Australia,225444,8,68998000,89311000,2024-25;2025-26;2026-27;2027-28;2028-29,budget;estimated_actual;forward_estimate,Social security and welfare / Assistance to the unemployed and the sick,related_breakdown,medium,portfolio_ownership,portfolio_default,mapped,
Employment and Workplace Relations,VET Data Streamlining,225449,8,7093000,20381000,2024-25;2025-26;2026-27;2027-28;2028-29,budget;estimated_actual;forward_estimate,Social security and welfare / Assistance to the unemployed and the sick,related_breakdown,medium,portfolio_ownership,portfolio_default,mapped,
Employment and Workplace Relations,Jobs and Skills Councils,225450,5,110728000,119127000,2025-26;2026-27;2027-28;2028-29,budget;estimated_actual;forward_estimate,Social security and welfare / Assistance to the unemployed and the sick,related_breakdown,medium,portfolio_ownership,portfolio_default,mapped,
Employment and Workplace Relations,"Productivity, Education and Training Fund",225457,5,1688000,19188000,2025-26;2026-27;2027-28;2028-29,budget;estimated_actual;forward_estimate,Social security and welfare / Assistance to the unemployed and the sick,related_breakdown,medium,portfolio_ownership,portfolio_default,mapped,
Employment and Workplace Relations,Safe Work Australia member grants,225458,5,1125000,1725000,2025-26;2026-27;2027-28;2028-29,budget;estimated_actual;forward_estimate,Social security and welfare / Assistance to the unemployed and the sick,related_breakdown,medium,portfolio_ownership,portfolio_default,mapped,
Employment and Workplace Relations,"Adjusted opening balance (32,552)",225491,2,1592000,22969000,2026-27;2027-30,budget,Social security and welfare / Assistance to the unemployed and the sick,related_breakdown,medium,portfolio_ownership,portfolio_default,mapped,
Employment and Workplace Relations,Cash and cash equivalents at the beginning of the reporting period,225508,10,482000,30452000,2024-25;2025-26;2026-27;2027-28;2028-29;2029-30,budget;estimated_actual;forward_estimate,Social security and welfare / Assistance to the unemployed and the sick,related_breakdown,medium,portfolio_ownership,portfolio_default,mapped,
Employment and Workplace Relations,"By purchase - other - ROU assets 23,051 600 - 23,651 Total additions",225511,4,1748000,34984000,2026-27;2027-28;2028-29;2029-30,budget,Social security and welfare / Assistance to the unemployed and the sick,related_breakdown,medium,portfolio_ownership,portfolio_default,mapped,
Employment and Workplace Relations,Cash used Suppliers - 27 - 27 - Net GST paid 3 3 - 3 - Other,225514,5,168000,189000,2025-26;2026-27;2027-28;2028-29;2029-30,budget,Social security and welfare / Assistance to the unemployed and the sick,related_breakdown,medium,portfolio_ownership,portfolio_default,mapped,
Employment and Workplace Relations,"Adjusted opening balance (53,025)",225519,3,19676000,66779000,2027-28;2028-29;2029-30,budget,Social security and welfare / Assistance to the unemployed and the sick,related_breakdown,medium,portfolio_ownership,portfolio_default,mapped,
Employment and Workplace Relations,"Adjusted opening balance (105,142)",225534,3,5968000,205523000,2027-28;2028-29;2029-30,budget,Social security and welfare / Assistance to the unemployed and the sick,related_breakdown,medium,portfolio_ownership,portfolio_default,mapped,
Employment and Workplace Relations,"By purchase - appropriation ordinary annual services - ROU assets 29,140 - - 29,140 Total additions",225542,4,1344000,36231000,2026-27;2027-28;2028-29;2029-30,budget,Social security and welfare / Assistance to the unemployed and the sick,related_breakdown,medium,portfolio_ownership,portfolio_default,mapped,
Employment and Workplace Relations,Unclaimed monies - lodgements,225546,5,6921000,7083000,2025-26;2026-27;2027-28;2028-29;2029-30,budget,Social security and welfare / Assistance to the unemployed and the sick,related_breakdown,medium,portfolio_ownership,portfolio_default,mapped,
Employment and Workplace Relations,Provisions Unclaimed monies provision,225548,5,4973000,4973000,2025-26;2026-27;2027-28;2028-29;2029-30,budget,Social security and welfare / Assistance to the unemployed and the sick,related_breakdown,medium,portfolio_ownership,portfolio_default,mapped,
Employment and Workplace Relations,Receipts from Government Sale of goods and rendering of services,225551,5,13021000,14552000,2025-26;2026-27;2027-28;2028-29;2029-30,budget,Social security and welfare / Assistance to the unemployed and the sick,related_breakdown,medium,portfolio_ownership,portfolio_default,mapped,
Employment and Workplace Relations,"Net GST received 1,191 Other Total cash received",225552,5,26520000,28779000,2025-26;2026-27;2027-28;2028-29;2029-30,budget,Social security and welfare / Assistance to the unemployed and the sick,related_breakdown,medium,portfolio_ownership,portfolio_default,mapped,
Employment and Workplace Relations,Net GST paid 793 Interest payments on lease liability,225553,5,11000,84000,2025-26;2026-27;2027-28;2028-29;2029-30,budget,Social security and welfare / Assistance to the unemployed and the sick,related_breakdown,medium,portfolio_ownership,portfolio_default,mapped,
Home Affairs,Departmental receipt – – – – – Total –,225557,4,1000000,1000000,2024-25;2025-26;2026-27;2027-28,budget;forward_estimate,Public order and safety,related_breakdown,high,portfolio_ownership,portfolio_default,mapped,
Home Affairs,Departmental payment –,225560,4,165000,246000,2024-25;2025-26;2026-27;2027-28,budget;forward_estimate,Public order and safety,related_breakdown,high,portfolio_ownership,portfolio_default,mapped,
Home Affairs,Buildings,225571,5,338904000,509773000,2023-24;2024-25;2025-26;2026-27;2027-28,budget,Public order and safety,related_breakdown,high,portfolio_ownership,portfolio_default,mapped,
Home Affairs,"Adjustment for changes in accounting policies – – – – Adjusted opening balance (4,014,919)",225574,3,449668000,4261862000,2025-26;2026-27;2027-28,budget,Public order and safety,related_breakdown,high,portfolio_ownership,portfolio_default,mapped,
Home Affairs,Other 61 – – – – Total cash received,225579,5,181419000,271087000,2023-24;2024-25;2025-26;2026-27;2027-28,budget,Public order and safety,related_breakdown,high,portfolio_ownership,portfolio_default,mapped,
Home Affairs,"Funded internally from departmental resources (c) – 22,121 – – – TOTAL",225581,5,181419000,310708000,2023-24;2024-25;2025-26;2026-27;2027-28,budget,Public order and safety,related_breakdown,high,portfolio_ownership,portfolio_default,mapped,
Home Affairs,Interest – – – – – Dividends – – – – – Taxes,225589,5,19403222000,22171440000,2023-24;2024-25;2025-26;2026-27;2027-28,budget,Public order and safety,related_breakdown,high,portfolio_ownership,portfolio_default,mapped,
Home Affairs,Fees – – – – – Fines – – – – – Net GST received,225590,5,118278000,128687000,2023-24;2024-25;2025-26;2026-27;2027-28,budget,Public order and safety,related_breakdown,high,portfolio_ownership,portfolio_default,mapped,
Home Affairs,Advances and loans made – – – – – Total cash used,225592,5,26057000,53015000,2023-24;2024-25;2025-26;2026-27;2027-28,budget,Public order and safety,related_breakdown,high,portfolio_ownership,portfolio_default,mapped,
Home Affairs,Other – – – – – Total cash received,225593,5,26057000,53015000,2023-24;2024-25;2025-26;2026-27;2027-28,budget,Public order and safety,related_breakdown,high,portfolio_ownership,portfolio_default,mapped,
Home Affairs,Other – – – – – Total cash used,225594,5,2700000,2700000,2023-24;2024-25;2025-26;2026-27;2027-28,budget,Public order and safety,related_breakdown,high,portfolio_ownership,portfolio_default,mapped,
Home Affairs,Other Items – – – – – Total items,225596,5,26057000,53015000,2023-24;2024-25;2025-26;2026-27;2027-28,budget,Public order and safety,related_breakdown,high,portfolio_ownership,portfolio_default,mapped,
Home Affairs,From acquisition of entities or operations (including restructuring) – – – – – Total additions –,225599,4,158000,43866000,2024-25;2025-26;2026-27;2027-28,budget,Public order and safety,related_breakdown,high,portfolio_ownership,portfolio_default,mapped,
Home Affairs,Gains – – – – – Total gains,225603,5,165000,170000,2023-24;2024-25;2025-26;2026-27;2027-28,budget,Public order and safety,related_breakdown,high,portfolio_ownership,portfolio_default,mapped,
Home Affairs,Payables Suppliers,225611,5,16390000,16390000,2023-24;2024-25;2025-26;2026-27;2027-28,budget,Public order and safety,related_breakdown,high,portfolio_ownership,portfolio_default,mapped,
Home Affairs,"Equity injections – Bill 2 2,823 791 – – – Total new capital appropriations",225615,5,217000,3034000,2023-24;2024-25;2025-26;2026-27;2027-28,budget,Public order and safety,related_breakdown,high,portfolio_ownership,portfolio_default,mapped,
Home Affairs,"PURCHASE OF NON-FINANCIAL ASSETS Funded by capital appropriations (a) 5,732 2,055 511 – – Funded by capital appropriation – DCB (b)",225616,5,211000,223000,2023-24;2024-25;2025-26;2026-27;2027-28,budget,Public order and safety,related_breakdown,high,portfolio_ownership,portfolio_default,mapped,
Home Affairs,Cash from the OPA for: - Appropriations,225627,5,48182000,338823000,2023-24;2024-25;2025-26;2026-27;2027-28,budget,Public order and safety,related_breakdown,high,portfolio_ownership,portfolio_default,mapped,
Treasury,Electric Car Discount – more sustainable fringe benefits tax treatment of electric cars Administered payments 1.4 - -,225633,3,10000000,150000000,2027-28;2028-29;2029-30,budget,General public services,related_breakdown,medium,portfolio_ownership,portfolio_default,mapped,
Treasury,"Adjusted opening balance (107,101)",225649,3,18335000,134715000,2027-28;2028-29;2029-30,budget,General public services,related_breakdown,medium,portfolio_ownership,portfolio_default,mapped,
Treasury,Concessional loan discount,225659,5,137928000,2255113000,2025-26;2026-27;2027-28;2028-29;2029-30,budget,General public services,related_breakdown,medium,portfolio_ownership,portfolio_default,mapped,
Treasury,"Foreign exchange losses 819,475 406,617 - - 172 Other expenses",225660,5,37610000,60751000,2025-26;2026-27;2027-28;2028-29;2029-30,budget,General public services,related_breakdown,medium,portfolio_ownership,portfolio_default,mapped,
Treasury,Provisions Grants provisions,225662,5,165025000,12713239000,2025-26;2026-27;2027-28;2028-29;2029-30,budget,General public services,related_breakdown,medium,portfolio_ownership,portfolio_default,mapped,
Treasury,"Adjusted opening balance (247,772)",225687,3,6215000,376657000,2027-28;2028-29;2029-30,budget,General public services,related_breakdown,medium,portfolio_ownership,portfolio_default,mapped,
Treasury,Funded by capital appropriation - DCB (c),225694,5,9742000,22048000,2025-26;2026-27;2027-28;2028-29;2029-30,budget,General public services,related_breakdown,medium,portfolio_ownership,portfolio_default,mapped,
Treasury,Funded internally from departmental resources (b),225704,5,4225000,6481000,2025-26;2026-27;2027-28;2028-29;2029-30,budget,General public services,related_breakdown,medium,portfolio_ownership,portfolio_default,mapped,
Treasury,Taxation receivables,225712,5,13826000,13826000,2025-26;2026-27;2027-28;2028-29;2029-30,budget,General public services,related_breakdown,medium,portfolio_ownership,portfolio_default,mapped,
Treasury,Proceeds of Crime and other administered receipts,225713,5,64325000,66751000,2025-26;2026-27;2027-28;2028-29;2029-30,budget,General public services,related_breakdown,medium,portfolio_ownership,portfolio_default,mapped,
Treasury,Cash used Payments,225714,5,68195000,72673000,2025-26;2026-27;2027-28;2028-29;2029-30,budget,General public services,related_breakdown,medium,portfolio_ownership,portfolio_default,mapped,
Treasury,Funded internally from departmental resources (b) - - - 24 24 TOTAL - -,225724,3,70000,96000,2027-28;2028-29;2029-30,budget,General public services,related_breakdown,medium,portfolio_ownership,portfolio_default,mapped,
Treasury,Cash used Net repayment of borrowings,225731,5,243537671000,955986279000,2025-26;2026-27;2027-28;2028-29;2029-30,budget,General public services,related_breakdown,medium,portfolio_ownership,portfolio_default,mapped,
Treasury,Cash and cash equivalents at beginning of reporting period Cash from Official Public Account for: - Risk equalisation collections,225742,5,430000000,430000000,2025-26;2026-27;2027-28;2028-29;2029-30,budget,General public services,related_breakdown,medium,portfolio_ownership,portfolio_default,mapped,
Treasury,"Adjusted opening balance (459,784)",225747,3,30805000,549847000,2027-28;2028-29;2029-30,budget,General public services,related_breakdown,medium,portfolio_ownership,portfolio_default,mapped,
Treasury,Sale of goods and services,225750,5,4780000,5256000,2025-26;2026-27;2027-28;2028-29;2029-30,budget,General public services,related_breakdown,medium,portfolio_ownership,portfolio_default,mapped,
Treasury,CSLR receivables - non-taxation,225763,5,75000,75000,2025-26;2026-27;2027-28;2028-29;2029-30,budget,General public services,related_breakdown,medium,portfolio_ownership,portfolio_default,mapped,
Treasury,"Adjusted opening balance (2,576,706)",225777,3,174616000,2821930000,2026-27;2027-28;2028-29,budget,General public services,related_breakdown,medium,portfolio_ownership,portfolio_default,mapped,
Treasury,Contributions by owners Departmental Capital Budget (DCB) - - 288 288 Sub-total transactions with owners - - 288 288 Estimated closing balance as at 30 June,225791,5,311000,10387000,2025-26;2026-27;2027-28;2028-29;2029-30,budget,General public services,related_breakdown,medium,portfolio_ownership,portfolio_default,mapped,
Treasury,Repayments of advances and loans,225811,5,26634000,86162000,2025-26;2026-27;2027-28;2028-29;2029-30,budget,General public services,related_breakdown,medium,portfolio_ownership,portfolio_default,mapped,
Treasury,Notional income tax expense,225844,5,2217000,6547000,2025-26;2026-27;2027-28;2028-29;2029-30,budget,General public services,related_breakdown,medium,portfolio_ownership,portfolio_default,mapped,
Treasury,Heritage and cultural,225845,5,61634000,64870000,2025-26;2026-27;2027-28;2028-29;2029-30,budget,General public services,related_breakdown,medium,portfolio_ownership,portfolio_default,mapped,
Treasury,Borrowing costs (436),225848,4,376000,376000,2026-27;2027-28;2028-29;2029-30,budget,General public services,related_breakdown,medium,portfolio_ownership,portfolio_default,mapped,
Treasury,Dividends paid,225851,5,1195000,13251000,2025-26;2026-27;2027-28;2028-29;2029-30,budget,General public services,related_breakdown,medium,portfolio_ownership,portfolio_default,mapped,
Treasury,"Departmental (1,636)",225873,4,22442000,62009000,2024-25;2025-26;2026-27;2027-28,budget,General public services,related_breakdown,medium,portfolio_ownership,portfolio_default,mapped,
Treasury,"Adjusted opening balance (101,837)",225877,3,14076000,127618000,2025-26;2026-27;2027-28,budget,General public services,related_breakdown,medium,portfolio_ownership,portfolio_default,mapped,
Treasury,Payments to corporate entities-(a),225885,5,94467000,745155000,2023-24;2024-25;2025-26;2026-27;2027-28,budget,General public services,related_breakdown,medium,portfolio_ownership,portfolio_default,mapped,
Treasury,Cash to Official Public Account for: - Appropriations,225893,5,764083000,3435061000,2023-24;2024-25;2025-26;2026-27;2027-28,budget,General public services,related_breakdown,medium,portfolio_ownership,portfolio_default,mapped,
Treasury,Cash and cash equivalents at end of reporting period,225894,5,274000,919591000,2023-24;2024-25;2025-26;2026-27;2027-28,budget,General public services,related_breakdown,medium,portfolio_ownership,portfolio_default,mapped,
Treasury,"Provided for: National Housing Infrastructure Facility – loans 300,000 - - - - Loans to Housing Australia -",225895,4,394000000,1608000000,2024-25;2025-26;2026-27;2027-28,budget,General public services,related_breakdown,medium,portfolio_ownership,portfolio_default,mapped,
Treasury,"Adjusted opening balance (474,165)",225901,3,13891000,452325000,2025-26;2026-27;2027-28,budget,General public services,related_breakdown,medium,portfolio_ownership,portfolio_default,mapped,
Treasury,"By purchase - appropriation ordinary annual services - ROU assets 18,956 - - 18,956 Total additions",225911,4,4425000,38475000,2024-25;2025-26;2026-27;2027-28,budget,General public services,related_breakdown,medium,portfolio_ownership,portfolio_default,mapped,
Treasury,"Adjusted opening balance (201,629)",225920,3,3738000,299532000,2025-26;2026-27;2027-28,budget,General public services,related_breakdown,medium,portfolio_ownership,portfolio_default,mapped,
Treasury,"RECONCILIATION OF CASH USED TO ACQUIRE ASSETS TO ASSET MOVEMENT TABLE Total purchases 16,528* 54,195*",225950,3,8058000,8071000,2025-26;2026-27;2027-28,budget,General public services,related_breakdown,medium,portfolio_ownership,portfolio_default,mapped,
Treasury,"By purchase - ROU assets 46,000 - - 46,000 Total additions",225952,4,1323000,54195000,2024-25;2025-26;2026-27;2027-28,budget,General public services,related_breakdown,medium,portfolio_ownership,portfolio_default,mapped,
Treasury,Cash from Official Public Account for: - Risk equalisation collections,225958,6,400000000,430000000,2023-24;2024-25;2025-26;2026-27;2027-28;2028-29,budget,General public services,related_breakdown,medium,portfolio_ownership,portfolio_default,mapped,
Treasury,Fighting Scams Administered receipts 1.1 - -,225960,3,2059000,3140000,2025-26;2026-27;2027-28,budget,General public services,related_breakdown,medium,portfolio_ownership,portfolio_default,mapped,
Treasury,Future Made in Australia – Promoting Sustainable Finance Markets (a) Administered receipts 1.1 - -,225961,3,2427000,3012000,2025-26;2026-27;2027-28,budget,General public services,related_breakdown,medium,portfolio_ownership,portfolio_default,mapped,
Treasury,Royalties,225964,5,180000,199000,2023-24;2024-25;2025-26;2026-27;2027-28,budget,General public services,related_breakdown,medium,portfolio_ownership,portfolio_default,mapped,
Treasury,"Adjusted opening balance (436,560)",225968,3,25797000,552334000,2025-26;2026-27;2027-28,budget,General public services,related_breakdown,medium,portfolio_ownership,portfolio_default,mapped,
Treasury,Capital asset additions By purchase - appropriation ordinary annual services (a),225978,4,280000,5679000,2024-25;2025-26;2026-27;2027-28,budget,General public services,related_breakdown,medium,portfolio_ownership,portfolio_default,mapped,
Treasury,"By purchase - appropriation ordinary annual services - ROU assets 2,956 - - 2,956 Total additions",225979,4,2070000,8635000,2024-25;2025-26;2026-27;2027-28,budget,General public services,related_breakdown,medium,portfolio_ownership,portfolio_default,mapped,
Treasury,Interest expense - unclaimed monies,225982,5,12113000,15581000,2023-24;2024-25;2025-26;2026-27;2027-28,budget,General public services,related_breakdown,medium,portfolio_ownership,portfolio_default,mapped,
Treasury,Claims for unclaimed monies,225983,5,185501000,220199000,2023-24;2024-25;2025-26;2026-27;2027-28,budget,General public services,related_breakdown,medium,portfolio_ownership,portfolio_default,mapped,
Treasury,Unclaimed monies lodgements,225986,5,346218000,397189000,2023-24;2024-25;2025-26;2026-27;2027-28,budget,General public services,related_breakdown,medium,portfolio_ownership,portfolio_default,mapped,
Treasury,Supervisory cost recovery levies receivables - taxation,225987,5,67729000,72876000,2023-24;2024-25;2025-26;2026-27;2027-28,budget,General public services,related_breakdown,medium,portfolio_ownership,portfolio_default,mapped,
Treasury,Supervisory cost recovery levies receivables - non-taxation,225988,5,282709000,339084000,2023-24;2024-25;2025-26;2026-27;2027-28,budget,General public services,related_breakdown,medium,portfolio_ownership,portfolio_default,mapped,
Treasury,Fees receivable - taxation,225989,5,210029000,230570000,2023-24;2024-25;2025-26;2026-27;2027-28,budget,General public services,related_breakdown,medium,portfolio_ownership,portfolio_default,mapped,
Treasury,Provisions Unclaimed monies provisions,225990,5,568480000,692912000,2023-24;2024-25;2025-26;2026-27;2027-28,budget,General public services,related_breakdown,medium,portfolio_ownership,portfolio_default,mapped,
Treasury,Taxation levies received,225991,5,1211558000,1299755000,2023-24;2024-25;2025-26;2026-27;2027-28,budget,General public services,related_breakdown,medium,portfolio_ownership,portfolio_default,mapped,
Treasury,Other non-taxation levies and fees,225992,5,475399000,551772000,2023-24;2024-25;2025-26;2026-27;2027-28,budget,General public services,related_breakdown,medium,portfolio_ownership,portfolio_default,mapped,
Treasury,Cash used Grants,225993,5,5012000,5247000,2023-24;2024-25;2025-26;2026-27;2027-28,budget,General public services,related_breakdown,medium,portfolio_ownership,portfolio_default,mapped,
Treasury,Other including Claims for unclaimed monies,225994,5,142364000,172825000,2023-24;2024-25;2025-26;2026-27;2027-28,budget,General public services,related_breakdown,medium,portfolio_ownership,portfolio_default,mapped,
Treasury,Workplace Relations Administered payment 1.11 - -,226000,3,3000,60000,2025-26;2026-27;2027-28,budget,General public services,related_breakdown,medium,portfolio_ownership,portfolio_default,mapped,
Treasury,"Departmental (4,973)",226002,4,161741000,699287000,2024-25;2025-26;2026-27;2027-28,budget,General public services,related_breakdown,medium,portfolio_ownership,portfolio_default,mapped,
Treasury,"Adjusted opening balance (2,355,838)",226007,3,148428000,2488550000,2025-26;2026-27;2027-28,budget,General public services,related_breakdown,medium,portfolio_ownership,portfolio_default,mapped,
Treasury,"Capital asset additions By purchase - appropriation equity (a) - - 32,287 32,287 By purchase - appropriation ordinary annual services (b)",226018,4,23200000,150332000,2024-25;2025-26;2026-27;2027-28,budget,General public services,related_breakdown,medium,portfolio_ownership,portfolio_default,mapped,
Treasury,"By purchase - appropriation ordinary annual services - ROU assets 217,124 - - 217,124 Total additions",226019,4,36070000,399743000,2024-25;2025-26;2026-27;2027-28,budget,General public services,related_breakdown,medium,portfolio_ownership,portfolio_default,mapped,
Treasury,"Non-taxation revenue Unclaimed Superannuation Monies (319,000)",226022,4,112000000,139000000,2024-25;2025-26;2026-27;2027-28,budget,General public services,related_breakdown,medium,portfolio_ownership,portfolio_default,mapped,
Treasury,"Other (25,092)",226024,4,21096000,106747000,2024-25;2025-26;2026-27;2027-28,budget,General public services,related_breakdown,medium,portfolio_ownership,portfolio_default,mapped,
Treasury,Contributions by owners Departmental Capital Budget (DCB) - - 15 15 Sub-total transactions with owners - - 15 15 Estimated closing balance as at 30 June,226028,5,200000,11686000,2023-24;2024-25;2025-26;2026-27;2027-28,budget,General public services,related_breakdown,medium,portfolio_ownership,portfolio_default,mapped,
Treasury,Net GST received 344 Total cash received,226040,5,157516000,802663000,2023-24;2024-25;2025-26;2026-27;2027-28,budget,General public services,related_breakdown,medium,portfolio_ownership,portfolio_default,mapped,
Treasury,"Purchase of financial instruments - - - - 29,999 Total cash used",226045,5,134345000,1321591000,2023-24;2024-25;2025-26;2026-27;2027-28,budget,General public services,related_breakdown,medium,portfolio_ownership,portfolio_default,mapped,
Treasury,Transactions with owners Contributions by owners Departmental Capital Budget (DCB) - 25 25 Sub-total transactions with owners - 25 25 Estimated closing balance ,226065,4,234000,2025000,2024-25;2025-26;2026-27;2027-28,budget,General public services,related_breakdown,medium,portfolio_ownership,portfolio_default,mapped,
Treasury,Accumulated depreciation/ amortisation and impairment - (173) (173) Closing net book balance,226070,3,24000,90000,2025-26;2026-27;2027-28,budget,General public services,related_breakdown,medium,portfolio_ownership,portfolio_default,mapped,
Treasury,Transactions with owners Contributions by owners Departmental Capital Budget (DCB) - 54 54 Sub-total transactions with owners - 54 54 Estimated closing balance ,226076,4,768000,2025000,2024-25;2025-26;2026-27;2027-28,budget,General public services,related_breakdown,medium,portfolio_ownership,portfolio_default,mapped,
Treasury,Contributions by owners Departmental Capital Budget (DCB) - - 876 876 Sub-total transactions with owners - - 876 876 Estimated closing balance as at 30 June,226088,5,1827000,28558000,2023-24;2024-25;2025-26;2026-27;2027-28,budget,General public services,related_breakdown,medium,portfolio_ownership,portfolio_default,mapped,
parliamentary budget office,Grants Depreciation and amortisation (a),226102,5,91000,91000,2024-25;2025-26;2026-27;2027-28,budget;estimated_actual;forward_estimate,,,,,,unmapped,portfolio_not_in_crosswalk
parliamentary budget office,Trade and other receivables,226105,5,4263000,4263000,2024-25;2025-26;2026-27;2027-28,budget;estimated_actual;forward_estimate,,,,,,unmapped,portfolio_not_in_crosswalk
parliamentary budget office,Provisions Employee provisions,226110,5,2276000,2276000,2024-25;2025-26;2026-27;2027-28,budget;estimated_actual;forward_estimate,,,,,,unmapped,portfolio_not_in_crosswalk
parliamentary budget office,Retained surplus (accumulated deficit),226114,5,2241000,2605000,2024-25;2025-26;2026-27;2027-28,budget;estimated_actual;forward_estimate,,,,,,unmapped,portfolio_not_in_crosswalk
parliamentary budget office,Adjusted opening balance,226115,4,3000,2608000,2024-25;2025-26;2026-27;2027-28,budget;forward_estimate,,,,,,unmapped,portfolio_not_in_crosswalk
parliamentary budget office,Cash used Employees,226119,5,7753000,8104000,2024-25;2025-26;2026-27;2027-28,budget;estimated_actual;forward_estimate,,,,,,unmapped,portfolio_not_in_crosswalk
parliamentary budget office,Cash and cash equivalents at the end of the reporting period,226121,5,19000,19000,2024-25;2025-26;2026-27;2027-28,budget;estimated_actual;forward_estimate,,,,,,unmapped,portfolio_not_in_crosswalk
Foreign Affairs and Trade,Departmental payment nfp nfp nfp nfp nfp Total nfp nfp nfp nfp nfp Future Made in Australia - Attracting Investment in Key Industries (d) 1.1 Departmental payme,226122,4,1124000,1178000,2024-25;2025-26;2026-27;2027-28,budget;forward_estimate,General public services,related_breakdown,medium,portfolio_ownership,portfolio_default,mapped,
Foreign Affairs and Trade,Future Made in Australia - Workforce and Trade Partnerships for Renewable Energy Superpower Industries (d) 1.1 Departmental payment -,226123,4,1332000,3579000,2024-25;2025-26;2026-27;2027-28,budget;forward_estimate,General public services,related_breakdown,medium,portfolio_ownership,portfolio_default,mapped,
Foreign Affairs and Trade,Departmental payment -,226126,7,14862000,125797000,2024-25;2025-26;2026-27;2027-28;2028-29;2029-30,budget;forward_estimate,General public services,related_breakdown,medium,portfolio_ownership,portfolio_default,mapped,
Foreign Affairs and Trade,Depreciation and amortisation (a),226128,11,1262000,13440000,2024-25;2025-26;2026-27;2027-28;2028-29;2029-30,budget;estimated_actual;forward_estimate,General public services,related_breakdown,medium,portfolio_ownership,portfolio_default,mapped,
Foreign Affairs and Trade,Interest on Right of Use (ROU),226129,11,15061000,16960000,2024-25;2025-26;2026-27;2027-28;2028-29;2029-30,budget;estimated_actual;forward_estimate,General public services,related_breakdown,medium,portfolio_ownership,portfolio_default,mapped,
Foreign Affairs and Trade,Rental income,226131,11,1100000,1375000,2024-25;2025-26;2026-27;2027-28;2028-29;2029-30,budget;estimated_actual;forward_estimate,General public services,related_breakdown,medium,portfolio_ownership,portfolio_default,mapped,
Foreign Affairs and Trade,Gains Other,226133,11,34000,630000,2024-25;2025-26;2026-27;2027-28;2028-29;2029-30,budget;estimated_actual;forward_estimate,General public services,related_breakdown,medium,portfolio_ownership,portfolio_default,mapped,
Foreign Affairs and Trade,Trade and other receivables,226137,11,6281000,8258000,2024-25;2025-26;2026-27;2027-28;2028-29;2029-30,budget;estimated_actual;forward_estimate,General public services,related_breakdown,medium,portfolio_ownership,portfolio_default,mapped,
Foreign Affairs and Trade,Provisions Employee provisions,226147,11,5874000,6665000,2024-25;2025-26;2026-27;2027-28;2028-29;2029-30,budget;estimated_actual;forward_estimate,General public services,related_breakdown,medium,portfolio_ownership,portfolio_default,mapped,
Foreign Affairs and Trade,Other provisions,226148,11,1395000,1594000,2024-25;2025-26;2026-27;2027-28;2028-29;2029-30,budget;estimated_actual;forward_estimate,General public services,related_breakdown,medium,portfolio_ownership,portfolio_default,mapped,
Foreign Affairs and Trade,Net GST received,226154,11,250000,145682000,2024-25;2025-26;2026-27;2027-28;2028-29;2029-30,budget;estimated_actual;forward_estimate,General public services,related_breakdown,medium,portfolio_ownership,portfolio_default,mapped,
Foreign Affairs and Trade,Cash used Employees,226155,11,37500000,49667000,2024-25;2025-26;2026-27;2027-28;2028-29;2029-30,budget;estimated_actual;forward_estimate,General public services,related_breakdown,medium,portfolio_ownership,portfolio_default,mapped,
Foreign Affairs and Trade,Interest payments on lease liability,226156,11,361000,1195000,2024-25;2025-26;2026-27;2027-28;2028-29;2029-30,budget;estimated_actual;forward_estimate,General public services,related_breakdown,medium,portfolio_ownership,portfolio_default,mapped,
Foreign Affairs and Trade,Cash used Principal payments on lease liability,226160,11,455000,7178000,2024-25;2025-26;2026-27;2027-28;2028-29;2029-30,budget;estimated_actual;forward_estimate,General public services,related_breakdown,medium,portfolio_ownership,portfolio_default,mapped,
Foreign Affairs and Trade,Cash and cash equivalents at the end of the reporting period,226163,11,12318000,29945000,2024-25;2025-26;2026-27;2027-28;2028-29;2029-30,budget;estimated_actual;forward_estimate,General public services,related_breakdown,medium,portfolio_ownership,portfolio_default,mapped,
Foreign Affairs and Trade,Funded by capital appropriation - DCB (b),226167,11,5704000,99216000,2024-25;2025-26;2026-27;2027-28;2028-29;2029-30,budget;estimated_actual;forward_estimate,General public services,related_breakdown,medium,portfolio_ownership,portfolio_default,mapped,
Foreign Affairs and Trade,Funded internally from departmental resources (c),226168,11,66397000,171922000,2024-25;2025-26;2026-27;2027-28;2028-29;2029-30,budget;estimated_actual;forward_estimate,General public services,related_breakdown,medium,portfolio_ownership,portfolio_default,mapped,
Foreign Affairs and Trade,Export Finance Australia (EFA) - Administration Fee,226174,5,8952000,9140000,2024-25;2025-26;2026-27;2027-28,budget;estimated_actual;forward_estimate,General public services,related_breakdown,medium,portfolio_ownership,portfolio_default,mapped,
Foreign Affairs and Trade,Payments to corporate commonwealth entities - Tourism Australia,226176,5,148291000,156230000,2024-25;2025-26;2026-27;2027-28,budget;estimated_actual;forward_estimate,General public services,related_breakdown,medium,portfolio_ownership,portfolio_default,mapped,
Foreign Affairs and Trade,AIPRD loan interest,226178,11,14344000,15472000,2024-25;2025-26;2026-27;2027-28;2028-29;2029-30,budget;estimated_actual;forward_estimate,General public services,related_breakdown,medium,portfolio_ownership,portfolio_default,mapped,
Foreign Affairs and Trade,EFA dividend,226179,5,6800000,8515000,2024-25;2025-26;2026-27;2027-28,budget;estimated_actual;forward_estimate,General public services,related_breakdown,medium,portfolio_ownership,portfolio_default,mapped,
Foreign Affairs and Trade,EFA competitive neutrality,226180,5,10108000,11824000,2024-25;2025-26;2026-27;2027-28,budget;estimated_actual;forward_estimate,General public services,related_breakdown,medium,portfolio_ownership,portfolio_default,mapped,
Foreign Affairs and Trade,AIPRD loans,226183,11,177138000,190611000,2024-25;2025-26;2026-27;2027-28;2028-29;2029-30,budget;estimated_actual;forward_estimate,General public services,related_breakdown,medium,portfolio_ownership,portfolio_default,mapped,
Foreign Affairs and Trade,Multilateral investments,226184,11,1803717000,2535348000,2024-25;2025-26;2026-27;2027-28;2028-29;2029-30,budget;estimated_actual;forward_estimate,General public services,related_breakdown,medium,portfolio_ownership,portfolio_default,mapped,
Foreign Affairs and Trade,Investments in portfolio entities,226185,11,620822000,825323000,2024-25;2025-26;2026-27;2027-28;2028-29;2029-30,budget;estimated_actual;forward_estimate,General public services,related_breakdown,medium,portfolio_ownership,portfolio_default,mapped,
Foreign Affairs and Trade,Investments in external entities,226186,11,48701000,189702000,2024-25;2025-26;2026-27;2027-28;2028-29;2029-30,budget;estimated_actual;forward_estimate,General public services,related_breakdown,medium,portfolio_ownership,portfolio_default,mapped,
Foreign Affairs and Trade,NIA financial guarantee,226189,5,54814000,114247000,2024-25;2025-26;2026-27;2027-28,budget;estimated_actual;forward_estimate,General public services,related_breakdown,medium,portfolio_ownership,portfolio_default,mapped,
Foreign Affairs and Trade,Cash used International development assistance,226191,11,4153499000,4801673000,2024-25;2025-26;2026-27;2027-28;2028-29;2029-30,budget;estimated_actual;forward_estimate,General public services,related_breakdown,medium,portfolio_ownership,portfolio_default,mapped,
Foreign Affairs and Trade,Other contributions,226192,11,637062000,795156000,2024-25;2025-26;2026-27;2027-28;2028-29;2029-30,budget;estimated_actual;forward_estimate,General public services,related_breakdown,medium,portfolio_ownership,portfolio_default,mapped,
Foreign Affairs and Trade,Cash from Official Public Account for: - Appropriations,226196,11,103550000,118242000,2024-25;2025-26;2026-27;2027-28;2028-29;2029-30,budget;estimated_actual;forward_estimate,General public services,related_breakdown,medium,portfolio_ownership,portfolio_default,mapped,
Foreign Affairs and Trade,Rental Income,226202,5,500000,500000,2025-26;2026-27;2027-28;2028-29,budget;estimated_actual;forward_estimate,General public services,related_breakdown,medium,portfolio_ownership,portfolio_default,mapped,
Foreign Affairs and Trade,"Adjusted opening balance (247,145)",226207,3,3649000,205670000,2025-26;2026-27;2027-28,forward_estimate,General public services,related_breakdown,medium,portfolio_ownership,portfolio_default,mapped,
Foreign Affairs and Trade,"By purchase - other - ROU assets 6,667 - - 6,667 Total additions",226213,4,308000,14904000,2024-25;2025-26;2026-27;2027-28,budget;forward_estimate,General public services,related_breakdown,medium,portfolio_ownership,portfolio_default,mapped,
Foreign Affairs and Trade,Provisions Other provisions,226218,9,411000,15615000,2024-25;2025-26;2026-27;2027-28;2028-29;2029-30,budget;estimated_actual;forward_estimate,General public services,related_breakdown,medium,portfolio_ownership,portfolio_default,mapped,
Foreign Affairs and Trade,Plant and equipment,226225,8,213000,713000,2024-25;2025-26;2026-27;2027-28;2028-29,budget;estimated_actual;forward_estimate,General public services,related_breakdown,medium,portfolio_ownership,portfolio_default,mapped,
Foreign Affairs and Trade,Adjusted opening balance (204),226227,3,582000,4209000,2025-26;2026-27;2027-28,forward_estimate,General public services,related_breakdown,medium,portfolio_ownership,portfolio_default,mapped,
Foreign Affairs and Trade,Departmental Capital Budget (DCB) - - 264 264 Sub-total transactions with owners - - 264 264 Estimated closing balance as at 30 June 2024 (907),226228,3,582000,4095000,2025-26;2026-27;2027-28,forward_estimate,General public services,related_breakdown,medium,portfolio_ownership,portfolio_default,mapped,
Foreign Affairs and Trade,Taxation receivables,226239,8,413000,417000,2024-25;2025-26;2026-27;2027-28;2028-29,budget;estimated_actual;forward_estimate,General public services,related_breakdown,medium,portfolio_ownership,portfolio_default,mapped,
Foreign Affairs and Trade,Cash used Suppliers,226241,11,107686000,118290000,2024-25;2025-26;2026-27;2027-28;2028-29;2029-30,budget;estimated_actual;forward_estimate,General public services,related_breakdown,medium,portfolio_ownership,portfolio_default,mapped,
Foreign Affairs and Trade,Net GST paid,226242,11,250000,5000000,2024-25;2025-26;2026-27;2027-28;2028-29;2029-30,budget;estimated_actual;forward_estimate,General public services,related_breakdown,medium,portfolio_ownership,portfolio_default,mapped,
Foreign Affairs and Trade,Cash and cash equivalents at end of reporting period,226244,11,6672000,18792000,2024-25;2025-26;2026-27;2027-28;2028-29;2029-30,budget;estimated_actual;forward_estimate,General public services,related_breakdown,medium,portfolio_ownership,portfolio_default,mapped,
Foreign Affairs and Trade,"Adjusted opening balance (379,088) -",226251,3,99234000,632132000,2025-26;2026-27;2027-28,forward_estimate,General public services,related_breakdown,medium,portfolio_ownership,portfolio_default,mapped,
Foreign Affairs and Trade,Cash used,226254,11,63399000,546872000,2024-25;2025-26;2026-27;2027-28;2028-29;2029-30,budget;estimated_actual;forward_estimate,General public services,related_breakdown,medium,portfolio_ownership,portfolio_default,mapped,
Foreign Affairs and Trade,Retained surplus (accumulated deficit),226264,11,11804000,16900000,2024-25;2025-26;2026-27;2027-28;2028-29;2029-30,budget;estimated_actual;forward_estimate,General public services,related_breakdown,medium,portfolio_ownership,portfolio_default,mapped,
Foreign Affairs and Trade,"By purchase - appropriation ordinary annual services - ROU assets 5,000 - - 5,000 Total additions",226269,4,100000,9500000,2024-25;2025-26;2026-27;2027-28,budget;forward_estimate,General public services,related_breakdown,medium,portfolio_ownership,portfolio_default,mapped,
Employment and Workplace Relations,Payment measures Addressing Integrity Risks 1.1 Administered payments -,226283,4,133000,549000,2025-26;2026-27;2027-28;2028-29,budget;forward_estimate,Social security and welfare / Assistance to the unemployed and the sick,related_breakdown,medium,portfolio_ownership,portfolio_default,mapped,
Employment and Workplace Relations,Ordinary annual services (Appropriation Bill (No. 1) and Supply Bill (No. 1)) Apprentice Connect Australia Providers (a),226287,5,209588000,238139000,2025-26;2026-27;2027-28;2028-29,budget;estimated_actual;forward_estimate,Social security and welfare / Assistance to the unemployed and the sick,related_breakdown,medium,portfolio_ownership,portfolio_default,mapped,
Employment and Workplace Relations,Special appropriations Australian Apprenticeship Support Loans Act 2014 (b),226290,5,84691000,334452000,2025-26;2026-27;2027-28;2028-29,budget;estimated_actual;forward_estimate,Social security and welfare / Assistance to the unemployed and the sick,related_breakdown,medium,portfolio_ownership,portfolio_default,mapped,
Employment and Workplace Relations,Ordinary annual services (Appropriation Bill (No. 1) and Supply Bill (No. 1)) Skills for Education and Employment,226291,5,140135000,159165000,2025-26;2026-27;2027-28;2028-29,budget;estimated_actual;forward_estimate,Social security and welfare / Assistance to the unemployed and the sick,related_breakdown,medium,portfolio_ownership,portfolio_default,mapped,
Employment and Workplace Relations,Tertiary Harmonisation - -,226298,3,4056000,4056000,2026-27;2027-28;2028-29,forward_estimate,Social security and welfare / Assistance to the unemployed and the sick,related_breakdown,medium,portfolio_ownership,portfolio_default,mapped,
Employment and Workplace Relations,Unique Student Identifiers Special Account (d)(e),226299,5,5914000,6388000,2025-26;2026-27;2027-28;2028-29,budget;estimated_actual;forward_estimate,Social security and welfare / Assistance to the unemployed and the sick,related_breakdown,medium,portfolio_ownership,portfolio_default,mapped,
Employment and Workplace Relations,Foundation Skills,226301,5,4576000,16017000,2025-26;2026-27;2027-28;2028-29,budget;estimated_actual;forward_estimate,Social security and welfare / Assistance to the unemployed and the sick,related_breakdown,medium,portfolio_ownership,portfolio_default,mapped,
Employment and Workplace Relations,Program 3.1: Workplace Support Administered expenses Ordinary annual services (Appropriation Bill (No. 1) and Supply Bill (No. 1)),226304,5,61011000,95306000,2025-26;2026-27;2027-28;2028-29,budget;estimated_actual;forward_estimate,Social security and welfare / Assistance to the unemployed and the sick,related_breakdown,medium,portfolio_ownership,portfolio_default,mapped,
Employment and Workplace Relations,"Adjusted opening balance (28,996)",226339,3,1593000,49426000,2026-27;2027-28;2028-29,budget,Social security and welfare / Assistance to the unemployed and the sick,related_breakdown,medium,portfolio_ownership,portfolio_default,mapped,
Employment and Workplace Relations,"Adjusted opening balance (43,487)",226368,3,19676000,69334000,2026-27;2027-28;2028-29,budget,Social security and welfare / Assistance to the unemployed and the sick,related_breakdown,medium,portfolio_ownership,portfolio_default,mapped,
Employment and Workplace Relations,"Adjusted opening balance (91,189)",226381,3,5968000,198329000,2026-27;2027-28;2028-29,budget,Social security and welfare / Assistance to the unemployed and the sick,related_breakdown,medium,portfolio_ownership,portfolio_default,mapped,
Education,"Adjusted opening balance (39,622)",226433,3,29000,45378000,2027-28;2028-29;2029-30,budget,Education,related_breakdown,high,portfolio_ownership,portfolio_default,mapped,
Education,"Adjusted opening balance (4,269)",226452,3,257000,18405000,2027-28;2028-29;2029-30,budget,Education,related_breakdown,high,portfolio_ownership,portfolio_default,mapped,
Education,"Budget (DCB) - - 908 908 Sub-total transactions with owners - - 908 908 Estimated closing balance as at 30 June 2027 (5,113)",226453,3,257000,19313000,2027-28;2028-29;2029-30,budget,Education,related_breakdown,high,portfolio_ownership,portfolio_default,mapped,
Foreign Affairs and Trade,"Multilateral Replenishments and other loans 988,148 -",226476,3,103502000,560000000,2026-27;2027-28;2028-29,forward_estimate,General public services,related_breakdown,medium,portfolio_ownership,portfolio_default,mapped,
Foreign Affairs and Trade,Other grants and contributions,226477,8,709783000,795156000,2025-26;2026-27;2027-28;2028-29;2029-30,budget;estimated_actual;forward_estimate,General public services,related_breakdown,medium,portfolio_ownership,portfolio_default,mapped,
Foreign Affairs and Trade,Payments to corporate commonw ealth entities - Tourism Australia,226479,5,153564000,158090000,2025-26;2026-27;2027-28;2028-29,budget;estimated_actual;forward_estimate,General public services,related_breakdown,medium,portfolio_ownership,portfolio_default,mapped,
Foreign Affairs and Trade,EFA dividend and competitive neutrality,226480,8,26850000,39568000,2025-26;2026-27;2027-28;2028-29;2029-30,budget;estimated_actual;forward_estimate,General public services,related_breakdown,medium,portfolio_ownership,portfolio_default,mapped,
Foreign Affairs and Trade,EFA NIA provisions,226482,5,35466000,70184000,2025-26;2026-27;2027-28;2028-29,budget;estimated_actual;forward_estimate,General public services,related_breakdown,medium,portfolio_ownership,portfolio_default,mapped,
Foreign Affairs and Trade,"Adjusted opening balance (241,308)",226493,3,28923000,225107000,2026-27;2027-28;2028-29,forward_estimate,General public services,related_breakdown,medium,portfolio_ownership,portfolio_default,mapped,
Foreign Affairs and Trade,"Adjusted opening balance (1,010)",226507,3,705000,4095000,2026-27;2027-28;2028-29,forward_estimate,General public services,related_breakdown,medium,portfolio_ownership,portfolio_default,mapped,
Foreign Affairs and Trade,"Departmental Capital Budget (DCB) - - 266 266 Sub-total transactions with owners - - 266 266 Estimated closing balance as at 30 June 2026 (1,991)",226508,3,705000,4361000,2026-27;2027-28;2028-29,forward_estimate,General public services,related_breakdown,medium,portfolio_ownership,portfolio_default,mapped,
Foreign Affairs and Trade,"By purchase - appropriation ordinary annual services - ROU assets 11,169 - - 11,169 Total additions",226513,4,20000,11435000,2025-26;2026-27;2027-28;2028-29,budget;forward_estimate,General public services,related_breakdown,medium,portfolio_ownership,portfolio_default,mapped,
Foreign Affairs and Trade,"Adjusted opening balance (439,742) -",226521,3,110042000,695944000,2026-27;2027-28;2028-29,forward_estimate,General public services,related_breakdown,medium,portfolio_ownership,portfolio_default,mapped,
Foreign Affairs and Trade,"By purchase - appropriation ordinary annual services - ROU assets 6,773 - - 6,773 Total additions",226530,4,100000,14726000,2025-26;2026-27;2027-28;2028-29,budget;forward_estimate,General public services,related_breakdown,medium,portfolio_ownership,portfolio_default,mapped,
Infrastructure Transport Regional Development Communications Sport and the Arts,Maritime Skills and Training Initiative -,226536,4,3451000,3451000,2025-26;2026-27;2027-28;2028-29,budget;forward_estimate,,,low,portfolio_ownership,portfolio_default,ambiguous,"Portfolio name itself spans at least three distinct Statement 6 functions (Transport and communication; Recreation and culture for sport/arts; Housing and community amenities for regional development) with no single dominant destination and no program-level evidence established in this pass to split them reliably.
"
Infrastructure Transport Regional Development Communications Sport and the Arts,"Adjusted opening balance (116,083)",226587,2,3018000,89894000,2025-26;2026-29,budget,,,low,portfolio_ownership,portfolio_default,ambiguous,"Portfolio name itself spans at least three distinct Statement 6 functions (Transport and communication; Recreation and culture for sport/arts; Housing and community amenities for regional development) with no single dominant destination and no program-level evidence established in this pass to split them reliably.
"
Infrastructure Transport Regional Development Communications Sport and the Arts,Surplus/(deficit) attributable to the Australian Government (169) (78),226600,2,40000,152000,2025-26;2026-29,budget,,,low,portfolio_ownership,portfolio_default,ambiguous,"Portfolio name itself spans at least three distinct Statement 6 functions (Transport and communication; Recreation and culture for sport/arts; Housing and community amenities for regional development) with no single dominant destination and no program-level evidence established in this pass to split them reliably.
"
Infrastructure Transport Regional Development Communications Sport and the Arts,"Surplus/(deficit) attributable to the Australian Government (33,036) (18,316)",226612,2,1555000,1985000,2025-26;2026-29,budget,,,low,portfolio_ownership,portfolio_default,ambiguous,"Portfolio name itself spans at least three distinct Statement 6 functions (Transport and communication; Recreation and culture for sport/arts; Housing and community amenities for regional development) with no single dominant destination and no program-level evidence established in this pass to split them reliably.
"
Infrastructure Transport Regional Development Communications Sport and the Arts,"Adjusted opening balance (1,431)",226643,2,1146000,7812000,2025-26;2026-29,budget,,,low,portfolio_ownership,portfolio_default,ambiguous,"Portfolio name itself spans at least three distinct Statement 6 functions (Transport and communication; Recreation and culture for sport/arts; Housing and community amenities for regional development) with no single dominant destination and no program-level evidence established in this pass to split them reliably.
"
Infrastructure Transport Regional Development Communications Sport and the Arts,"Adjusted opening balance (13,938)",226695,2,12522000,20914000,2025-26;2026-29,budget,,,low,portfolio_ownership,portfolio_default,ambiguous,"Portfolio name itself spans at least three distinct Statement 6 functions (Transport and communication; Recreation and culture for sport/arts; Housing and community amenities for regional development) with no single dominant destination and no program-level evidence established in this pass to split them reliably.
"
Infrastructure Transport Regional Development Communications Sport and the Arts,"Adjusted opening balance (22,368)",226778,2,62421000,137707000,2025-26;2026-29,budget,,,low,portfolio_ownership,portfolio_default,ambiguous,"Portfolio name itself spans at least three distinct Statement 6 functions (Transport and communication; Recreation and culture for sport/arts; Housing and community amenities for regional development) with no single dominant destination and no program-level evidence established in this pass to split them reliably.
"
Infrastructure Transport Regional Development Communications Sport and the Arts,"Equity injection - Appropriation - - 219 219 Sub-total transactions with owners - - 219 219 Estimated closing balance as at 30 June 2026 (25,258)",226779,2,62421000,135036000,2025-26;2026-29,budget,,,low,portfolio_ownership,portfolio_default,ambiguous,"Portfolio name itself spans at least three distinct Statement 6 functions (Transport and communication; Recreation and culture for sport/arts; Housing and community amenities for regional development) with no single dominant destination and no program-level evidence established in this pass to split them reliably.
"
Infrastructure Transport Regional Development Communications Sport and the Arts,Surplus/(deficit) attributable to the Australian Government (205) (84),226790,2,41000,173000,2025-26;2026-29,budget,,,low,portfolio_ownership,portfolio_default,ambiguous,"Portfolio name itself spans at least three distinct Statement 6 functions (Transport and communication; Recreation and culture for sport/arts; Housing and community amenities for regional development) with no single dominant destination and no program-level evidence established in this pass to split them reliably.
"
Prime Minister and Cabinet,"Adjusted opening balance (172,546)",226809,3,7631000,234391000,2026-27;2027-28;2028-29,forward_estimate,General public services,related_breakdown,medium,portfolio_ownership,portfolio_default,mapped,
Prime Minister and Cabinet,"By purchase - appropriation ordinary annual services - ROU 1,187 - - 1,187 Total additions",226814,4,1187000,14742000,2025-26;2026-27;2027-28;2028-29,budget;forward_estimate,General public services,related_breakdown,medium,portfolio_ownership,portfolio_default,mapped,
Prime Minister and Cabinet,"Payments to Corporate Commonw ealth entities and companies 25,972 28,250 22,",226818,3,924000,22924000,2026-27;2027-28;2028-29,forward_estimate,General public services,related_breakdown,medium,portfolio_ownership,portfolio_default,mapped,
Prime Minister and Cabinet,By purchase - other - ROU - 382 - 382 Total additions -,226823,3,1697000,3600000,2026-27;2027-28;2028-29,forward_estimate,General public services,related_breakdown,medium,portfolio_ownership,portfolio_default,mapped,
Prime Minister and Cabinet,"Adjusted opening balance (10,969)",226832,3,76229000,164908000,2026-27;2027-28;2028-29,forward_estimate,General public services,related_breakdown,medium,portfolio_ownership,portfolio_default,mapped,
Prime Minister and Cabinet,"Sale of goods and rendering of services 17,905 18,094 18,",226835,3,283000,18662000,2026-27;2027-28;2028-29,forward_estimate,General public services,related_breakdown,medium,portfolio_ownership,portfolio_default,mapped,
Prime Minister and Cabinet,"Interest 2,102 1,",226836,4,148000,943000,2025-26;2026-27;2027-28;2028-29,budget;forward_estimate,General public services,related_breakdown,medium,portfolio_ownership,portfolio_default,mapped,
Prime Minister and Cabinet,"Dividends 1,179 1,",226837,4,537000,1518000,2025-26;2026-27;2027-28;2028-29,budget;forward_estimate,General public services,related_breakdown,medium,portfolio_ownership,portfolio_default,mapped,
Prime Minister and Cabinet,"Net GST received 3,585 3,",226838,4,372000,2943000,2025-26;2026-27;2027-28;2028-29,budget;forward_estimate,General public services,related_breakdown,medium,portfolio_ownership,portfolio_default,mapped,
Prime Minister and Cabinet,"Other 7,092 5,",226839,4,989000,5759000,2025-26;2026-27;2027-28;2028-29,budget;forward_estimate,General public services,related_breakdown,medium,portfolio_ownership,portfolio_default,mapped,
Prime Minister and Cabinet,"Cash used Employees 39,761 43,",226840,4,276000,41376000,2025-26;2026-27;2027-28;2028-29,budget;forward_estimate,General public services,related_breakdown,medium,portfolio_ownership,portfolio_default,mapped,
Prime Minister and Cabinet,"Net GST paid 3,585 3,",226841,4,372000,2943000,2025-26;2026-27;2027-28;2028-29,budget;forward_estimate,General public services,related_breakdown,medium,portfolio_ownership,portfolio_default,mapped,
Prime Minister and Cabinet,"Cash used Purchase of property, plant and equipment and intangibles 9,367 5,110 3,",226843,3,999000,3999000,2026-27;2027-28;2028-29,forward_estimate,General public services,related_breakdown,medium,portfolio_ownership,portfolio_default,mapped,
Prime Minister and Cabinet,"Cash and cash equivalents at the end of the reporting period 16,711 10,540 5,",226846,3,100000,5662000,2026-27;2027-28;2028-29,forward_estimate,General public services,related_breakdown,medium,portfolio_ownership,portfolio_default,mapped,
Prime Minister and Cabinet,"Investments 2,768 -",226853,3,1974000,2708000,2026-27;2027-28;2028-29,forward_estimate,General public services,related_breakdown,medium,portfolio_ownership,portfolio_default,mapped,
Prime Minister and Cabinet,To tal cash used,226855,5,377000,483000,2025-26;2026-27;2027-28;2028-29,budget;estimated_actual;forward_estimate,General public services,related_breakdown,medium,portfolio_ownership,portfolio_default,mapped,
Prime Minister and Cabinet,"Depreciation and amortisation (a) 3,502 3,",226860,4,894000,3899000,2025-26;2026-27;2027-28;2028-29,budget;forward_estimate,General public services,related_breakdown,medium,portfolio_ownership,portfolio_default,mapped,
Prime Minister and Cabinet,"Adjusted opening balance (18,273)",226864,3,2614000,19601000,2026-27;2027-28;2028-29,forward_estimate,General public services,related_breakdown,medium,portfolio_ownership,portfolio_default,mapped,
Prime Minister and Cabinet,"Depreciation and amortisation (a) 3,457 3,",226874,4,457000,3339000,2025-26;2026-27;2027-28;2028-29,budget;forward_estimate,General public services,related_breakdown,medium,portfolio_ownership,portfolio_default,mapped,
Prime Minister and Cabinet,"Intangibles 1,284 1,044 426 - - Other non-financial assets",226878,5,1650000,1856000,2025-26;2026-27;2027-28;2028-29,budget;estimated_actual;forward_estimate,General public services,related_breakdown,medium,portfolio_ownership,portfolio_default,mapped,
Prime Minister and Cabinet,"Trade and other receivables 1,224,964 1,",226890,4,420261000,1643754000,2025-26;2026-27;2027-28;2028-29,budget;forward_estimate,General public services,related_breakdown,medium,portfolio_ownership,portfolio_default,mapped,
Prime Minister and Cabinet,"Investments accounted for under the equity method 4,970 4,970 4,",226891,3,970000,4970000,2026-27;2027-28;2028-29,forward_estimate,General public services,related_breakdown,medium,portfolio_ownership,portfolio_default,mapped,
Prime Minister and Cabinet,"Retained surplus (accumulated deficit) 644,",226892,5,983000,734373000,2025-26;2026-27;2027-28;2028-29,budget;estimated_actual;forward_estimate,General public services,related_breakdown,medium,portfolio_ownership,portfolio_default,mapped,
Prime Minister and Cabinet,"Attributed to non-controlling interest Contributed equity 237,823 243,",226893,4,500000,259783000,2025-26;2026-27;2027-28;2028-29,budget;forward_estimate,General public services,related_breakdown,medium,portfolio_ownership,portfolio_default,mapped,
Prime Minister and Cabinet,"Retained surplus (accumulated deficit) 41,",226894,5,169000,60791000,2025-26;2026-27;2027-28;2028-29,budget;estimated_actual;forward_estimate,General public services,related_breakdown,medium,portfolio_ownership,portfolio_default,mapped,
Prime Minister and Cabinet,"INVESTING ACTIVITIES Cash received Proceeds from sales of financial instruments 60,214 124,725 80,",226899,3,342000,82581000,2026-27;2027-28;2028-29,forward_estimate,General public services,related_breakdown,medium,portfolio_ownership,portfolio_default,mapped,
Prime Minister and Cabinet,Other 63 - - - 225 Total cash used,226904,5,93915000,102273000,2025-26;2026-27;2027-28;2028-29,budget;estimated_actual;forward_estimate,General public services,related_breakdown,medium,portfolio_ownership,portfolio_default,mapped,
Prime Minister and Cabinet,"Adjusted opening balance (48,572)",226918,3,31564000,128144000,2026-27;2027-28;2028-29,forward_estimate,General public services,related_breakdown,medium,portfolio_ownership,portfolio_default,mapped,
Prime Minister and Cabinet,Payments associated with Land Councils,226926,5,195549000,965641000,2025-26;2026-27;2027-28;2028-29,budget;estimated_actual;forward_estimate,General public services,related_breakdown,medium,portfolio_ownership,portfolio_default,mapped,
Prime Minister and Cabinet,Payments to Northern Territory Aboriginal Investment Corporation (b),226927,5,10758000,72255000,2025-26;2026-27;2027-28;2028-29,budget;estimated_actual;forward_estimate,General public services,related_breakdown,medium,portfolio_ownership,portfolio_default,mapped,
Prime Minister and Cabinet,Payments to Northern Territory Aboriginal Investment Corporation,226929,5,72255000,96651000,2025-26;2026-27;2027-28;2028-29,budget;estimated_actual;forward_estimate,General public services,related_breakdown,medium,portfolio_ownership,portfolio_default,mapped,
Prime Minister and Cabinet,D epreciation and amortisation (a) -,226936,4,245000,304000,2025-26;2026-27;2027-28;2028-29,budget;forward_estimate,General public services,related_breakdown,medium,portfolio_ownership,portfolio_default,mapped,
Prime Minister and Cabinet,Opening net book balance,226946,4,125000,2086000,2025-26;2026-27;2027-28;2028-29,budget;forward_estimate,General public services,related_breakdown,medium,portfolio_ownership,portfolio_default,mapped,
Prime Minister and Cabinet,"Other 1,000 1,000 1,",226958,3,0,1000000,2025-26;2026-27;2027-28,budget,General public services,related_breakdown,medium,portfolio_ownership,portfolio_default,mapped,
Prime Minister and Cabinet,"Adjusted opening balance (8,470)",226999,3,30000,12963000,2025-26;2026-27;2027-28,budget,General public services,related_breakdown,medium,portfolio_ownership,portfolio_default,mapped,
Health Disability and Ageing,"Funding for the Alfred Hospital Department of Health and Aged Care Administered payments 1.5 - 12,000 - - - 2.1 - -",227007,3,2434000,2639000,2025-26;2026-27;2027-28,forward_estimate,Social security and welfare / Assistance to the aged,related_breakdown,medium,exact_label_with_portfolio_context,program_label_override,mapped,
Health Disability and Ageing,Health Workforce Department of Health and Aged Care Administered payments,227008,6,1400,72374000,2023-24;2024-25;2025-26;2026-27;2027-28,actual;budget;estimated_actual;forward_estimate,Social security and welfare / Assistance to the aged,related_breakdown,medium,exact_label_with_portfolio_context,program_label_override,mapped,
Health Disability and Ageing,"Departmental payments 1 - 37 14 - - 3 (16,000)",227011,4,6310000,353563000,2024-25;2025-26;2026-27;2027-28,budget;forward_estimate,Health,related_breakdown,high,portfolio_ownership,portfolio_default,mapped,
Health Disability and Ageing,Department of the Treasury - - Administered payments -,227016,4,9196000,10207000,2024-25;2025-26;2026-27;2027-28,budget;forward_estimate,Health,related_breakdown,high,portfolio_ownership,portfolio_default,mapped,
Health Disability and Ageing,Related receipts Department of Health and Aged Care -,227028,4,1191000,4838000,2024-25;2025-26;2026-27;2027-28,budget;forward_estimate,Social security and welfare / Assistance to the aged,related_breakdown,medium,exact_label_with_portfolio_context,program_label_override,mapped,
Health Disability and Ageing,"Departmental payments 2 - 9,343 9,145 - - Total payments -",227035,4,28775000,114914000,2024-25;2025-26;2026-27;2027-28,budget;forward_estimate,Health,related_breakdown,high,portfolio_ownership,portfolio_default,mapped,
Health Disability and Ageing,"Australian Sports Commission Departmental payments - 38,242 59,232 - - Departmental capital payments - 355 710 - - Total payments -",227038,4,838000,79364000,2024-25;2025-26;2026-27;2027-28,budget;forward_estimate,Health,related_breakdown,high,portfolio_ownership,portfolio_default,mapped,
Health Disability and Ageing,Carer Payment – increased flexibility (i) Department of Health and Aged Care Administered payments 2.1 - -,227041,3,15000,17000,2025-26;2026-27;2027-28,forward_estimate,Social security and welfare / Assistance to the aged,related_breakdown,medium,exact_label_with_portfolio_context,program_label_override,mapped,
Health Disability and Ageing,"Biomedical Translation Fund 1 62,120 - - - 62,120 - -",227053,3,7501000,69621000,2025-26;2026-27;2027-28,forward_estimate,Health,related_breakdown,high,portfolio_ownership,portfolio_default,mapped,
Health Disability and Ageing,"Other cash received (8,153)",227061,4,1847000,2847000,2024-25;2025-26;2026-27;2027-28,budget;forward_estimate,Health,related_breakdown,high,portfolio_ownership,portfolio_default,mapped,
Health Disability and Ageing,Appropriations – DCB,227064,5,13234000,21449000,2024-25;2025-26;2026-27;2027-28,budget;estimated_actual;forward_estimate,Health,related_breakdown,high,portfolio_ownership,portfolio_default,mapped,
Health Disability and Ageing,"By purchase - RoU 30,194 106 - 30,300 From acquisition of entities or operations (including restructuring)",227069,4,25000,991000,2024-25;2025-26;2026-27;2027-28,budget;forward_estimate,Health,related_breakdown,high,portfolio_ownership,portfolio_default,mapped,
Health Disability and Ageing,"From acquisition of entities or operations (including restructuring) - RoU 6,361 - - 6,361 Total additions",227070,4,2367000,393256000,2024-25;2025-26;2026-27;2027-28,budget;forward_estimate,Health,related_breakdown,high,portfolio_ownership,portfolio_default,mapped,
Health Disability and Ageing,"By purchase - RoU 24,931 - - 24,931 Total additions",227113,4,731000,70704000,2024-25;2025-26;2026-27;2027-28,budget;forward_estimate,Health,related_breakdown,high,portfolio_ownership,portfolio_default,mapped,
Health Disability and Ageing,ADMINISTERED Prior year appropriation available 267 267 Annual appropriations Ordinary annual services (a) Outcome,227147,3,1000,34362000,2025-26;2026-27;2027-28,forward_estimate,Health,related_breakdown,high,portfolio_ownership,portfolio_default,mapped,
Health Disability and Ageing,ADMINISTERED Prior year appropriation available 8 - Annual appropriations Ordinary annual services (a) Outcome,227200,3,1000,5783000,2025-26;2026-27;2027-28,forward_estimate,Health,related_breakdown,high,portfolio_ownership,portfolio_default,mapped,
Health Disability and Ageing,ADMINISTERED Prior year appropriation available 89 89 Annual appropriations Ordinary annual services (a) Outcome,227213,3,1000,51906000,2025-26;2026-27;2027-28,forward_estimate,Health,related_breakdown,high,portfolio_ownership,portfolio_default,mapped,
Health Disability and Ageing,By purchase - RoU 40 - - 40 Total additions,227222,4,70000,320000,2024-25;2025-26;2026-27;2027-28,budget;forward_estimate,Health,related_breakdown,high,portfolio_ownership,portfolio_default,mapped,
Health Disability and Ageing,Surplus (deficit) for the period (749) - - (749) Capital budget – Bill 1 (DCB) - - 240 240 Estimated closing balance as at 30 June,227228,5,1067000,12308000,2024-25;2025-26;2026-27;2027-28,budget;estimated_actual;forward_estimate,Health,related_breakdown,high,portfolio_ownership,portfolio_default,mapped,
Health Disability and Ageing,Cash used Lease principal repayments -,227245,4,783000,783000,2024-25;2025-26;2026-27;2027-28,budget;forward_estimate,Health,related_breakdown,high,portfolio_ownership,portfolio_default,mapped,
Health Disability and Ageing,CAPITAL ASSET ADDITIONS Estimated expenditure on new or replacement assets By purchase - appropriation ordinary annual services (2),227247,3,250000,840000,2025-26;2026-27;2027-28,forward_estimate,Health,related_breakdown,high,portfolio_ownership,portfolio_default,mapped,
Health Disability and Ageing,By purchase – RoU - - - - Total additions (2),227248,3,250000,840000,2025-26;2026-27;2027-28,forward_estimate,Health,related_breakdown,high,portfolio_ownership,portfolio_default,mapped,
department of the senate pbs,Depreciation and amortisation (a),227252,5,50328000,50328000,2021-22;2022-23;2023-24;2024-25;2025-26,budget,,,,,,unmapped,portfolio_not_in_crosswalk
department of the senate pbs,"Gains Resources received free of charge 2,407 2,",227253,4,593000,2832000,2022-23;2023-24;2024-25;2025-26,budget,,,,,,unmapped,portfolio_not_in_crosswalk
department of the senate pbs,"Trade and other receivables 13,638 13,",227256,4,638000,13638000,2022-23;2023-24;2024-25;2025-26,budget,,,,,,unmapped,portfolio_not_in_crosswalk
department of the senate pbs,"Non-financial assets Property, plant and equipment 2,052 2,",227257,4,192000,2521000,2022-23;2023-24;2024-25;2025-26,budget,,,,,,unmapped,portfolio_not_in_crosswalk
department of the senate pbs,"EQUIT Y* Parent entity interest Contributed equity 3,559 3,",227265,4,859000,4793000,2022-23;2023-24;2024-25;2025-26,budget,,,,,,unmapped,portfolio_not_in_crosswalk
department of the senate pbs,"Reserves 11,495 11,",227266,4,495000,11495000,2022-23;2023-24;2024-25;2025-26,budget,,,,,,unmapped,portfolio_not_in_crosswalk
department of the senate pbs,"Adjusted opening balance (7,503)",227268,3,3559000,11495000,2023-24;2024-25;2025-26,budget,,,,,,unmapped,portfolio_not_in_crosswalk
department of the senate pbs,"Departmental Capital Budget (DCB) - - 300 300 Sub-total transactions with owners - - 300 300 Estimated closing balance as at 30 June 2026 (7,694)",227269,3,3859000,11495000,2023-24;2024-25;2025-26,budget,,,,,,unmapped,portfolio_not_in_crosswalk
department of the senate pbs,Cash used Employees,227273,5,117216000,125078000,2021-22;2022-23;2023-24;2024-25;2025-26,budget,,,,,,unmapped,portfolio_not_in_crosswalk
department of the senate pbs,Cash and cash equivalents at the end of the reporting period,227278,5,967000,967000,2021-22;2022-23;2023-24;2024-25;2025-26,budget,,,,,,unmapped,portfolio_not_in_crosswalk
department of the senate pbs,T otal new capital appropriations,227279,5,299000,315000,2021-22;2022-23;2023-24;2024-25;2025-26,budget,,,,,,unmapped,portfolio_not_in_crosswalk
department of the senate pbs,Royalties,227288,3,5000,10000,2023-24;2024-25;2025-26,budget,,,,,,unmapped,portfolio_not_in_crosswalk
department of the senate pbs,Gains Other,227289,5,2100000,2200000,2021-22;2022-23;2023-24;2024-25;2025-26,budget,,,,,,unmapped,portfolio_not_in_crosswalk
department of the senate pbs,Trade and other receivables,227294,5,25604000,25604000,2021-22;2022-23;2023-24;2024-25;2025-26,budget,,,,,,unmapped,portfolio_not_in_crosswalk
department of the senate pbs,Provisions Employee provisions,227299,5,6313000,6313000,2021-22;2022-23;2023-24;2024-25;2025-26,budget,,,,,,unmapped,portfolio_not_in_crosswalk
department of the senate pbs,Retained surplus (accumulated deficit),227301,5,23511000,24982000,2021-22;2022-23;2023-24;2024-25;2025-26,budget,,,,,,unmapped,portfolio_not_in_crosswalk
department of the senate pbs,Interest payments on lease liability,227303,5,859000,1945000,2021-22;2022-23;2023-24;2024-25;2025-26,budget,,,,,,unmapped,portfolio_not_in_crosswalk
department of the senate pbs,Surplus/(deficit) before income tax,227314,5,56643000,57703000,2021-22;2022-23;2023-24;2024-25;2025-26,budget,,,,,,unmapped,portfolio_not_in_crosswalk
department of the senate pbs,Surplus/(deficit) after income tax,227315,5,357000,388000,2021-22;2022-23;2023-24;2024-25;2025-26,budget,,,,,,unmapped,portfolio_not_in_crosswalk
department of the senate pbs,Net GST received,227328,5,6510000,6573000,2021-22;2022-23;2023-24;2024-25;2025-26,budget,,,,,,unmapped,portfolio_not_in_crosswalk
department of the senate pbs,Net GST paid,227329,5,1409000,1409000,2021-22;2022-23;2023-24;2024-25;2025-26,budget,,,,,,unmapped,portfolio_not_in_crosswalk
department of the senate pbs,Cash used Principal payments on lease liability,227332,5,2336000,5294000,2021-22;2022-23;2023-24;2024-25;2025-26,budget,,,,,,unmapped,portfolio_not_in_crosswalk
department of the senate pbs,Income tax expense Surplus/(deficit) after income tax,227342,5,56643000,57703000,2021-22;2022-23;2023-24;2024-25;2025-26,budget,,,,,,unmapped,portfolio_not_in_crosswalk
department of the senate pbs,Heritage and cultural,227344,5,133654000,138657000,2021-22;2022-23;2023-24;2024-25;2025-26,budget,,,,,,unmapped,portfolio_not_in_crosswalk
department of the senate pbs,Cash used Suppliers,227346,5,10697000,11926000,2021-22;2022-23;2023-24;2024-25;2025-26,budget,,,,,,unmapped,portfolio_not_in_crosswalk
department of the senate pbs,Adjusted opening balance,227361,1,1759000,1759000,2024-25,budget,,,,,,unmapped,portfolio_not_in_crosswalk
Attorney-General's,"Adjusted opening balance (134,665)",227369,3,28574000,295417000,2026-27;2027-28;2028-29,forward_estimate,,,low,portfolio_ownership,portfolio_default,ambiguous,"Portfolio spans courts and legal services, emergency management, human rights, and integrity/security functions with no single dominant Statement 6 function and no program-level evidence established in this pass to split them reliably.
"
Attorney-General's,"Adjusted opening balance (82,960)",227388,3,12893000,132359000,2026-27;2027-28;2028-29,forward_estimate,,,low,portfolio_ownership,portfolio_default,ambiguous,"Portfolio spans courts and legal services, emergency management, human rights, and integrity/security functions with no single dominant Statement 6 function and no program-level evidence established in this pass to split them reliably.
"
Attorney-General's,"Equity injections - Bill 2 2,316 2,038 868 - - Total new capital appropriations",227396,5,4246000,6742000,2025-26;2026-27;2027-28;2028-29,budget;estimated_actual;forward_estimate,,,low,portfolio_ownership,portfolio_default,ambiguous,"Portfolio spans courts and legal services, emergency management, human rights, and integrity/security functions with no single dominant Statement 6 function and no program-level evidence established in this pass to split them reliably.
"
Attorney-General's,"PURCHASE OF NON-FINANCIAL ASSETS Funded by capital appropriation (a) 6,521 4,841 868 - - Funded by capital appropriation – DCB (b)",227397,5,4151000,4426000,2025-26;2026-27;2027-28;2028-29,budget;estimated_actual;forward_estimate,,,low,portfolio_ownership,portfolio_default,ambiguous,"Portfolio spans courts and legal services, emergency management, human rights, and integrity/security functions with no single dominant Statement 6 function and no program-level evidence established in this pass to split them reliably.
"
Attorney-General's,Cash and cash equivalents at beginning of reporting period -,227401,4,773000,773000,2025-26;2026-27;2027-28;2028-29,budget;forward_estimate,,,low,portfolio_ownership,portfolio_default,ambiguous,"Portfolio spans courts and legal services, emergency management, human rights, and integrity/security functions with no single dominant Statement 6 function and no program-level evidence established in this pass to split them reliably.
"
Attorney-General's,By purchase - other -,227413,3,4821000,29107000,2026-27;2027-28;2028-29,forward_estimate,,,low,portfolio_ownership,portfolio_default,ambiguous,"Portfolio spans courts and legal services, emergency management, human rights, and integrity/security functions with no single dominant Statement 6 function and no program-level evidence established in this pass to split them reliably.
"
Attorney-General's,"By purchase - other - ROU assets 27,087 595 - 27,682 Total additions",227414,4,7396000,82034000,2025-26;2026-27;2027-28;2028-29,budget;forward_estimate,,,low,portfolio_ownership,portfolio_default,ambiguous,"Portfolio spans courts and legal services, emergency management, human rights, and integrity/security functions with no single dominant Statement 6 function and no program-level evidence established in this pass to split them reliably.
"
Attorney-General's,"Adjusted opening balance (1,828,162)",227420,3,205737000,2097269000,2026-27;2027-28;2028-29,forward_estimate,,,low,portfolio_ownership,portfolio_default,ambiguous,"Portfolio spans courts and legal services, emergency management, human rights, and integrity/security functions with no single dominant Statement 6 function and no program-level evidence established in this pass to split them reliably.
"
Attorney-General's,"Adjusted opening balance (5,011)",227447,3,2599000,18561000,2026-27;2027-28;2028-29,forward_estimate,,,low,portfolio_ownership,portfolio_default,ambiguous,"Portfolio spans courts and legal services, emergency management, human rights, and integrity/security functions with no single dominant Statement 6 function and no program-level evidence established in this pass to split them reliably.
"
Attorney-General's,Cash used Other,227478,5,42442000,60959000,2025-26;2026-27;2027-28;2028-29,budget;estimated_actual;forward_estimate,,,low,portfolio_ownership,portfolio_default,ambiguous,"Portfolio spans courts and legal services, emergency management, human rights, and integrity/security functions with no single dominant Statement 6 function and no program-level evidence established in this pass to split them reliably.
"
Attorney-General's,"Adjusted opening balance (118,071)",227485,3,1312000,191472000,2026-27;2027-28;2028-29,forward_estimate,,,low,portfolio_ownership,portfolio_default,ambiguous,"Portfolio spans courts and legal services, emergency management, human rights, and integrity/security functions with no single dominant Statement 6 function and no program-level evidence established in this pass to split them reliably.
"
Attorney-General's,"Adjusted opening balance (70,474)",227499,3,17993000,218659000,2026-27;2027-28;2028-29,forward_estimate,,,low,portfolio_ownership,portfolio_default,ambiguous,"Portfolio spans courts and legal services, emergency management, human rights, and integrity/security functions with no single dominant Statement 6 function and no program-level evidence established in this pass to split them reliably.
"
Attorney-General's,Cash from Official Public Account for: - Appropriations,227510,8,1847000,1964000,2025-26;2026-27;2027-28;2028-29;2029-30,budget;estimated_actual;forward_estimate,,,low,portfolio_ownership,portfolio_default,ambiguous,"Portfolio spans courts and legal services, emergency management, human rights, and integrity/security functions with no single dominant Statement 6 function and no program-level evidence established in this pass to split them reliably.
"
Attorney-General's,"Adjusted opening balance (102,623)",227514,3,125566000,258919000,2026-27;2027-28;2028-29,forward_estimate,,,low,portfolio_ownership,portfolio_default,ambiguous,"Portfolio spans courts and legal services, emergency management, human rights, and integrity/security functions with no single dominant Statement 6 function and no program-level evidence established in this pass to split them reliably.
"
Attorney-General's,Investments - - 401 - - Total cash used,227519,5,3737000,6847000,2025-26;2026-27;2027-28;2028-29,budget;estimated_actual;forward_estimate,,,low,portfolio_ownership,portfolio_default,ambiguous,"Portfolio spans courts and legal services, emergency management, human rights, and integrity/security functions with no single dominant Statement 6 function and no program-level evidence established in this pass to split them reliably.
"
Attorney-General's,Accumulated depreciation/ amortisation and impairment – ROU assets - - (454) - - (454) Opening net book balance,227523,6,441000,252021000,2024-25;2025-26;2026-27;2027-28;2028-29,actual;budget;estimated_actual;forward_estimate,,,low,portfolio_ownership,portfolio_default,ambiguous,"Portfolio spans courts and legal services, emergency management, human rights, and integrity/security functions with no single dominant Statement 6 function and no program-level evidence established in this pass to split them reliably.
"
Attorney-General's,Accumulated depreciation/ amortisation and Impairment – ROU assets - - (529) - - (529) Closing net book balance,227525,6,426000,247676000,2024-25;2025-26;2026-27;2027-28;2028-29,actual;budget;estimated_actual;forward_estimate,,,low,portfolio_ownership,portfolio_default,ambiguous,"Portfolio spans courts and legal services, emergency management, human rights, and integrity/security functions with no single dominant Statement 6 function and no program-level evidence established in this pass to split them reliably.
"
Attorney-General's,"Adjusted opening balance (3,398)",227544,3,606000,7053000,2026-27;2027-28;2028-29,forward_estimate,,,low,portfolio_ownership,portfolio_default,ambiguous,"Portfolio spans courts and legal services, emergency management, human rights, and integrity/security functions with no single dominant Statement 6 function and no program-level evidence established in this pass to split them reliably.
"
Attorney-General's,"Adjusted opening balance (9,564)",227555,3,1410000,16028000,2026-27;2027-28;2028-29,forward_estimate,,,low,portfolio_ownership,portfolio_default,ambiguous,"Portfolio spans courts and legal services, emergency management, human rights, and integrity/security functions with no single dominant Statement 6 function and no program-level evidence established in this pass to split them reliably.
"
Attorney-General's,"Departmental Capital Budget (DCB) - - 868 868 Sub-total transactions with owners - - 868 868 Closing balance attributable to the Australian Government (11,077)",227556,3,1410000,16896000,2026-27;2027-28;2028-29,forward_estimate,,,low,portfolio_ownership,portfolio_default,ambiguous,"Portfolio spans courts and legal services, emergency management, human rights, and integrity/security functions with no single dominant Statement 6 function and no program-level evidence established in this pass to split them reliably.
"
Attorney-General's,Sublease income,227562,5,200000,200000,2025-26;2026-27;2027-28;2028-29,budget;estimated_actual;forward_estimate,,,low,portfolio_ownership,portfolio_default,ambiguous,"Portfolio spans courts and legal services, emergency management, human rights, and integrity/security functions with no single dominant Statement 6 function and no program-level evidence established in this pass to split them reliably.
"
Attorney-General's,"Adjusted opening balance (34,737)",227565,3,17136000,31130000,2026-27;2027-28;2028-29,forward_estimate,,,low,portfolio_ownership,portfolio_default,ambiguous,"Portfolio spans courts and legal services, emergency management, human rights, and integrity/security functions with no single dominant Statement 6 function and no program-level evidence established in this pass to split them reliably.
"
Attorney-General's,Departmental Capital Budget (DCB) - - 517 517 Sub-total transactions with owners - - 517 517 Estimated closing balance as at 30 June,227590,5,183000,23566000,2025-26;2026-27;2027-28;2028-29,budget;estimated_actual;forward_estimate,,,low,portfolio_ownership,portfolio_default,ambiguous,"Portfolio spans courts and legal services, emergency management, human rights, and integrity/security functions with no single dominant Statement 6 function and no program-level evidence established in this pass to split them reliably.
"
Climate Change Energy the Environment and Water,Departmental receipt – – – – – Total –,227605,4,798000,1609000,2026-27;2027-28;2028-29;2029-30,budget;forward_estimate,Fuel and energy,related_breakdown,low,portfolio_ownership,portfolio_default,mapped,
Climate Change Energy the Environment and Water,Departmental – – – – – Total –,227606,4,798000,1609000,2026-27;2027-28;2028-29;2029-30,budget;forward_estimate,Fuel and energy,related_breakdown,low,portfolio_ownership,portfolio_default,mapped,
Climate Change Energy the Environment and Water,Boosting Productivity – Accelerating Approvals (b) 2.1 Administered payment – – – – – Departmental payment –,227608,4,7766000,64347000,2026-27;2027-28;2028-29;2029-30,budget;forward_estimate,Fuel and energy,related_breakdown,low,portfolio_ownership,portfolio_default,mapped,
Climate Change Energy the Environment and Water,Energy Sovereignty – Establishing a Domestic Gas Reservation 1.1 Administered payment – – – – – Departmental payment –,227609,4,6602000,9058000,2026-27;2027-28;2028-29;2029-30,budget;forward_estimate,Fuel and energy,related_breakdown,low,portfolio_ownership,portfolio_default,mapped,
Climate Change Energy the Environment and Water,"Administered payment – 286 – – – Departmental payment – 19,593 – – – Total – 19,879 – – – Water Reform – continuing funding 4.1 Administered payment –",227610,4,816000,14461000,2026-27;2027-28;2028-29;2029-30,budget;forward_estimate,Fuel and energy,related_breakdown,low,portfolio_ownership,portfolio_default,mapped,
Climate Change Energy the Environment and Water,"Departmental payment – 1,520 – – – Total –",227611,4,816000,15981000,2026-27;2027-28;2028-29;2029-30,budget;forward_estimate,Fuel and energy,related_breakdown,low,portfolio_ownership,portfolio_default,mapped,
Climate Change Energy the Environment and Water,Ordinary annual services (Appropriation Bill (No. 1) and Supply Bill (No. 1)) Agriculture 2030 - Soil and Stewardship - Pilot stewardship program,227612,5,3900000,6627000,2025-26;2026-27;2027-28;2028-29;2029-30,budget,Fuel and energy,related_breakdown,low,portfolio_ownership,portfolio_default,mapped,
Climate Change Energy the Environment and Water,Agriculture Stewardship Package 255 – – – – Australian Biological Resources Study,227613,5,2030000,2030000,2025-26;2026-27;2027-28;2028-29;2029-30,budget,Fuel and energy,related_breakdown,low,portfolio_ownership,portfolio_default,mapped,
Climate Change Energy the Environment and Water,Australian Bushland Program,227614,5,45600000,50000000,2025-26;2026-27;2027-28;2028-29;2029-30,budget,Fuel and energy,related_breakdown,low,portfolio_ownership,portfolio_default,mapped,
Climate Change Energy the Environment and Water,"Program 2.1: Conserve, protect, sustainably manage and restore Australia's natural environment (continued) Special accounts Natural Heritage Trust of Australia ",227619,5,179208000,267013000,2025-26;2026-27;2027-28;2028-29;2029-30,budget,Fuel and energy,related_breakdown,low,portfolio_ownership,portfolio_default,mapped,
Climate Change Energy the Environment and Water,"Investing in Australia's Indigenous Culture and World Heritage 2,867 2,000 – – – Total ordinary annual services",227621,5,5347000,9576000,2025-26;2026-27;2027-28;2028-29;2029-30,budget,Fuel and energy,related_breakdown,low,portfolio_ownership,portfolio_default,mapped,
Climate Change Energy the Environment and Water,"Program 4.1: Protect, restore and sustainably manage Australia's water resources Administered expenses Ordinary annual services (Appropriation Bill (No. 1) and ",227628,6,22821000,89912000,2024-25;2025-26;2026-27;2027-28;2028-29;2029-30,budget,Fuel and energy,related_breakdown,low,portfolio_ownership,portfolio_default,mapped,
Climate Change Energy the Environment and Water,Ordinary annual services (Appropriation Bill (No. 1) and Supply Bill (No. 1)) Commonwealth Contribution under the Murray-Darling Basin Agreement,227629,6,16959000,25163000,2024-25;2025-26;2026-27;2027-28;2028-29;2029-30,budget,Fuel and energy,related_breakdown,low,portfolio_ownership,portfolio_default,mapped,
Climate Change Energy the Environment and Water,Special accounts Environmental Water Holdings Special Account,227634,6,59252000,72723000,2024-25;2025-26;2026-27;2027-28;2028-29;2029-30,budget,Fuel and energy,related_breakdown,low,portfolio_ownership,portfolio_default,mapped,
Climate Change Energy the Environment and Water,Rental Income,227636,6,177000,212000,2024-25;2025-26;2026-27;2027-28;2028-29;2029-30,budget,Fuel and energy,related_breakdown,low,portfolio_ownership,portfolio_default,mapped,
Climate Change Energy the Environment and Water,"Adjusted opening balance (301,175)",227640,3,114692000,914326000,2027-28;2028-29;2029-30,budget,Fuel and energy,related_breakdown,low,portfolio_ownership,portfolio_default,mapped,
Climate Change Energy the Environment and Water,"Other – 31,635 – – – Total cash used",227644,5,28967000,62499000,2025-26;2026-27;2027-28;2028-29;2029-30,budget,Fuel and energy,related_breakdown,low,portfolio_ownership,portfolio_default,mapped,
Climate Change Energy the Environment and Water,"Interest 8,447 4,937 – – – Dividends",227651,5,98000000,716700000,2025-26;2026-27;2027-28;2028-29;2029-30,budget,Fuel and energy,related_breakdown,low,portfolio_ownership,portfolio_default,mapped,
Climate Change Energy the Environment and Water,Gains Total income,227652,5,132579000,751398000,2025-26;2026-27;2027-28;2028-29;2029-30,budget,Fuel and energy,related_breakdown,low,portfolio_ownership,portfolio_default,mapped,
Climate Change Energy the Environment and Water,"Interest – 29,886 – – – Dividends",227654,5,98000000,716700000,2025-26;2026-27;2027-28;2028-29;2029-30,budget,Fuel and energy,related_breakdown,low,portfolio_ownership,portfolio_default,mapped,
Climate Change Energy the Environment and Water,Cash used Grant and subsidies paid,227655,6,1383243000,2346439000,2024-25;2025-26;2026-27;2027-28;2028-29;2029-30,budget,Fuel and energy,related_breakdown,low,portfolio_ownership,portfolio_default,mapped,
Climate Change Energy the Environment and Water,"INVESTING ACTIVITIES Cash received Repayments of loans and advances – 22,000 – – – Other (a)",227656,5,100000000,750000000,2025-26;2026-27;2027-28;2028-29;2029-30,budget,Fuel and energy,related_breakdown,low,portfolio_ownership,portfolio_default,mapped,
Climate Change Energy the Environment and Water,Supplier -,227664,4,24822000,31847000,2026-27;2027-28;2028-29;2029-30,budget,Fuel and energy,related_breakdown,low,portfolio_ownership,portfolio_default,mapped,
Climate Change Energy the Environment and Water,Trade and other receivables -,227669,4,26403000,37027000,2026-27;2027-28;2028-29;2029-30,budget,Fuel and energy,related_breakdown,low,portfolio_ownership,portfolio_default,mapped,
Climate Change Energy the Environment and Water,Provisions Employee provisions -,227674,4,18346000,28970000,2026-27;2027-28;2028-29;2029-30,budget,Fuel and energy,related_breakdown,low,portfolio_ownership,portfolio_default,mapped,
Climate Change Energy the Environment and Water,Net GST received -,227679,4,1672000,2576000,2026-27;2027-28;2028-29;2029-30,budget,Fuel and energy,related_breakdown,low,portfolio_ownership,portfolio_default,mapped,
Climate Change Energy the Environment and Water,Cash used Employees -,227680,4,78802000,89348000,2026-27;2027-28;2028-29;2029-30,budget,Fuel and energy,related_breakdown,low,portfolio_ownership,portfolio_default,mapped,
Climate Change Energy the Environment and Water,Net GST Paid -,227681,4,2482000,3430000,2026-27;2027-28;2028-29;2029-30,budget,Fuel and energy,related_breakdown,low,portfolio_ownership,portfolio_default,mapped,
Climate Change Energy the Environment and Water,Cash and cash equivalents at the end of the reporting period -,227684,4,20000,20000,2026-27;2027-28;2028-29;2029-30,budget,Fuel and energy,related_breakdown,low,portfolio_ownership,portfolio_default,mapped,
Climate Change Energy the Environment and Water,"Cash used Purchase of property, plant and equipment and intangibles",227692,6,11746000,39468000,2024-25;2025-26;2026-27;2027-28;2028-29;2029-30,budget,Fuel and energy,related_breakdown,low,portfolio_ownership,portfolio_default,mapped,
Climate Change Energy the Environment and Water,"Surplus/(deficit) attributable to the Australian Government (374,275) (308,229)",227702,3,1000000,1191000,2027-28;2028-29;2029-30,budget,Fuel and energy,related_breakdown,low,portfolio_ownership,portfolio_default,mapped,
Climate Change Energy the Environment and Water,"Investments (489,000)",227709,4,20000000,20000000,2026-27;2027-28;2028-29;2029-30,budget,Fuel and energy,related_breakdown,low,portfolio_ownership,portfolio_default,mapped,
Climate Change Energy the Environment and Water,"Adjusted opening balance (1,510,385)",227718,3,383808000,2024023000,2027-28;2028-29;2029-30,budget,Fuel and energy,related_breakdown,low,portfolio_ownership,portfolio_default,mapped,
Climate Change Energy the Environment and Water,GST on Supplier Payments,227721,6,15900000,20186000,2024-25;2025-26;2026-27;2027-28;2028-29;2029-30,budget,Fuel and energy,related_breakdown,low,portfolio_ownership,portfolio_default,mapped,
Climate Change Energy the Environment and Water,"By purchase – ROU 571 15,632 329 - 16,532 Total additions",227727,5,571000,155559000,2025-26;2026-27;2027-28;2028-29;2029-30,budget,Fuel and energy,related_breakdown,low,portfolio_ownership,portfolio_default,mapped,
Climate Change Energy the Environment and Water,"Add Fair Value Loss on Financial Assets 83,697 – – – – Less Fair Value Gain on Investments (72,340) – – – – Net adjustments to investment carrying values",227735,5,37500000,190200000,2025-26;2026-27;2027-28;2028-29;2029-30,budget,Fuel and energy,related_breakdown,low,portfolio_ownership,portfolio_default,mapped,
Climate Change Energy the Environment and Water,"Adjusted opening balance (1,713,960)",227738,3,31663000,7838363000,2027-28;2028-29;2029-30,budget,Fuel and energy,related_breakdown,low,portfolio_ownership,portfolio_default,mapped,
Climate Change Energy the Environment and Water,"Adjusted opening balance (83,750)",227751,3,10041000,92308000,2027-28;2028-29;2029-30,budget,Fuel and energy,related_breakdown,low,portfolio_ownership,portfolio_default,mapped,
Climate Change Energy the Environment and Water,"Departmental Capital Budget (DCB) – – 558 558 Sub-total transactions with owners – – 947 947 Estimated closing balance as at 30 June 2027 (84,573)",227752,3,10041000,93255000,2027-28;2028-29;2029-30,budget,Fuel and energy,related_breakdown,low,portfolio_ownership,portfolio_default,mapped,
Climate Change Energy the Environment and Water,Funded by capital appropriation - DCB (a) –,227758,4,558000,1328000,2026-27;2027-28;2028-29;2029-30,budget,Fuel and energy,related_breakdown,low,portfolio_ownership,portfolio_default,mapped,
Climate Change Energy the Environment and Water,Cash and cash equivalents at beginning of reporting period,227768,5,41788000,41788000,2025-26;2026-27;2027-28;2028-29;2029-30,budget,Fuel and energy,related_breakdown,low,portfolio_ownership,portfolio_default,mapped,
Climate Change Energy the Environment and Water,Cash from Official Public Account for: - Appropriations,227769,6,64802000,92931000,2024-25;2025-26;2026-27;2027-28;2028-29;2029-30,budget,Fuel and energy,related_breakdown,low,portfolio_ownership,portfolio_default,mapped,
Climate Change Energy the Environment and Water,Retained surplus/(accumulated deficit),227774,6,64236000,81934000,2024-25;2025-26;2026-27;2027-28;2028-29;2029-30,budget,Fuel and energy,related_breakdown,low,portfolio_ownership,portfolio_default,mapped,
Climate Change Energy the Environment and Water,"Adjusted opening balance (15,990)",227780,3,232374000,603246000,2027-28;2028-29;2029-30,budget,Fuel and energy,related_breakdown,low,portfolio_ownership,portfolio_default,mapped,
Climate Change Energy the Environment and Water,Grants received from Government and Industry Partners,227790,6,1746000,3760000,2024-25;2025-26;2026-27;2027-28;2028-29;2029-30,budget,Fuel and energy,related_breakdown,low,portfolio_ownership,portfolio_default,mapped,
Climate Change Energy the Environment and Water,Receipts from Queensland Government for Field Management Program,227791,6,19218000,19218000,2024-25;2025-26;2026-27;2027-28;2028-29;2029-30,budget,Fuel and energy,related_breakdown,low,portfolio_ownership,portfolio_default,mapped,
Climate Change Energy the Environment and Water,"Other provisions 3,000 – – – – Total provisions",227794,5,8753000,11753000,2025-26;2026-27;2027-28;2028-29;2029-30,budget,Fuel and energy,related_breakdown,low,portfolio_ownership,portfolio_default,mapped,
Climate Change Energy the Environment and Water,Receipts from Government and industry partners,227797,6,1746000,3760000,2024-25;2025-26;2026-27;2027-28;2028-29;2029-30,budget,Fuel and energy,related_breakdown,low,portfolio_ownership,portfolio_default,mapped,
Climate Change Energy the Environment and Water,Surplus/(Deficit),227805,6,11499000,13577000,2024-25;2025-26;2026-27;2027-28;2028-29;2029-30,budget,Fuel and energy,related_breakdown,low,portfolio_ownership,portfolio_default,mapped,
Climate Change Energy the Environment and Water,"Accumulated depreciation/amortisation and impairment – (1,643) (1,643) Opening net book balance",227807,3,2311000,10771000,2027-28;2028-29;2029-30,budget,Fuel and energy,related_breakdown,low,portfolio_ownership,portfolio_default,mapped,
Climate Change Energy the Environment and Water,"Accumulated depreciation/amortisation and impairment – (1,657) (1,657) Closing net book balance",227809,3,2297000,10757000,2027-28;2028-29;2029-30,budget,Fuel and energy,related_breakdown,low,portfolio_ownership,portfolio_default,mapped,
Climate Change Energy the Environment and Water,"Cash received Contributed equity – – – – 1,331 Total cash received – – – – 1,331 Cash used Principal payments on lease liability",227815,5,2604000,2844000,2025-26;2026-27;2027-28;2028-29;2029-30,budget,Fuel and energy,related_breakdown,low,portfolio_ownership,portfolio_default,mapped,
Climate Change Energy the Environment and Water,"By purchase - ROU assets 16,728 – – 16,728 Total additions",227820,4,213000,17645000,2026-27;2027-28;2028-29;2029-30,budget,Fuel and energy,related_breakdown,low,portfolio_ownership,portfolio_default,mapped,
Climate Change Energy the Environment and Water,Supplier –,227823,4,11578000,63748000,2026-27;2027-28;2028-29;2029-30,budget,Fuel and energy,related_breakdown,low,portfolio_ownership,portfolio_default,mapped,
Climate Change Energy the Environment and Water,Cash used Employees –,227827,4,19563000,142886000,2026-27;2027-28;2028-29;2029-30,budget,Fuel and energy,related_breakdown,low,portfolio_ownership,portfolio_default,mapped,
Climate Change Energy the Environment and Water,Cash used Suppliers –,227831,4,259000,259000,2026-27;2027-28;2028-29;2029-30,budget,Fuel and energy,related_breakdown,low,portfolio_ownership,portfolio_default,mapped,
Climate Change Energy the Environment and Water,Cash and cash equivalents at the beginning of reporting period – - - - - Cash from Official Public Account for: - Appropriations –,227834,4,340000,350000,2026-27;2027-28;2028-29;2029-30,budget,Fuel and energy,related_breakdown,low,portfolio_ownership,portfolio_default,mapped,
Climate Change Energy the Environment and Water,"Adjusted opening balance (33,984)",227836,4,5331000,587911000,2026-27;2027-28;2028-29;2029-30,budget,Fuel and energy,related_breakdown,low,portfolio_ownership,portfolio_default,mapped,
Foreign Affairs and Trade,Departmental payment - nfp nfp nfp nfp Total - nfp nfp nfp nfp Boosting Australia's Partnership w ith India (b) 1.1 Administered payment -,227845,4,4000000,6500000,2026-27;2027-28;2028-29;2029-30,budget;forward_estimate,General public services,related_breakdown,medium,portfolio_ownership,portfolio_default,mapped,
Foreign Affairs and Trade,"Common Security (the Jakarta Treaty 2026) (e) 1.1, 1.2, 1.6 Administered payment -",227846,4,3497000,3730000,2026-27;2027-28;2028-29;2029-30,budget;forward_estimate,General public services,related_breakdown,medium,portfolio_ownership,portfolio_default,mapped,
Foreign Affairs and Trade,"Maintaining Support for an Effective Foreign Service (f) (g) 1.1, 2.1 Administered payment (3,721)",227847,4,100000,100000,2026-27;2027-28;2028-29;2029-30,budget;forward_estimate,General public services,related_breakdown,medium,portfolio_ownership,portfolio_default,mapped,
Foreign Affairs and Trade,"Transfer to the OPA - 12,000 73,542 - - Interest payments on lease liability",227856,5,15669000,16960000,2026-27;2027-28;2028-29;2029-30,budget;estimated_actual;forward_estimate,General public services,related_breakdown,medium,portfolio_ownership,portfolio_default,mapped,
Foreign Affairs and Trade,Multilateral Replenishments and other loans,227862,5,27857000,1159996000,2026-27;2027-28;2028-29;2029-30,budget;estimated_actual;forward_estimate,General public services,related_breakdown,medium,portfolio_ownership,portfolio_default,mapped,
Foreign Affairs and Trade,EFA – NIA,227865,5,53918000,1126067000,2026-27;2027-28;2028-29;2029-30,budget;estimated_actual;forward_estimate,General public services,related_breakdown,medium,portfolio_ownership,portfolio_default,mapped,
Foreign Affairs and Trade,Payments to corporate commonw ealth entities – Tourism Australia,227866,5,140839000,150914000,2026-27;2027-28;2028-29;2029-30,budget;estimated_actual;forward_estimate,General public services,related_breakdown,medium,portfolio_ownership,portfolio_default,mapped,
Foreign Affairs and Trade,Provided for: Other Items,227872,5,800000,36500000,2026-27;2027-28;2028-29;2029-30,budget;estimated_actual;forward_estimate,General public services,related_breakdown,medium,portfolio_ownership,portfolio_default,mapped,
Foreign Affairs and Trade,"Adjusted opening balance (233,250)",227876,3,43670000,234066000,2027-28;2028-29;2029-30,forward_estimate,General public services,related_breakdown,medium,portfolio_ownership,portfolio_default,mapped,
Foreign Affairs and Trade,Adjusted opening balance,227905,5,195000,19977000,2026-27;2027-28;2028-29;2029-30,budget;estimated_actual;forward_estimate,General public services,related_breakdown,medium,portfolio_ownership,portfolio_default,mapped,
Foreign Affairs and Trade,By purchase - appropriation ordinary annual services - ROU assets (161) - - (161) Total additions,227910,4,100000,1459000,2026-27;2027-28;2028-29;2029-30,budget;forward_estimate,General public services,related_breakdown,medium,portfolio_ownership,portfolio_default,mapped,
Climate Change Energy the Environment and Water,"Administered payment – – – – – Departmental payment – 2,998 – – – Total – 2,998 – – – Protecting Our Environment (e) 2.1 Administered payment –",227913,4,50000000,50000000,2025-26;2026-27;2027-28;2028-29,budget;forward_estimate,Fuel and energy,related_breakdown,low,portfolio_ownership,portfolio_default,mapped,
Climate Change Energy the Environment and Water,Departmental payment – – – – – Total –,227914,7,973000,50000000,2025-26;2026-27;2027-28;2028-29,budget;forward_estimate,Fuel and energy,related_breakdown,low,portfolio_ownership,portfolio_default,mapped,
Climate Change Energy the Environment and Water,"Departmental payment – 11 – – (18,326) Total (12,270)",227915,4,31674000,51411000,2025-26;2026-27;2027-28;2028-29,budget;forward_estimate,Fuel and energy,related_breakdown,low,portfolio_ownership,portfolio_default,mapped,
Climate Change Energy the Environment and Water,Ordinary annual services (Appropriation Bill (No. 1) and Supply Bill (No. 1)) Agriculture 2030 - Soil and Stewardship Pilot stewardship program,227916,5,3900000,8870000,2024-25;2025-26;2026-27;2027-28;2028-29,budget,Fuel and energy,related_breakdown,low,portfolio_ownership,portfolio_default,mapped,
Climate Change Energy the Environment and Water,"Agriculture Stewardship Package 3,166 255 – – – Australian Biological Resources Study",227917,5,2030000,2030000,2024-25;2025-26;2026-27;2027-28;2028-29,budget,Fuel and energy,related_breakdown,low,portfolio_ownership,portfolio_default,mapped,
Climate Change Energy the Environment and Water,Australian Bushland Program (a) –,227918,4,50000000,50000000,2025-26;2026-27;2027-28;2028-29,budget,Fuel and energy,related_breakdown,low,portfolio_ownership,portfolio_default,mapped,
Climate Change Energy the Environment and Water,Independent Expert Scientific Committee on Unconventional Gas Development and Large Coal Mining Development,227920,5,1035000,1035000,2024-25;2025-26;2026-27;2027-28;2028-29,budget,Fuel and energy,related_breakdown,low,portfolio_ownership,portfolio_default,mapped,
Climate Change Energy the Environment and Water,"Landcare Rangers – – – 14,996 17,963 National Environmental Science Program",227921,5,25087000,25384000,2024-25;2025-26;2026-27;2027-28;2028-29,budget,Fuel and energy,related_breakdown,low,portfolio_ownership,portfolio_default,mapped,
Climate Change Energy the Environment and Water,"Reef Restoration Projects - Reef guardian councils 5,700 6,080 – – – Restoring Funding to the Environmental Defenders Office and Environmental Justice Australia",227923,5,2123000,2290000,2024-25;2025-26;2026-27;2027-28;2028-29,budget,Fuel and energy,related_breakdown,low,portfolio_ownership,portfolio_default,mapped,
Climate Change Energy the Environment and Water,"Saving Native Species 63,113 38,281 – – – Total ordinary annual services",227924,5,93373000,169420000,2024-25;2025-26;2026-27;2027-28;2028-29,budget,Fuel and energy,related_breakdown,low,portfolio_ownership,portfolio_default,mapped,
Climate Change Energy the Environment and Water,"Investing in Australia's Indigenous Culture and World Heritage 3,234 1,835 – – – Total ordinary annual services",227926,5,5347000,8581000,2024-25;2025-26;2026-27;2027-28;2028-29,budget,Fuel and energy,related_breakdown,low,portfolio_ownership,portfolio_default,mapped,
Climate Change Energy the Environment and Water,Payments to corporate entities Murray-Darling Basin Authority,227934,5,37956000,85825000,2024-25;2025-26;2026-27;2027-28;2028-29,budget,Fuel and energy,related_breakdown,low,portfolio_ownership,portfolio_default,mapped,
Climate Change Energy the Environment and Water,"Adjusted opening balance (292,323)",227937,3,114969000,830164000,2026-27;2027-28;2028-29,budget,Fuel and energy,related_breakdown,low,portfolio_ownership,portfolio_default,mapped,
Climate Change Energy the Environment and Water,"Interest 7,430 5,412 – – – Dividends",227945,5,256400000,568100000,2024-25;2025-26;2026-27;2027-28;2028-29,budget,Fuel and energy,related_breakdown,low,portfolio_ownership,portfolio_default,mapped,
Climate Change Energy the Environment and Water,Taxation receivables,227947,5,2012000,2012000,2024-25;2025-26;2026-27;2027-28;2028-29,budget,Fuel and energy,related_breakdown,low,portfolio_ownership,portfolio_default,mapped,
Climate Change Energy the Environment and Water,"Interest – 21,914 – – – Dividends",227949,5,256400000,568100000,2024-25;2025-26;2026-27;2027-28;2028-29,budget,Fuel and energy,related_breakdown,low,portfolio_ownership,portfolio_default,mapped,
Climate Change Energy the Environment and Water,"INVESTING ACTIVITIES Cash received Repayments of loans and advances 4,903 22,000 – – – Other (a)",227950,5,100000000,550000000,2024-25;2025-26;2026-27;2027-28;2028-29,budget,Fuel and energy,related_breakdown,low,portfolio_ownership,portfolio_default,mapped,
Climate Change Energy the Environment and Water,Other 500 500 – – – Total cash received,227973,5,482362000,1156200000,2024-25;2025-26;2026-27;2027-28;2028-29,budget,Fuel and energy,related_breakdown,low,portfolio_ownership,portfolio_default,mapped,
Climate Change Energy the Environment and Water,"Adjusted opening balance (1,387,278)",227983,3,383808000,1897583000,2026-27;2027-28;2028-29,budget,Fuel and energy,related_breakdown,low,portfolio_ownership,portfolio_default,mapped,
Climate Change Energy the Environment and Water,"By purchase – appropriation equity – ROU 571 15,623 329 - 16,523 Total additions",227989,5,571000,178787000,2024-25;2025-26;2026-27;2027-28;2028-29,budget,Fuel and energy,related_breakdown,low,portfolio_ownership,portfolio_default,mapped,
Climate Change Energy the Environment and Water,Add Provision for Impairment,227996,5,62700000,188400000,2024-25;2025-26;2026-27;2027-28;2028-29,budget,Fuel and energy,related_breakdown,low,portfolio_ownership,portfolio_default,mapped,
Climate Change Energy the Environment and Water,"Add Fair Value Loss on Financial Assets 31,975 – – – – Less Fair Value Gain on Investments (67,890) – – – – Net adjustments to investment carrying values",227997,5,62311000,188400000,2024-25;2025-26;2026-27;2027-28;2028-29,budget,Fuel and energy,related_breakdown,low,portfolio_ownership,portfolio_default,mapped,
Climate Change Energy the Environment and Water,"Adjusted opening balance (83,508)",228010,3,9832000,92411000,2026-27;2027-28;2028-29,budget,Fuel and energy,related_breakdown,low,portfolio_ownership,portfolio_default,mapped,
Climate Change Energy the Environment and Water,Cash used Other,228015,5,2714000,3531000,2024-25;2025-26;2026-27;2027-28;2028-29,budget,Fuel and energy,related_breakdown,low,portfolio_ownership,portfolio_default,mapped,
Climate Change Energy the Environment and Water,GST on payments to suppliers,228023,5,382000,382000,2024-25;2025-26;2026-27;2027-28;2028-29,budget,Fuel and energy,related_breakdown,low,portfolio_ownership,portfolio_default,mapped,
Climate Change Energy the Environment and Water,Protecting Our Environment (a) 1.1 Departmental payment –,228031,4,821000,7705000,2025-26;2026-27;2027-28;2028-29,budget,Fuel and energy,related_breakdown,low,portfolio_ownership,portfolio_default,mapped,
Climate Change Energy the Environment and Water,"Adjusted opening balance (21,745)",228035,3,232374000,566558000,2026-27;2027-28;2028-29,budget,Fuel and energy,related_breakdown,low,portfolio_ownership,portfolio_default,mapped,
Climate Change Energy the Environment and Water,"Other provisions 1,715 – – – – Total provisions",228047,5,8103000,9818000,2024-25;2025-26;2026-27;2027-28;2028-29,budget,Fuel and energy,related_breakdown,low,portfolio_ownership,portfolio_default,mapped,
Climate Change Energy the Environment and Water,"Adjusted opening balance (9,987)",228049,3,2251000,46433000,2026-27;2027-28;2028-29,budget,Fuel and energy,related_breakdown,low,portfolio_ownership,portfolio_default,mapped,
Climate Change Energy the Environment and Water,"Accumulated depreciation/amortisation and impairment – (1,587) (1,587) Opening net book balance",228056,3,2222000,10281000,2026-27;2027-28;2028-29,budget,Fuel and energy,related_breakdown,low,portfolio_ownership,portfolio_default,mapped,
Climate Change Energy the Environment and Water,"Accumulated depreciation/amortisation and impairment – (1,601) (1,601) Closing net book balance",228058,3,2208000,10267000,2026-27;2027-28;2028-29,budget,Fuel and energy,related_breakdown,low,portfolio_ownership,portfolio_default,mapped,
Climate Change Energy the Environment and Water,Funded internally from departmental resources,228065,5,400000,2606000,2024-25;2025-26;2026-27;2027-28;2028-29,budget,Fuel and energy,related_breakdown,low,portfolio_ownership,portfolio_default,mapped,
Climate Change Energy the Environment and Water,"Adjusted opening balance (18,755)",228074,4,5331000,550863000,2025-26;2026-27;2027-28;2028-29,budget,Fuel and energy,related_breakdown,low,portfolio_ownership,portfolio_default,mapped,
Veterans' Affairs,"Pharmaceutical Benefits Scheme (PBS) – new and amended listings (f) 2.1, 2.3 Administered payment",228083,5,6054000,19198000,2023-24;2024-25;2025-26;2026-27;2027-28,budget,Health / Medical services and benefits / Veterans' pharmaceutical benefits,related_breakdown,high,exact_label_with_portfolio_context,program_label_override,mapped,
Veterans' Affairs,Veterans' Acute Housing -,228087,4,1200000,1200000,2024-25;2025-26;2026-27;2027-28,budget,Social security and welfare / Assistance to veterans and dependants,related_breakdown,medium,portfolio_ownership,portfolio_default,mapped,
Veterans' Affairs,Program 3.2: Commemorative Activities Administered Expenses Ordinary annual services (Appropriation Bill No. 1 & 3),228092,5,20141000,26984000,2023-24;2024-25;2025-26;2026-27;2027-28,budget,Social security and welfare / Assistance to veterans and dependants,related_breakdown,medium,portfolio_ownership,portfolio_default,mapped,
Veterans' Affairs,"Other 8,678 Total cash used",228097,5,22842000,31368000,2023-24;2024-25;2025-26;2026-27;2027-28,budget,Social security and welfare / Assistance to veterans and dependants,related_breakdown,medium,portfolio_ownership,portfolio_default,mapped,
Veterans' Affairs,Funded by capital appropriations - DCB (b),228103,7,14132000,19113000,2023-24;2024-25;2025-26;2026-27;2027-28;2028-29;2029-30,budget,Social security and welfare / Assistance to veterans and dependants,related_breakdown,medium,portfolio_ownership,portfolio_default,mapped,
Veterans' Affairs,"By purchase - ROU assets 5,612 - - 5,612 Total additions",228106,4,21000,19937000,2024-25;2025-26;2026-27;2027-28,budget,Social security and welfare / Assistance to veterans and dependants,related_breakdown,medium,portfolio_ownership,portfolio_default,mapped,
Veterans' Affairs,Net GST paid,228119,5,2742000,17290000,2023-24;2024-25;2025-26;2026-27;2027-28,budget,Social security and welfare / Assistance to veterans and dependants,related_breakdown,medium,portfolio_ownership,portfolio_default,mapped,
Veterans' Affairs,"Cash used Purchase of property, plant, equipment and intangibles",228121,5,24947000,181701000,2023-24;2024-25;2025-26;2026-27;2027-28,budget,Social security and welfare / Assistance to veterans and dependants,related_breakdown,medium,portfolio_ownership,portfolio_default,mapped,
Attorney-General's,"Adjusted opening balance (161,151)",228131,3,28559000,312614000,2027-28;2028-29;2029-30,forward_estimate,,,low,portfolio_ownership,portfolio_default,ambiguous,"Portfolio spans courts and legal services, emergency management, human rights, and integrity/security functions with no single dominant Statement 6 function and no program-level evidence established in this pass to split them reliably.
"
Attorney-General's,Payment measures Addressing Systems Abuse in the Child Support Scheme (a) 1.1 - -,228145,3,92000,424000,2027-28;2028-29;2029-30,forward_estimate,,,low,portfolio_ownership,portfolio_default,ambiguous,"Portfolio spans courts and legal services, emergency management, human rights, and integrity/security functions with no single dominant Statement 6 function and no program-level evidence established in this pass to split them reliably.
"
Attorney-General's,"Adjusted opening balance (73,283)",228149,3,12893000,138548000,2027-28;2028-29;2029-30,forward_estimate,,,low,portfolio_ownership,portfolio_default,ambiguous,"Portfolio spans courts and legal services, emergency management, human rights, and integrity/security functions with no single dominant Statement 6 function and no program-level evidence established in this pass to split them reliably.
"
Attorney-General's,Cash to Official Public Account for Appropriations,228162,5,35000000,67436000,2026-27;2027-28;2028-29;2029-30,budget;estimated_actual;forward_estimate,,,low,portfolio_ownership,portfolio_default,ambiguous,"Portfolio spans courts and legal services, emergency management, human rights, and integrity/security functions with no single dominant Statement 6 function and no program-level evidence established in this pass to split them reliably.
"
Attorney-General's,Cash and cash equivalents at end of reporting period,228163,5,71554000,136426000,2026-27;2027-28;2028-29;2029-30,budget;estimated_actual;forward_estimate,,,low,portfolio_ownership,portfolio_default,ambiguous,"Portfolio spans courts and legal services, emergency management, human rights, and integrity/security functions with no single dominant Statement 6 function and no program-level evidence established in this pass to split them reliably.
"
Attorney-General's,"Adjusted opening balance (3,017)",228167,3,2599000,18561000,2027-28;2028-29;2029-30,forward_estimate,,,low,portfolio_ownership,portfolio_default,ambiguous,"Portfolio spans courts and legal services, emergency management, human rights, and integrity/security functions with no single dominant Statement 6 function and no program-level evidence established in this pass to split them reliably.
"
Attorney-General's,"Labour Hire, and Other Non-Wage Expenses — One-Year Extension (b) 1.1 Departmental payment - - - - (61) Total -",228176,4,2639,2700000,2026-27;2027-28;2028-29;2029-30,budget;forward_estimate,,,low,portfolio_ownership,portfolio_default,ambiguous,"Portfolio spans courts and legal services, emergency management, human rights, and integrity/security functions with no single dominant Statement 6 function and no program-level evidence established in this pass to split them reliably.
"
Attorney-General's,Contributions by owners Departmental Capital Budget (DCB) - - 15 15 Sub-total transactions with owners - - 15 15 Estimated closing balance as at 30 June,228180,5,151000,2026000,2026-27;2027-28;2028-29;2029-30,budget;estimated_actual;forward_estimate,,,low,portfolio_ownership,portfolio_default,ambiguous,"Portfolio spans courts and legal services, emergency management, human rights, and integrity/security functions with no single dominant Statement 6 function and no program-level evidence established in this pass to split them reliably.
"
Attorney-General's,"Adjusted opening balance (96,580)",228189,3,18489000,232270000,2027-28;2028-29;2029-30,forward_estimate,,,low,portfolio_ownership,portfolio_default,ambiguous,"Portfolio spans courts and legal services, emergency management, human rights, and integrity/security functions with no single dominant Statement 6 function and no program-level evidence established in this pass to split them reliably.
"
Attorney-General's,"Adjusted opening balance (112,613)",228201,3,128932000,262779000,2027-28;2028-29;2029-30,forward_estimate,,,low,portfolio_ownership,portfolio_default,ambiguous,"Portfolio spans courts and legal services, emergency management, human rights, and integrity/security functions with no single dominant Statement 6 function and no program-level evidence established in this pass to split them reliably.
"
Attorney-General's,Accumulated depreciation/ amortisation and impairment – ROU assets - - (561) - - (561) Opening net book balance,228211,6,546000,253720000,2025-26;2026-27;2027-28;2028-29;2029-30,actual;budget;estimated_actual;forward_estimate,,,low,portfolio_ownership,portfolio_default,ambiguous,"Portfolio spans courts and legal services, emergency management, human rights, and integrity/security functions with no single dominant Statement 6 function and no program-level evidence established in this pass to split them reliably.
"
Attorney-General's,Accumulated depreciation/ amortisation and Impairment – ROU assets - - (636) - - (636) Closing net book balance,228213,6,531000,248650000,2025-26;2026-27;2027-28;2028-29;2029-30,actual;budget;estimated_actual;forward_estimate,,,low,portfolio_ownership,portfolio_default,ambiguous,"Portfolio spans courts and legal services, emergency management, human rights, and integrity/security functions with no single dominant Statement 6 function and no program-level evidence established in this pass to split them reliably.
"
Attorney-General's,"Departmental Capital Budget (DCB) - - 350 350 Sub-total transactions with owners - - 350 3,508 Estimated closing balance as at 30 June",228218,5,2027000,67896000,2026-27;2027-28;2028-29;2029-30,budget;estimated_actual;forward_estimate,,,low,portfolio_ownership,portfolio_default,ambiguous,"Portfolio spans courts and legal services, emergency management, human rights, and integrity/security functions with no single dominant Statement 6 function and no program-level evidence established in this pass to split them reliably.
"
Attorney-General's,"Extension (c) 1.1 Departmental payment - - - - (1,269) Total payment measures Departmental -",228226,4,4394000,7919000,2026-27;2027-28;2028-29;2029-30,budget;forward_estimate,,,low,portfolio_ownership,portfolio_default,ambiguous,"Portfolio spans courts and legal services, emergency management, human rights, and integrity/security functions with no single dominant Statement 6 function and no program-level evidence established in this pass to split them reliably.
"
Attorney-General's,"Adjusted opening balance (13,458)",228241,3,1410000,16328000,2027-28;2028-29;2029-30,forward_estimate,,,low,portfolio_ownership,portfolio_default,ambiguous,"Portfolio spans courts and legal services, emergency management, human rights, and integrity/security functions with no single dominant Statement 6 function and no program-level evidence established in this pass to split them reliably.
"
Attorney-General's,Contributions by owners Departmental Capital Budget (DCB) - - 880 880 Sub-total transactions with owners - - 880 880 Estimated closing balance as at 30 June 202,228242,3,1410000,17208000,2027-28;2028-29;2029-30,forward_estimate,,,low,portfolio_ownership,portfolio_default,ambiguous,"Portfolio spans courts and legal services, emergency management, human rights, and integrity/security functions with no single dominant Statement 6 function and no program-level evidence established in this pass to split them reliably.
"
Attorney-General's,"Adjusted opening balance (29,639)",228253,3,20743000,34823000,2027-28;2028-29;2029-30,forward_estimate,,,low,portfolio_ownership,portfolio_default,ambiguous,"Portfolio spans courts and legal services, emergency management, human rights, and integrity/security functions with no single dominant Statement 6 function and no program-level evidence established in this pass to split them reliably.
"
Attorney-General's,Departmental Capital Budget (DCB) - - 524 524 Sub-total transactions with owners - - 874 874 Estimated closing balance as at 30 June,228273,5,183000,24974000,2026-27;2027-28;2028-29;2029-30,budget;estimated_actual;forward_estimate,,,low,portfolio_ownership,portfolio_default,ambiguous,"Portfolio spans courts and legal services, emergency management, human rights, and integrity/security functions with no single dominant Statement 6 function and no program-level evidence established in this pass to split them reliably.
"
Finance,Delivering a Strategic Fleet (h) 2.1 Departmental payment -,228291,4,135000,135000,2024-25;2025-26;2026-27;2027-28,budget;forward_estimate,General public services,related_breakdown,medium,portfolio_ownership,portfolio_default,mapped,
Finance,Future made in Australia - Attracting Investment in Key Industries (i) 2.1 Departmental payment -,228292,4,1256000,1856000,2024-25;2025-26;2026-27;2027-28,budget;forward_estimate,General public services,related_breakdown,medium,portfolio_ownership,portfolio_default,mapped,
Finance,Maintaining Support for an Effective Foreign Service (k) 2.1 Departmental payment -,228293,4,100000,100000,2024-25;2025-26;2026-27;2027-28,budget;forward_estimate,General public services,related_breakdown,medium,portfolio_ownership,portfolio_default,mapped,
Finance,Snowy Hydro Limited (a) 2.1 Departmental payment,228295,4,381000,844000,2024-25;2025-26;2026-27;2027-28,budget;forward_estimate,General public services,related_breakdown,medium,portfolio_ownership,portfolio_default,mapped,
Finance,Special appropriations Australian Constitution s 66 (b),228297,5,5605000,5853000,2024-25;2025-26;2026-27;2027-28,budget;estimated_actual;forward_estimate,General public services,related_breakdown,medium,portfolio_ownership,portfolio_default,mapped,
Finance,"Adjusted opening balance (52,380)",228313,3,529316000,3542133000,2025-26;2026-27;2027-28,forward_estimate,General public services,related_breakdown,medium,portfolio_ownership,portfolio_default,mapped,
Finance,Appropriations,228316,5,386252000,525488000,2024-25;2025-26;2026-27;2027-28,budget;estimated_actual;forward_estimate,General public services,related_breakdown,medium,portfolio_ownership,portfolio_default,mapped,
Finance,Cash used Construction/purchase of land and buildings,228319,5,206835000,740542000,2024-25;2025-26;2026-27;2027-28,budget;estimated_actual;forward_estimate,General public services,related_breakdown,medium,portfolio_ownership,portfolio_default,mapped,
Finance,"Construction/purchase of property, plant and equipment",228320,5,700000,2355000,2024-25;2025-26;2026-27;2027-28,budget;estimated_actual;forward_estimate,General public services,related_breakdown,medium,portfolio_ownership,portfolio_default,mapped,
Finance,Construction/purchase of intangibles,228321,5,6530000,15008000,2024-25;2025-26;2026-27;2027-28,budget;estimated_actual;forward_estimate,General public services,related_breakdown,medium,portfolio_ownership,portfolio_default,mapped,
Finance,Funded by capital appropriation - DCB (b),228326,8,3214000,12094000,2024-25;2025-26;2026-27;2027-28;2028-29,budget;estimated_actual;forward_estimate,General public services,related_breakdown,medium,portfolio_ownership,portfolio_default,mapped,
Finance,Distributions from the Investment Funds (a),228330,5,1314755000,3027261000,2024-25;2025-26;2026-27;2027-28,budget;estimated_actual;forward_estimate,General public services,related_breakdown,medium,portfolio_ownership,portfolio_default,mapped,
Finance,Investment funds,228331,5,102076000,140690000,2024-25;2025-26;2026-27;2027-28,budget;estimated_actual;forward_estimate,General public services,related_breakdown,medium,portfolio_ownership,portfolio_default,mapped,
Finance,Interest and dividends (c),228333,5,978612000,1348807000,2024-25;2025-26;2026-27;2027-28,budget;estimated_actual;forward_estimate,General public services,related_breakdown,medium,portfolio_ownership,portfolio_default,mapped,
Finance,Superannuation contributions (d),228334,5,792974000,1089111000,2024-25;2025-26;2026-27;2027-28,budget;estimated_actual;forward_estimate,General public services,related_breakdown,medium,portfolio_ownership,portfolio_default,mapped,
Finance,Gains Gain on sale of investments,228335,5,1845680000,2410100000,2024-25;2025-26;2026-27;2027-28,budget;estimated_actual;forward_estimate,General public services,related_breakdown,medium,portfolio_ownership,portfolio_default,mapped,
Finance,Cash used Employees (d),228337,5,432568000,450848000,2024-25;2025-26;2026-27;2027-28,budget;estimated_actual;forward_estimate,General public services,related_breakdown,medium,portfolio_ownership,portfolio_default,mapped,
Finance,Distributions from the Investment Funds (e),228338,5,1314755000,3027261000,2024-25;2025-26;2026-27;2027-28,budget;estimated_actual;forward_estimate,General public services,related_breakdown,medium,portfolio_ownership,portfolio_default,mapped,
Finance,"Cash used Purchase of property, plant and equipment",228340,5,14998000,50961000,2024-25;2025-26;2026-27;2027-28,budget;estimated_actual;forward_estimate,General public services,related_breakdown,medium,portfolio_ownership,portfolio_default,mapped,
Finance,"Adjusted opening balance (100,598)",228360,3,20467000,271784000,2025-26;2026-27;2027-28,forward_estimate,General public services,related_breakdown,medium,portfolio_ownership,portfolio_default,mapped,
Finance,Provisions Other provisions,228403,11,62752000,150358000,2024-25;2025-26;2026-27;2027-28;2028-29;2029-30,budget;estimated_actual;forward_estimate,General public services,related_breakdown,medium,portfolio_ownership,portfolio_default,mapped,
Finance,Opening net book balance,228413,2,2800000,3435000,2024-25;2025-28,budget,General public services,related_breakdown,medium,portfolio_ownership,portfolio_default,mapped,
Finance,Closing net book balance,228415,2,2800000,3537000,2024-25;2025-28,budget,General public services,related_breakdown,medium,portfolio_ownership,portfolio_default,mapped,
Finance,Special appropriations Australian Constitution s,228420,6,66000,5853000,2024-25;2025-26;2026-27;2027-28;2028-29,actual;budget;estimated_actual;forward_estimate,General public services,related_breakdown,medium,portfolio_ownership,portfolio_default,mapped,
Finance,"Adjusted opening balance (367,797)",228427,3,438381000,3874403000,2026-27;2027-28;2028-29,forward_estimate,General public services,related_breakdown,medium,portfolio_ownership,portfolio_default,mapped,
Finance,"Cash used Purchase of property, plant and equipment and intangibles",228432,8,102000,7100000,2025-26;2026-27;2027-28;2028-29;2029-30,budget;estimated_actual;forward_estimate,General public services,related_breakdown,medium,portfolio_ownership,portfolio_default,mapped,
Finance,Supperannuation (a),228438,5,9744178000,10240815000,2025-26;2026-27;2027-28;2028-29,budget;estimated_actual;forward_estimate,General public services,related_breakdown,medium,portfolio_ownership,portfolio_default,mapped,
Finance,Distributions from investment funds (b),228439,5,1316596000,1514863000,2025-26;2026-27;2027-28;2028-29,budget;estimated_actual;forward_estimate,General public services,related_breakdown,medium,portfolio_ownership,portfolio_default,mapped,
Finance,Depreciation and amortisation (c),228440,5,44406000,61073000,2025-26;2026-27;2027-28;2028-29,budget;estimated_actual;forward_estimate,General public services,related_breakdown,medium,portfolio_ownership,portfolio_default,mapped,
Finance,Superannuation contributions,228442,5,761688000,1068122000,2025-26;2026-27;2027-28;2028-29,budget;estimated_actual;forward_estimate,General public services,related_breakdown,medium,portfolio_ownership,portfolio_default,mapped,
Finance,Gains Investment funds,228443,5,1948792000,3143768000,2025-26;2026-27;2027-28;2028-29,budget;estimated_actual;forward_estimate,General public services,related_breakdown,medium,portfolio_ownership,portfolio_default,mapped,
Finance,Taxation receivables,228444,5,607650000,5008690000,2025-26;2026-27;2027-28;2028-29,budget;estimated_actual;forward_estimate,General public services,related_breakdown,medium,portfolio_ownership,portfolio_default,mapped,
Finance,Cash used Grant,228445,5,3132000,3236000,2025-26;2026-27;2027-28;2028-29,budget;estimated_actual;forward_estimate,General public services,related_breakdown,medium,portfolio_ownership,portfolio_default,mapped,
Finance,Principal payments on lease liability,228450,5,29964000,41278000,2025-26;2026-27;2027-28;2028-29,budget;estimated_actual;forward_estimate,General public services,related_breakdown,medium,portfolio_ownership,portfolio_default,mapped,
Finance,Funded by capital appropriation - ACB (b),228452,5,5669000,14194000,2025-26;2026-27;2027-28;2028-29,budget;estimated_actual;forward_estimate,General public services,related_breakdown,medium,portfolio_ownership,portfolio_default,mapped,
Finance,"Adjusted opening balance (193,417)",228460,3,29089000,412469000,2026-27;2027-28;2028-29,forward_estimate,General public services,related_breakdown,medium,portfolio_ownership,portfolio_default,mapped,
Finance,"Cash used Other 75,500 -",228469,3,5670000,108128000,2026-27;2027-28;2028-29,forward_estimate,General public services,related_breakdown,medium,portfolio_ownership,portfolio_default,mapped,
house representatives DHR 2026 27,Depreciation and amortisation (a),228504,5,275000,602000,2026-27;2027-28;2028-29;2029-30,budget;estimated_actual;forward_estimate,,,,,,unmapped,portfolio_not_in_crosswalk
house representatives DHR 2026 27,Gains Other,228508,5,2100000,2230000,2026-27;2027-28;2028-29;2029-30,budget;estimated_actual;forward_estimate,,,,,,unmapped,portfolio_not_in_crosswalk
house representatives DHR 2026 27,Trade and other receivables,228512,5,25846000,26446000,2026-27;2027-28;2028-29;2029-30,budget;estimated_actual;forward_estimate,,,,,,unmapped,portfolio_not_in_crosswalk
house representatives DHR 2026 27,Provisions Employee provisions,228520,5,6624000,6624000,2026-27;2027-28;2028-29;2029-30,budget;estimated_actual;forward_estimate,,,,,,unmapped,portfolio_not_in_crosswalk
house representatives DHR 2026 27,Cash used Employees,228525,5,27604000,29024000,2026-27;2027-28;2028-29;2029-30,budget;estimated_actual;forward_estimate,,,,,,unmapped,portfolio_not_in_crosswalk
house representatives DHR 2026 27,Interest payments on lease liability,228526,5,1000,1000,2026-27;2027-28;2028-29;2029-30,budget;estimated_actual;forward_estimate,,,,,,unmapped,portfolio_not_in_crosswalk
house representatives DHR 2026 27,Cash and cash equivalents at the end of the reporting period,228532,5,2536000,2536000,2026-27;2027-28;2028-29;2029-30,budget;estimated_actual;forward_estimate,,,,,,unmapped,portfolio_not_in_crosswalk
house representatives DHR 2026 27,Accumulated depreciation/amortisation and impairment - ROU assets (60) - - (60) Opening net book balance,228534,4,597000,3308000,2026-27;2027-28;2028-29;2029-30,budget;forward_estimate,,,,,,unmapped,portfolio_not_in_crosswalk
house representatives DHR 2026 27,Accumulated depreciation/amortisation and impairment - ROU assets (97) - - (97) Closing net book balance,228536,4,605000,3564000,2026-27;2027-28;2028-29;2029-30,budget;forward_estimate,,,,,,unmapped,portfolio_not_in_crosswalk
Industry Science and Resources,"Estimated Estimate Administered Annual appropriations - ordinary annual services (a)(b) Prior year appropriations available 406,589 142,511 Outcome",234601,3,1000,1220989000,2027-28;2028-29;2029-30,forward_estimate,Other economic affairs,related_breakdown,medium,portfolio_ownership,portfolio_default,mapped,
Industry Science and Resources,Research and Development Tax Incentive,234604,5,5700000,5700000,2025-26;2026-27;2027-28;2028-29;2029-30,budget,Other economic affairs,related_breakdown,medium,portfolio_ownership,portfolio_default,mapped,
Industry Science and Resources,Cooperative Research Centres Program,234605,7,200532000,229425000,2023-24;2024-25;2025-26;2026-27;2027-28;2028-29;2029-30,budget,Other economic affairs,related_breakdown,medium,portfolio_ownership,portfolio_default,mapped,
Industry Science and Resources,Long Term Handling of the Northern Endeavour (a) nfp nfp nfp nfp - Maralinga Maintenance,234607,5,258000,277000,2025-26;2026-27;2027-28;2028-29;2029-30,budget,Other economic affairs,related_breakdown,medium,portfolio_ownership,portfolio_default,mapped,
Industry Science and Resources,Special appropriation: Offshore Minerals Act 1994,234609,6,60000,60000,2024-25;2025-26;2026-27;2027-28;2028-29;2029-30,budget,Other economic affairs,related_breakdown,medium,portfolio_ownership,portfolio_default,mapped,
Industry Science and Resources,Table 3.5: Departmental capital budget statement (for the period ended 30 June) Estimated Budget Forward Forward Forward NEW CAPITAL APPROPRIATIONS Capital budg,234614,7,28919000,30983000,2023-24;2024-25;2025-26;2026-27;2027-28;2028-29;2029-30,budget,Other economic affairs,related_breakdown,medium,portfolio_ownership,portfolio_default,mapped,
Industry Science and Resources,"Purchase of property, plant, equipment and intangibles",234618,7,300000,3765000,2023-24;2024-25;2025-26;2026-27;2027-28;2028-29;2029-30,budget,Other economic affairs,related_breakdown,medium,portfolio_ownership,portfolio_default,mapped,
Industry Science and Resources,Investments in Corporate Commonwealth Entities,234619,7,231911000,3636524000,2023-24;2024-25;2025-26;2026-27;2027-28;2028-29;2029-30,budget,Other economic affairs,related_breakdown,medium,portfolio_ownership,portfolio_default,mapped,
Industry Science and Resources,Special Account by Act,234621,5,62000000,4150000000,2025-26;2026-27;2027-28;2028-29;2029-30,budget,Other economic affairs,related_breakdown,medium,portfolio_ownership,portfolio_default,mapped,
Industry Science and Resources,"Budget May 2026 Opening balance/cash reserves at 1 July 67,343 69,361 Funds from Government Annual appropriations - ordinary annual services (a) Outcome",234624,3,1000,383172000,2027-28;2028-29;2029-30,budget,Other economic affairs,related_breakdown,medium,portfolio_ownership,portfolio_default,mapped,
Industry Science and Resources,"2026­27 Opening balance/cash reserves at 1 July 671,023 594,291 Funds from Government Annual appropriations - ordinary annual services (a) Outcome",234630,3,1000,1117850000,2027-28;2028-29;2029-30,budget,Other economic affairs,related_breakdown,medium,portfolio_ownership,portfolio_default,mapped,
Industry Science and Resources,2027­28 2028­29 2029­30 NEW CAPITAL APPROPRIATIONS Capital budget - Bill 1 (DCB),234635,5,127000,1509000,2025-26;2026-27;2027-28;2028-29;2029-30,budget,Other economic affairs,related_breakdown,medium,portfolio_ownership,portfolio_default,mapped,
Industry Science and Resources,"2026­27 Opening balance/cash reserves at 1 July 77,838 67,861 Funds from Government Annual appropriations - ordinary annual services (a) Outcome",234639,3,1000,7158000,2027-28;2028-29;2029-30,budget,Other economic affairs,related_breakdown,medium,portfolio_ownership,portfolio_default,mapped,
Industry Science and Resources,"2026­27 Opening balance/cash reserves at 1 July 1,415,937 885,659 Funds from Government Annual appropriations - ordinary annual services (a) (b) Outcome",234641,3,1000,17773000,2027-28;2028-29;2029-30,budget,Other economic affairs,related_breakdown,medium,portfolio_ownership,portfolio_default,mapped,
department of the house of representatives doc,"Forw ard esti mate Annual departmental expenses: Departmental item appropriation 5,815 5,229 5,",234646,3,243000,5351000,2026-27;2027-28;2028-29,forward_estimate,,,,,,unmapped,portfolio_not_in_crosswalk
Climate Change Energy the Environment and Water,"Estimated Estimate Administered Annual appropriations ­ ordinary annual services (a) Prior year appropriations available (b) 278,519 278,519 Outcome",234655,3,1000,827465000,2025-26;2026-27;2027-28,forward_estimate,Fuel and energy,related_breakdown,low,portfolio_ownership,portfolio_default,mapped,
Climate Change Energy the Environment and Water,Australian Antarctic Program – additional funding 3.1 Administered payment ­ ­ ­ ­ ­ Departmental payment ­,234656,4,17791000,70059000,2024-25;2025-26;2026-27;2027-28,budget;forward_estimate,Fuel and energy,related_breakdown,low,portfolio_ownership,portfolio_default,mapped,
Climate Change Energy the Environment and Water,2027­28 Inspector­General of Water Compliance Legislative Functions 4.1 Administered payment ­ ­ ­ ­ ­ Departmental payment ­,234658,4,6684000,7407000,2024-25;2025-26;2026-27;2027-28,budget;forward_estimate,Fuel and energy,related_breakdown,low,portfolio_ownership,portfolio_default,mapped,
Climate Change Energy the Environment and Water,2026­27 2027­28 Snowy Hydro Limited (g) 1.2 Administered payment ­ ­ ­ ­ ­ Departmental payment ­,234659,4,362000,407000,2024-25;2025-26;2026-27;2027-28,budget;forward_estimate,Fuel and energy,related_breakdown,low,portfolio_ownership,portfolio_default,mapped,
Climate Change Energy the Environment and Water,Estimated Budget Forward Forward Forward Program 1.1: Reduce Australia's greenhouse gas emissions Administered expenses Ordinary annual services (Appropriation ,234660,5,176991000,529760000,2023-24;2024-25;2025-26;2026-27;2027-28,budget,Fuel and energy,related_breakdown,low,portfolio_ownership,portfolio_default,mapped,
Climate Change Energy the Environment and Water,Table 2.1.2: Program components of Outcome 1 (continued) Estimated Budget Forward Forward Forward Special appropriations Offshore Electricity Infrastructure Act,234661,4,4472000,8298000,2024-25;2025-26;2026-27;2027-28,budget,Fuel and energy,related_breakdown,low,portfolio_ownership,portfolio_default,mapped,
Climate Change Energy the Environment and Water,Table 2.2.2: Program components of Outcome 4 (continued) Estimated Budget Forward Forward Forward Special accounts Environmental Water Holdings Special Account,234665,5,64470000,69187000,2023-24;2024-25;2025-26;2026-27;2027-28,budget,Fuel and energy,related_breakdown,low,portfolio_ownership,portfolio_default,mapped,
Climate Change Energy the Environment and Water,"2024­25 Opening balance/cash reserves at 1 July 549,819 631,676 Funds from Government Annual appropriations ­ ordinary annual services (a) (b) Outcome",234680,3,1000,465264000,2025-26;2026-27;2027-28,budget,Fuel and energy,related_breakdown,low,portfolio_ownership,portfolio_default,mapped,
Climate Change Energy the Environment and Water,"2024­25 Opening balance/cash reserves at 1 July 242,794 242,794 Funds from Government Annual appropriations – ordinary annual services (a) Outcome",234684,3,1000,113295000,2024-25;2025-26;2027-28,budget,Fuel and energy,related_breakdown,low,portfolio_ownership,portfolio_default,mapped,
Climate Change Energy the Environment and Water,Land Buildings Total As at 1 July 2024 Gross book value,234687,3,3663000,10633000,2024-25;2025-26;2027-28,budget,Fuel and energy,related_breakdown,low,portfolio_ownership,portfolio_default,mapped,
Climate Change Energy the Environment and Water,"2023­24 2024­25 Opening balance/cash reserves at 1 July 195,313 180,791 Annual appropriations – ordinary annual services (a) Outcome",234688,3,1000,87880000,2024-25;2025-26;2027-28,budget,Fuel and energy,related_breakdown,low,portfolio_ownership,portfolio_default,mapped,
Climate Change Energy the Environment and Water,"2024­25 Opening balance/cash reserves at 1 July 37,902 6,862 Funds from Government Annual appropriations – ordinary annual services (a) Outcome",234690,3,1000,4598000,2024-25;2025-26;2027-28,budget,Fuel and energy,related_breakdown,low,portfolio_ownership,portfolio_default,mapped,
Home Affairs,2028–29 2029–30 Supporting Trade and Tourism (g) 3.1 Departmental payment –,234693,4,4669000,8015000,2026-27;2027-28;2028-29;2029-30,budget;forward_estimate,Public order and safety,related_breakdown,high,portfolio_ownership,portfolio_default,mapped,
Home Affairs,2028–29 2029–30 NEW CAPITAL APPROPRIATIONS Capital budget – Bill 1 (DCB),234708,5,166199000,184525000,2026-27;2027-28;2028-29;2029-30,budget;estimated_actual;forward_estimate,Public order and safety,related_breakdown,high,portfolio_ownership,portfolio_default,mapped,
Home Affairs,2027–28 2028–29 2029–30 NEW CAPITAL APPROPRIATIONS Capital budget – Bill 1 (ACB),234713,5,26167000,37311000,2026-27;2027-28;2028-29;2029-30,budget;estimated_actual;forward_estimate,Public order and safety,related_breakdown,high,portfolio_ownership,portfolio_default,mapped,
Home Affairs,2027–28 2028–29 2029–30 NEW CAPITAL APPROPRIATIONS Capital budget – Bill 1 (DCB),234715,5,217000,229000,2026-27;2027-28;2028-29;2029-30,budget;estimated_actual;forward_estimate,Public order and safety,related_breakdown,high,portfolio_ownership,portfolio_default,mapped,
Home Affairs,Collection Intangibles Total As at 1 July 2026 Gross book value,234720,4,13000,676000,2026-27;2027-28;2028-29;2029-30,budget;forward_estimate,Public order and safety,related_breakdown,high,portfolio_ownership,portfolio_default,mapped,
Home Affairs,"Supply Bill (No. 1)) 10,960 2,000 – – – Special appropriations Social Security (Administration) Act 1999",234728,5,11000000,78000000,2026-27;2027-28;2028-29;2029-30,budget;estimated_actual;forward_estimate,Public order and safety,related_breakdown,high,portfolio_ownership,portfolio_default,mapped,
Home Affairs,Leasehold Improvements Total As at 1 July 2026 Gross book value –,234729,4,2281000,26839000,2026-27;2027-28;2028-29;2029-30,budget;forward_estimate,Public order and safety,related_breakdown,high,portfolio_ownership,portfolio_default,mapped,
Industry Science and Resources,"Estimated Estimate Administered Annual appropriations - ordinary annual services (a)(b) Prior year appropriations available 44,784 44,784 Outcome",234733,3,1000,1827087000,2025-26;2026-27;2027-28,forward_estimate,Other economic affairs,related_breakdown,medium,portfolio_ownership,portfolio_default,mapped,
Industry Science and Resources,Estimated Budget Forward Forward Forward Program 1.3: Supporting a strong resources sector Administered expenses Ordinary annual services (Appropriation Bill No,234735,5,57992000,74314000,2023-24;2024-25;2025-26;2026-27;2027-28,budget,Other economic affairs,related_breakdown,medium,portfolio_ownership,portfolio_default,mapped,
Industry Science and Resources,Enhancing Australia's Engagement in Technology Standards - reallocation - 407 407 - - Growing Australia's Space Industry - reallocation -,234737,4,4992000,32808000,2024-25;2025-26;2026-27;2027-28,budget,Other economic affairs,related_breakdown,medium,portfolio_ownership,portfolio_default,mapped,
Industry Science and Resources,Geocoded National Address File,234739,5,6711000,8555000,2023-24;2024-25;2025-26;2026-27;2027-28,budget,Other economic affairs,related_breakdown,medium,portfolio_ownership,portfolio_default,mapped,
Industry Science and Resources,Support for Industry Service Organisations program,234740,5,5033000,5409000,2023-24;2024-25;2025-26;2026-27;2027-28,budget,Other economic affairs,related_breakdown,medium,portfolio_ownership,portfolio_default,mapped,
Industry Science and Resources,Square Kilometre Array Radio Telescope Project,234741,5,6129000,134911000,2023-24;2024-25;2025-26;2026-27;2027-28,budget,Other economic affairs,related_breakdown,medium,portfolio_ownership,portfolio_default,mapped,
Industry Science and Resources,Maralinga Maintenance,234742,5,256000,268000,2023-24;2024-25;2025-26;2026-27;2027-28,budget,Other economic affairs,related_breakdown,medium,portfolio_ownership,portfolio_default,mapped,
Industry Science and Resources,Petroleum Royalties Administration,234743,5,40000,40000,2023-24;2024-25;2025-26;2026-27;2027-28,budget,Other economic affairs,related_breakdown,medium,portfolio_ownership,portfolio_default,mapped,
Industry Science and Resources,"2024­25 Opening balance/cash reserves at 1 July 53,023 17,833 Funds from Government Annual appropriations - ordinary annual services (a) Outcome",234750,3,1000,324464000,2025-26;2026-27;2027-28,budget,Other economic affairs,related_breakdown,medium,portfolio_ownership,portfolio_default,mapped,
Industry Science and Resources,"2024­25 Opening balance/cash reserves at 1 July 742,161 625,259 Funds from Government Annual appropriations - ordinary annual services (a) Outcome",234757,3,1000,1008739000,2025-26;2026-27;2027-28,budget,Other economic affairs,related_breakdown,medium,portfolio_ownership,portfolio_default,mapped,
Industry Science and Resources,2025­26 2026­27 2027­28 NEW CAPITAL APPROPRIATIONS Capital budget - Bill 1 (DCB),234763,5,8043000,8854000,2023-24;2024-25;2025-26;2026-27;2027-28,budget,Other economic affairs,related_breakdown,medium,portfolio_ownership,portfolio_default,mapped,
Industry Science and Resources,"2024­25 Opening balance/cash reserves at 1 July 36,212 30,049 Funds from Government Annual appropriations - ordinary annual services (a) Outcome",234769,3,1000,21306000,2025-26;2026-27;2027-28,budget,Other economic affairs,related_breakdown,medium,portfolio_ownership,portfolio_default,mapped,
Industry Science and Resources,2024­25 Opening balance/cash reserves at 1 July Funds from Government Annual appropriations - ordinary annual services (a) Outcome,234771,3,1000,39016000,2025-26;2026-27;2027-28,budget,Other economic affairs,related_breakdown,medium,portfolio_ownership,portfolio_default,mapped,
Industry Science and Resources,Funded internally from departmental resources -,234773,4,97000,143000,2024-25;2025-26;2026-27;2027-28,budget,Other economic affairs,related_breakdown,medium,portfolio_ownership,portfolio_default,mapped,
senate,Cash and cash equivalents at the beginning of the reporting period,234780,5,180000,182000,2026-27;2027-28;2028-29;2029-30,budget;estimated_actual;forward_estimate,,,,,,unmapped,portfolio_not_in_crosswalk
Defence,Program 1.1 - Operations Contributing to the Safety of the Immediate Neighbourhood Total funded expenditure,234785,7,39000,92706000,2023-24;2024-25;2025-26;2026-27;2027-28;2028-29;2029-30,budget,Defence,related_breakdown,high,portfolio_ownership,portfolio_default,mapped,
Defence,Program 1.2 - Operations Supporting Wider Interests Total funded expenditure,234786,7,1216000,158359000,2023-24;2024-25;2025-26;2026-27;2027-28;2028-29;2029-30,budget,Defence,related_breakdown,high,portfolio_ownership,portfolio_default,mapped,
Defence,Program 1.3 - Defence Contribution to National Support Tasks in Australia Total funded expenditure,234787,7,22000,87568000,2023-24;2024-25;2025-26;2026-27;2027-28;2028-29;2029-30,budget,Defence,related_breakdown,high,portfolio_ownership,portfolio_default,mapped,
Defence,"Program 2.1 Strategy, Policy and Industry Total funded expenditure",234788,7,709044000,1182661000,2023-24;2024-25;2025-26;2026-27;2027-28;2028-29;2029-30,budget,Defence,related_breakdown,high,portfolio_ownership,portfolio_default,mapped,
Defence,Program 2.2 Defence Executive Support Total funded expenditure,234789,5,584713000,737700000,2025-26;2026-27;2027-28;2028-29;2029-30,budget,Defence,related_breakdown,high,portfolio_ownership,portfolio_default,mapped,
Defence,Program 2.3 Defence Finance Total funded expenditure,234790,7,191146000,282449000,2023-24;2024-25;2025-26;2026-27;2027-28;2028-29;2029-30,budget,Defence,related_breakdown,high,portfolio_ownership,portfolio_default,mapped,
Defence,Program 2.4 Joint Capabilities Total funded expenditure,234791,6,2522937000,4380011000,2024-25;2025-26;2026-27;2027-28;2028-29;2029-30,budget,Defence,related_breakdown,high,portfolio_ownership,portfolio_default,mapped,
Defence,Program 2.5 Navy Capabilities Total funded expenditure,234792,7,10581386000,15835371000,2023-24;2024-25;2025-26;2026-27;2027-28;2028-29;2029-30,budget,Defence,related_breakdown,high,portfolio_ownership,portfolio_default,mapped,
Defence,Program 2.6 Army Capabilities Total funded expenditure,234793,7,11292221000,14818063000,2023-24;2024-25;2025-26;2026-27;2027-28;2028-29;2029-30,budget,Defence,related_breakdown,high,portfolio_ownership,portfolio_default,mapped,
Defence,Program 2.7 Air Force Capabilities Total funded expenditure,234795,6,9710778000,13371515000,2024-25;2025-26;2026-27;2027-28;2028-29;2029-30,budget,Defence,related_breakdown,high,portfolio_ownership,portfolio_default,mapped,
Defence,Program 2.8 Australian Defence Force Headquarters Total funded expenditure,234796,7,184771000,780686000,2023-24;2024-25;2025-26;2026-27;2027-28;2028-29;2029-30,budget,Defence,related_breakdown,high,portfolio_ownership,portfolio_default,mapped,
Defence,Program 2.9 Capability Acquisition and Sustainment Total funded expenditure,234797,7,1152167000,2840123000,2023-24;2024-25;2025-26;2026-27;2027-28;2028-29;2029-30,budget,Defence,related_breakdown,high,portfolio_ownership,portfolio_default,mapped,
Defence,Program 2.10 Security and Estate Total funded expenditure,234798,5,7139198000,8453387000,2025-26;2026-27;2027-28;2028-29;2029-30,budget,Defence,related_breakdown,high,portfolio_ownership,portfolio_default,mapped,
Defence,Program 2.11 Defence Digital Total funded expenditure,234799,6,1640527000,3031837000,2024-25;2025-26;2026-27;2027-28;2028-29;2029-30,budget,Defence,related_breakdown,high,portfolio_ownership,portfolio_default,mapped,
Defence,Program 2.12 Defence People Total funded expenditure,234800,7,2174272000,2597803000,2023-24;2024-25;2025-26;2026-27;2027-28;2028-29;2029-30,budget,Defence,related_breakdown,high,portfolio_ownership,portfolio_default,mapped,
Defence,Program 2.13 Defence Science and Technology Total funded expenditure,234801,7,677636000,1121115000,2023-24;2024-25;2025-26;2026-27;2027-28;2028-29;2029-30,budget,Defence,related_breakdown,high,portfolio_ownership,portfolio_default,mapped,
Defence,Program 2.14 Defence Intelligence Total funded expenditure,234802,7,717365000,1870144000,2023-24;2024-25;2025-26;2026-27;2027-28;2028-29;2029-30,budget,Defence,related_breakdown,high,portfolio_ownership,portfolio_default,mapped,
Defence,Program 2.15 Naval Shipbuilding and Sustainment Total funded expenditure,234803,7,225619000,718196000,2023-24;2024-25;2025-26;2026-27;2027-28;2028-29;2029-30,budget,Defence,related_breakdown,high,portfolio_ownership,portfolio_default,mapped,
Defence,Program 2.16 Nuclear-Powered Submarines Total funded expenditure,234804,7,475266000,6266775000,2023-24;2024-25;2025-26;2026-27;2027-28;2028-29;2029-30,budget,Defence,related_breakdown,high,portfolio_ownership,portfolio_default,mapped,
department of parliamentary services DPS 2024 25,"Cash used Purchase of property, plant and equipment and intangibles",234811,5,19120000,37238000,2024-25;2025-26;2026-27;2027-28,budget;estimated_actual;forward_estimate,,,,,,unmapped,portfolio_not_in_crosswalk
department of parliamentary services DPS 2024 25,Cash and cash equivalents at the beginning of the reporting period,234812,5,893000,1293000,2024-25;2025-26;2026-27;2027-28,budget;estimated_actual;forward_estimate,,,,,,unmapped,portfolio_not_in_crosswalk
department of parliamentary services 2025 26 Parliamentary Departments,"Forw ard es timate Departmental expenses Departmental appropriation 28,762 29,",234824,4,28000,29279000,2022-23;2023-24;2024-25;2025-26,budget,,,,,,unmapped,portfolio_not_in_crosswalk
department of parliamentary services 2025 26 Parliamentary Departments,"Forw ard es timate EXPENSES Employee benefits 26,206 26,",234825,4,229000,26052000,2022-23;2023-24;2024-25;2025-26,budget,,,,,,unmapped,portfolio_not_in_crosswalk
department of parliamentary services 2025 26 Parliamentary Departments,"Provisions Employee provisions 7,608 7,",234827,4,608000,7608000,2022-23;2023-24;2024-25;2025-26,budget,,,,,,unmapped,portfolio_not_in_crosswalk
department of parliamentary services 2025 26 Parliamentary Departments,Cash and cash equivalents at the beginning of the reporting period,234829,5,967000,967000,2021-22;2022-23;2023-24;2024-25;2025-26,budget,,,,,,unmapped,portfolio_not_in_crosswalk
department of parliamentary services 2025 26 Parliamentary Departments,Forw ard es timate NEW CAPITAL APPROPRIATIONS Capital budget - Bill 1 (DCB),234830,5,299000,315000,2021-22;2022-23;2023-24;2024-25;2025-26,budget,,,,,,unmapped,portfolio_not_in_crosswalk
department of parliamentary services 2025 26 Parliamentary Departments,"Forw ard esti mate Annual departmental expenses: Departmental item appropriation 5,815 5,229 5,",234833,3,243000,5351000,2023-24;2024-25;2025-26,budget,,,,,,unmapped,portfolio_not_in_crosswalk
Agriculture Fisheries and Forestry,Forestry Growth Fund - industry growth grants,234851,5,10000000,50000000,2026-27;2027-28;2028-29;2029-30,budget;estimated_actual;forward_estimate,"Agriculture, forestry and fishing",related_breakdown,high,portfolio_ownership,portfolio_default,mapped,
Agriculture Fisheries and Forestry,Centre of Excellence for Biosecurity Risk Analysis and Research,234853,11,1908000,2305000,2023-24;2024-25;2025-26;2026-27;2027-28;2028-29;2029-30,budget;estimated_actual;forward_estimate,"Agriculture, forestry and fishing",related_breakdown,high,portfolio_ownership,portfolio_default,mapped,
Agriculture Fisheries and Forestry,Animal Biosecurity and Response Reform,234854,11,1070000,1242000,2023-24;2024-25;2025-26;2026-27;2027-28;2028-29;2029-30,budget;estimated_actual;forward_estimate,"Agriculture, forestry and fishing",related_breakdown,high,portfolio_ownership,portfolio_default,mapped,
Agriculture Fisheries and Forestry,2028­29 2029­30 NEW CAPITAL APPROPRIATIONS Capital budget - Bill (No. 1) (DCB),234861,5,67507000,71155000,2026-27;2027-28;2028-29;2029-30,budget;estimated_actual;forward_estimate,"Agriculture, forestry and fishing",related_breakdown,high,portfolio_ownership,portfolio_default,mapped,
Agriculture Fisheries and Forestry,2027­28 2028­29 2029­30 NEW CAPITAL APPROPRIATIONS Capital budget – Bill (No. 1) (DCB),234870,5,495000,516000,2025-26;2026-27;2027-28;2028-29;2029-30,budget,"Agriculture, forestry and fishing",related_breakdown,high,portfolio_ownership,portfolio_default,mapped,
Agriculture Fisheries and Forestry,"2026­27 Opening balance/cash reserves at 1 July 3,458 2,677 Funds from Government Annual appropriations – ordinary annual services (a) Outcome",234875,3,1000,10450000,2027-28;2028-29;2029-30,budget,"Agriculture, forestry and fishing",related_breakdown,high,portfolio_ownership,portfolio_default,mapped,
Agriculture Fisheries and Forestry,"2026­27 Opening balance/cash reserves at 1 July 7,037 7,037 Funds from Government (a) Annual appropriations – ordinary annual services (b) Outcome",234879,2,1000,24663000,2025-26;2026-27,budget,"Agriculture, forestry and fishing",related_breakdown,high,portfolio_ownership,portfolio_default,mapped,
Prime Minister and Cabinet,Forw ard Forw ard Forw ard NEW CAPITAL APPROPRIATIONS Capital budget - Bill 1 (DCB),234884,9,346000,895000,2024-25;2025-26;2026-27;2027-28;2028-29;2029-30,budget;estimated_actual;forward_estimate,General public services,related_breakdown,medium,portfolio_ownership,portfolio_default,mapped,
Prime Minister and Cabinet,Forw ard Forw ard Forw ard NEW CAPITAL APPROPRIATIONS Capital budget - Bill 1 (ACB),234888,5,1889000,4560000,2026-27;2027-28;2028-29;2029-30,budget;estimated_actual;forward_estimate,General public services,related_breakdown,medium,portfolio_ownership,portfolio_default,mapped,
Prime Minister and Cabinet,Forw ard Forw ard Program 1.1: Australian Public Service Commission Departmental expenses Departmental appropriation,234903,5,49603000,58788000,2026-27;2027-28;2028-29;2029-30,budget;estimated_actual;forward_estimate,General public services,related_breakdown,medium,portfolio_ownership,portfolio_default,mapped,
Prime Minister and Cabinet,Program 1.2: Judicial Office Holders' Remuneration and Entitlements Administered expenses Special appropriations Remuneration Tribunal Act 1973,234904,5,4850000,4850000,2026-27;2027-28;2028-29;2029-30,budget;estimated_actual;forward_estimate,General public services,related_breakdown,medium,portfolio_ownership,portfolio_default,mapped,
Prime Minister and Cabinet,Forw ard Forw ard Program 1.7: Program Support Departmental expenses Departmental appropriation,234913,5,287160000,312886000,2026-27;2027-28;2028-29;2029-30,budget;estimated_actual;forward_estimate,General public services,related_breakdown,medium,portfolio_ownership,portfolio_default,mapped,
Prime Minister and Cabinet,Payments associated w ith Land,234915,5,235875000,307972000,2026-27;2027-28;2028-29;2029-30,budget;estimated_actual;forward_estimate,General public services,related_breakdown,medium,portfolio_ownership,portfolio_default,mapped,
Prime Minister and Cabinet,Forw ard Forw ard Program 1.1: Assessments and Reports Departmental expenses Departmental appropriation,234918,5,57925000,72950000,2026-27;2027-28;2028-29;2029-30,budget;estimated_actual;forward_estimate,General public services,related_breakdown,medium,portfolio_ownership,portfolio_default,mapped,
Prime Minister and Cabinet,Forw ard Forw ard Forw ard NEW CAPITAL APPROPRIATIONS Capital budget - Bill,234922,6,1000,2761000,2025-26;2026-27;2027-28;2028-29;2029-30,actual;budget;estimated_actual;forward_estimate,General public services,related_breakdown,medium,portfolio_ownership,portfolio_default,mapped,
Prime Minister and Cabinet,Closing net book balance,234923,4,1253000,214798000,2026-27;2027-28;2028-29;2029-30,budget;forward_estimate,General public services,related_breakdown,medium,portfolio_ownership,portfolio_default,mapped,
department of the house of representatives doc,Cash and cash equivalents at the beginning of the reporting period,234933,5,2716000,2716000,2024-25;2025-26;2026-27;2027-28,budget;estimated_actual;forward_estimate,,,,,,unmapped,portfolio_not_in_crosswalk
department of the house of representatives doc,Cash from Official Public Account for: - Appropriations,234938,5,347000,379000,2024-25;2025-26;2026-27;2027-28,budget;estimated_actual;forward_estimate,,,,,,unmapped,portfolio_not_in_crosswalk
Social Services,Program 1.2 – Paid Parental Leave Administered expenses Special appropriations Paid Parental Leave Act 2010,234941,7,2983159000,5380554000,2023-24;2024-25;2025-26;2026-27;2027-28;2028-29;2029-30,budget,Social security and welfare / Assistance to families with children,related_breakdown,high,exact_label_with_portfolio_context,program_label_override,mapped,
Social Services,Special appropriations Social Security (Administration) Act 1999,234943,7,22136784000,27664503000,2023-24;2024-25;2025-26;2026-27;2027-28;2028-29;2029-30,budget,Social security and welfare,related_breakdown,high,portfolio_ownership,portfolio_default,mapped,
Social Services,Estimated Budget Forward Forward Forward Program 1.6 – Working Age Payments Administered expenses Ordinary annual services (Appropriation Bill No. 1),234944,7,1640000,10272000,2023-24;2024-25;2025-26;2026-27;2027-28;2028-29;2029-30,budget,Social security and welfare / Assistance to the unemployed and the sick,related_breakdown,high,exact_label_with_portfolio_context,program_label_override,mapped,
Social Services,Program 1.7 – Student Payments Administered expenses Special appropriations Social Security (Administration) Act 1999,234945,7,2319719000,3172152000,2023-24;2024-25;2025-26;2026-27;2027-28;2028-29;2029-30,budget,Social security and welfare,related_breakdown,high,portfolio_ownership,portfolio_default,mapped,
Social Services,1.1.1 – Component 1 (Family Tax Benefit Part A) Special appropriations A New Tax System (Family Assistance) (Administration) Act 1999,234947,7,12872685000,15009970000,2023-24;2024-25;2025-26;2026-27;2027-28;2028-29;2029-30,budget,Social security and welfare,related_breakdown,high,portfolio_ownership,portfolio_default,mapped,
Social Services,1.1.2 – Component 2 (Family Tax Benefit Part B) Special appropriations A New Tax System (Family Assistance) (Administration) Act 1999,234948,7,3716685000,4189583000,2023-24;2024-25;2025-26;2026-27;2027-28;2028-29;2029-30,budget,Social security and welfare,related_breakdown,high,portfolio_ownership,portfolio_default,mapped,
Social Services,1.1.3 – Component 3 (Single Income Family Supplement) (a) Special appropriations A New Tax System (Family Assistance) (Administration) Act 1999,234949,7,527000,3953000,2023-24;2024-25;2025-26;2026-27;2027-28;2028-29;2029-30,budget,Social security and welfare,related_breakdown,high,portfolio_ownership,portfolio_default,mapped,
Social Services,1.1.4 – Component 4 (Stillborn Baby Payment) Special appropriations A New Tax System (Family Assistance) (Administration) Act 1999,234950,7,3399000,4014000,2023-24;2024-25;2025-26;2026-27;2027-28;2028-29;2029-30,budget,Social security and welfare,related_breakdown,high,portfolio_ownership,portfolio_default,mapped,
Social Services,1.1.5 – Component 5 (Double Orphan Pension) Special appropriations Social Security (Administration) Act 1999,234951,7,1710000,2433000,2023-24;2024-25;2025-26;2026-27;2027-28;2028-29;2029-30,budget,Social security and welfare,related_breakdown,high,portfolio_ownership,portfolio_default,mapped,
Social Services,Program 1.2 – Paid Parental Leave Estimated Budget Forward Forward Forward 1.2.1 – Component 1 (Parental Leave Pay) Special appropriations Paid Parental Leave A,234952,7,2983159000,5380554000,2023-24;2024-25;2025-26;2026-27;2027-28;2028-29;2029-30,budget,Social security and welfare / Assistance to families with children,related_breakdown,high,exact_label_with_portfolio_context,program_label_override,mapped,
Social Services,Estimated Budget Forward Forward Forward 1.3.1 – Component 1 (Age Pension) Special appropriations Social Security (Administration) Act 1999,234953,5,59089376000,69969972000,2023-24;2024-25;2025-26;2026-27;2027-28,budget,Social security and welfare,related_breakdown,high,portfolio_ownership,portfolio_default,mapped,
Social Services,1.3.2 – Component 2 (Energy Supplement for Commonwealth Seniors Health Card holders) Special appropriations Social Security (Administration) Act 1999,234954,7,47741000,69840000,2023-24;2024-25;2025-26;2026-27;2027-28;2028-29;2029-30,budget,Social security and welfare,related_breakdown,high,portfolio_ownership,portfolio_default,mapped,
Social Services,1.3.3 – Component 3 (Home Equity Access Scheme) Special appropriations Social Security (Administration) Act 1999,234955,6,26000,63000,2023-24;2024-25;2025-26;2026-27;2027-28;2028-29,budget,Social security and welfare,related_breakdown,high,portfolio_ownership,portfolio_default,mapped,
Social Services,Estimated Budget Forward Forward Forward 1.4.1 – Component 1 (Disability Support Pension) Special appropriations Social Security (Administration) Act 1999,234956,5,21127633000,24710924000,2023-24;2024-25;2025-26;2026-27;2027-28,budget,Social security and welfare,related_breakdown,high,portfolio_ownership,portfolio_default,mapped,
Social Services,1.4.2 – Component 2 (Essential Medical Equipment Payment) Special appropriations Social Security (Administration) Act 1999,234957,7,9954000,13004000,2023-24;2024-25;2025-26;2026-27;2027-28;2028-29;2029-30,budget,Social security and welfare,related_breakdown,high,portfolio_ownership,portfolio_default,mapped,
Social Services,1.4.3 – Component 3 (Mobility Allowance) Special appropriations Social Security (Administration) Act 1999,234958,7,36209000,48803000,2023-24;2024-25;2025-26;2026-27;2027-28;2028-29;2029-30,budget,Social security and welfare,related_breakdown,high,portfolio_ownership,portfolio_default,mapped,
Social Services,Estimated Budget Forward Forward Forward 1.5.1 – Component 1 (Carer Payment) Special appropriations Social Security (Administration) Act 1999,234959,5,7530877000,8933656000,2023-24;2024-25;2025-26;2026-27;2027-28,budget,Social security and welfare,related_breakdown,high,portfolio_ownership,portfolio_default,mapped,
Social Services,1.5.2 – Component 2 (Carer Allowance (Adult)) Special appropriations Social Security (Administration) Act 1999,234960,7,1980450000,2781243000,2023-24;2024-25;2025-26;2026-27;2027-28;2028-29;2029-30,budget,Social security and welfare,related_breakdown,high,portfolio_ownership,portfolio_default,mapped,
Social Services,1.5.3 – Component 3 (Carer Allowance (Child)) Special appropriations Social Security (Administration) Act 1999,234961,7,797913000,1201505000,2023-24;2024-25;2025-26;2026-27;2027-28;2028-29;2029-30,budget,Social security and welfare,related_breakdown,high,portfolio_ownership,portfolio_default,mapped,
Social Services,1.5.4 – Component 4 (Carer Supplement) Special appropriations Social Security (Administration) Act 1999,234962,7,635340000,726811000,2023-24;2024-25;2025-26;2026-27;2027-28;2028-29;2029-30,budget,Social security and welfare,related_breakdown,high,portfolio_ownership,portfolio_default,mapped,
Social Services,1.5.5 – Component 5 (Child Disability Assistance Payment) Special appropriations Social Security (Administration) Act 1999,234963,7,202045000,268140000,2023-24;2024-25;2025-26;2026-27;2027-28;2028-29;2029-30,budget,Social security and welfare,related_breakdown,high,portfolio_ownership,portfolio_default,mapped,
Social Services,Estimated Budget Forward Forward Forward 1.6.1 – Component 1 (JobSeeker Payment) Special appropriations Social Security (Administration) Act 1999,234964,7,13773097000,16828899000,2023-24;2024-25;2025-26;2026-27;2027-28;2028-29;2029-30,budget,Social security and welfare,related_breakdown,high,portfolio_ownership,portfolio_default,mapped,
Social Services,1.6.2 – Component 2 (Youth Allowance (Other)) Special appropriations Social Security (Administration) Act 1999,234965,7,981587000,1239797000,2023-24;2024-25;2025-26;2026-27;2027-28;2028-29;2029-30,budget,Social security and welfare,related_breakdown,high,portfolio_ownership,portfolio_default,mapped,
Social Services,1.6.3 – Component 3 (Parenting Payment Single) Special appropriations Social Security (Administration) Act 1999,234966,7,6325355000,8111682000,2023-24;2024-25;2025-26;2026-27;2027-28;2028-29;2029-30,budget,Social security and welfare,related_breakdown,high,portfolio_ownership,portfolio_default,mapped,
Social Services,1.6.4 – Component 4 (Parenting Payment Partnered) Special appropriations Social Security (Administration) Act 1999,234967,7,876238000,1255029000,2023-24;2024-25;2025-26;2026-27;2027-28;2028-29;2029-30,budget,Social security and welfare,related_breakdown,high,portfolio_ownership,portfolio_default,mapped,
Social Services,1.6.5 – Component 5 (Special Benefit) Special appropriations Social Security (Administration) Act 1999,234968,7,124489000,173220000,2023-24;2024-25;2025-26;2026-27;2027-28;2028-29;2029-30,budget,Social security and welfare,related_breakdown,high,portfolio_ownership,portfolio_default,mapped,
Social Services,1.6.7 – Component 7 (Pensioner Education Supplement) Special appropriations Social Security (Administration) Act 1999,234969,6,24831000,31441000,2023-24;2024-25;2025-26;2026-27;2027-28;2028-29,budget,Social security and welfare,related_breakdown,high,portfolio_ownership,portfolio_default,mapped,
Social Services,Estimated Budget Forward Forward Forward 1.6.8 – Component 8 (Utilities Allowance) Special appropriations Social Security (Administration) Act 1999,234970,6,15771000,24629000,2023-24;2024-25;2025-26;2026-27;2027-28;2028-29,budget,Social security and welfare,related_breakdown,high,portfolio_ownership,portfolio_default,mapped,
Social Services,Estimated Budget Forward Forward Forward 1.7.1 – Component 1 (Youth Allowance (student)) Special appropriations Social Security (Administration) Act 1999,234971,7,1839007000,2558210000,2023-24;2024-25;2025-26;2026-27;2027-28;2028-29;2029-30,budget,Social security and welfare,related_breakdown,high,portfolio_ownership,portfolio_default,mapped,
Social Services,1.7.2 – Component 2 (Austudy) Special appropriations Social Security (Administration) Act 1999,234972,7,421056000,625158000,2023-24;2024-25;2025-26;2026-27;2027-28;2028-29;2029-30,budget,Social security and welfare,related_breakdown,high,portfolio_ownership,portfolio_default,mapped,
Social Services,1.7.3 – Component 3 (ABSTUDY ­ Secondary) Special appropriations Student Assistance Act 1973,234973,6,207888000,233111000,2023-24;2024-25;2025-26;2026-27;2027-28;2028-29,budget,Social security and welfare,related_breakdown,high,portfolio_ownership,portfolio_default,mapped,
Social Services,1.7.4 – Component 4 (ABSTUDY ­ Tertiary) Special appropriations Student Assistance Act 1973,234974,6,127107000,164276000,2023-24;2024-25;2025-26;2026-27;2027-28;2028-29,budget,Social security and welfare,related_breakdown,high,portfolio_ownership,portfolio_default,mapped,
Social Services,1.7.5 – Component 5 (Student Start­up Loan) Special appropriations Social Security (Administration) Act 1999,234975,6,77091000,134223000,2023-24;2024-25;2025-26;2026-27;2027-28;2028-29,budget,Social security and welfare,related_breakdown,high,portfolio_ownership,portfolio_default,mapped,
Social Services,1.7.6 – Component 6 (Student Start­up Loan ­ ABSTUDY) Special appropriations Student Assistance Act 1973,234976,6,1659000,3414000,2023-24;2024-25;2025-26;2026-27;2027-28;2028-29,budget,Social security and welfare,related_breakdown,high,portfolio_ownership,portfolio_default,mapped,
Social Services,1.7.7 – Component 7 (Assistance for Isolated Children) Special appropriations Student Assistance Act 1973,234977,7,99584000,168923000,2023-24;2024-25;2025-26;2026-27;2027-28;2028-29;2029-30,budget,Social security and welfare,related_breakdown,high,portfolio_ownership,portfolio_default,mapped,
Social Services,Estimated Budget Forward Forward Forward Program 2.1 – Families and Communities Administered expenses Ordinary annual services (Appropriation Bill No.1),234978,5,1067413000,1363086000,2023-24;2024-25;2025-26;2026-27;2027-28,budget,Social security and welfare,related_breakdown,high,portfolio_ownership,portfolio_default,mapped,
Social Services,Social Security (Administration) Act 1999 8 – – – – National Redress Scheme for Institutional Child Sexual Abuse Act 2018,234979,5,467299000,665339000,2023-24;2024-25;2025-26;2026-27;2027-28,budget,Social security and welfare,related_breakdown,high,portfolio_ownership,portfolio_default,mapped,
Social Services,Estimated Budget Forward Forward Forward 2.1.1 – Component 1 (Families and Children) Annual administered expenses Ordinary annual services (Appropriation Bill N,234980,5,419419000,478926000,2023-24;2024-25;2025-26;2026-27;2027-28,budget,Social security and welfare,related_breakdown,high,portfolio_ownership,portfolio_default,mapped,
Social Services,Psychological Support payment) Special appropriations National Redress Scheme for Institutional Child Sexual Abuse Act 2018,234982,7,1632000,4743000,2023-24;2024-25;2025-26;2026-27;2027-28;2028-29;2029-30,budget,Social security and welfare,related_breakdown,high,portfolio_ownership,portfolio_default,mapped,
Social Services,Estimated Budget Forward Forward Forward Program 3.1 – Disability and Carers Administered expenses Ordinary annual services (Appropriation Bill No.1),234983,5,1593020000,1729575000,2023-24;2024-25;2025-26;2026-27;2027-28,budget,Social security and welfare,related_breakdown,high,portfolio_ownership,portfolio_default,mapped,
Social Services,Estimated Budget Forward Forward Forward 3.1.1 – Component 1 (Employment Services) Annual administered expenses Ordinary annual services (Appropriation Bill No.,234984,5,1221062000,1337570000,2023-24;2024-25;2025-26;2026-27;2027-28,budget,Social security and welfare,related_breakdown,high,portfolio_ownership,portfolio_default,mapped,
Social Services,Estimated Budget Forward Forward Forward Program 4.1 – Housing and Homelessness Administered expenses Ordinary annual services (Appropriation Bill No.1),234986,5,2848000,39625000,2023-24;2024-25;2025-26;2026-27;2027-28,budget,Social security and welfare,related_breakdown,high,portfolio_ownership,portfolio_default,mapped,
Social Services,"Buildings and Property, Intangibles Total leasehold plant and improvements equipment As at 1 July 2024 Gross book value",234992,4,1199000,63725000,2024-25;2025-26;2026-27;2027-28,budget,Social security and welfare,related_breakdown,high,portfolio_ownership,portfolio_default,mapped,
Social Services,Estimated Budget Forward Forward Forward Cash and cash equivalents at beginning of reporting period,234996,5,18071000,23350000,2023-24;2024-25;2025-26;2026-27;2027-28,budget,Social security and welfare,related_breakdown,high,portfolio_ownership,portfolio_default,mapped,
Social Services,Table 3.5: Departmental capital budget statement (for the period ended 30 June) Estimated Budget Forward Forward Forward NEW CAPITAL APPROPRIATIONS Capital Budg,234998,7,199000,223000,2023-24;2024-25;2025-26;2026-27;2027-28;2028-29;2029-30,budget,Social security and welfare,related_breakdown,high,portfolio_ownership,portfolio_default,mapped,
Social Services,Property software plant and and equipment intangibles As at 1 July 2024 Gross book value,234999,3,950000,3778000,2025-26;2026-27;2027-28,budget,Social security and welfare,related_breakdown,high,portfolio_ownership,portfolio_default,mapped,
Social Services,"Estimated Estimate Opening balance/cash reserves at 1 July 2,729,780 5,094,105 Funds from Government Annual appropriations – ordinary annual services (a) Outcom",235001,3,1000,2190431000,2025-26;2026-27;2027-28,budget,Social security and welfare,related_breakdown,high,portfolio_ownership,portfolio_default,mapped,
Social Services,"Land and Property, Total buildings plant and equipment As at 1 July 2024 Gross book value",235006,3,5592000,21718000,2025-26;2026-27;2027-28,budget,Social security and welfare,related_breakdown,high,portfolio_ownership,portfolio_default,mapped,
Social Services,Departmental payment,235011,5,458000,35359000,2023-24;2024-25;2025-26;2026-27;2027-28,budget,Social security and welfare,related_breakdown,high,portfolio_ownership,portfolio_default,mapped,
Social Services,Departmental payment -,235012,4,427000,11460000,2024-25;2025-26;2026-27;2027-28,budget,Social security and welfare,related_breakdown,high,portfolio_ownership,portfolio_default,mapped,
Social Services,Departmental payment - -,235013,3,2000,2000,2025-26;2026-27;2027-28,budget,Social security and welfare,related_breakdown,high,portfolio_ownership,portfolio_default,mapped,
Social Services,"Land Buildings Property, Software Total plant and equipment As at 1 July 2024 Gross book value",235017,5,4225000,3284215000,2023-24;2024-25;2025-26;2026-27;2027-28,budget,Social security and welfare,related_breakdown,high,portfolio_ownership,portfolio_default,mapped,
Infrastructure Transport Regional Development Communications Sport and the Arts,Departmental receipt -,235020,4,3633000,4844000,2026-27;2027-28;2028-29;2029-30,budget;forward_estimate,,,low,portfolio_ownership,portfolio_default,ambiguous,"Portfolio name itself spans at least three distinct Statement 6 functions (Transport and communication; Recreation and culture for sport/arts; Housing and community amenities for regional development) with no single dominant destination and no program-level evidence established in this pass to split them reliably.
"
Infrastructure Transport Regional Development Communications Sport and the Arts,"Community Infrastructure 3.1, 3.5 Administered payment (99,971)",235021,4,17311000,300000000,2026-27;2027-28;2028-29;2029-30,budget;forward_estimate,,,low,portfolio_ownership,portfolio_default,ambiguous,"Portfolio name itself spans at least three distinct Statement 6 functions (Transport and communication; Recreation and culture for sport/arts; Housing and community amenities for regional development) with no single dominant destination and no program-level evidence established in this pass to split them reliably.
"
Infrastructure Transport Regional Development Communications Sport and the Arts,Table 2.1.2: Program components of Outcome 1 Components for Program 1.1: Infrastructure Investment Administered expenses Infrastructure Investment Program(a): G,235023,5,15100000,212345000,2026-27;2027-28;2028-29;2029-30,budget;estimated_actual;forward_estimate,,,low,portfolio_ownership,portfolio_default,ambiguous,"Portfolio name itself spans at least three distinct Statement 6 functions (Transport and communication; Recreation and culture for sport/arts; Housing and community amenities for regional development) with no single dominant destination and no program-level evidence established in this pass to split them reliably.
"
Infrastructure Transport Regional Development Communications Sport and the Arts,Table 2.2.2: Program components of Outcome 2 Components for Program 2.1: Surface Transport Administered expenses Bass Strait Passenger Vehicle Equalisation Sche,235027,5,60211000,67143000,2026-27;2027-28;2028-29;2029-30,budget;estimated_actual;forward_estimate,,,low,portfolio_ownership,portfolio_default,ambiguous,"Portfolio name itself spans at least three distinct Statement 6 functions (Transport and communication; Recreation and culture for sport/arts; Housing and community amenities for regional development) with no single dominant destination and no program-level evidence established in this pass to split them reliably.
"
Infrastructure Transport Regional Development Communications Sport and the Arts,International Maritime Organization - contribution,235028,11,340000,394000,2024-25;2025-26;2026-27;2027-28;2028-29;2029-30,budget;estimated_actual;forward_estimate,,,low,portfolio_ownership,portfolio_default,ambiguous,"Portfolio name itself spans at least three distinct Statement 6 functions (Transport and communication; Recreation and culture for sport/arts; Housing and community amenities for regional development) with no single dominant destination and no program-level evidence established in this pass to split them reliably.
"
Infrastructure Transport Regional Development Communications Sport and the Arts,Protection of the Sea (Oil Pollution Compensation Funds) Act 1993,235030,8,600000,600000,2025-26;2026-27;2027-28;2028-29;2029-30,budget;estimated_actual;forward_estimate,,,low,portfolio_ownership,portfolio_default,ambiguous,"Portfolio name itself spans at least three distinct Statement 6 functions (Transport and communication; Recreation and culture for sport/arts; Housing and community amenities for regional development) with no single dominant destination and no program-level evidence established in this pass to split them reliably.
"
Infrastructure Transport Regional Development Communications Sport and the Arts,| Portfolio Budget Statements Table 2.2.2: Program components of Outcome 2 (continued) Components for Program 2.3: Air Transport Administered expenses Airport L,235031,5,1000000,1000000,2026-27;2027-28;2028-29;2029-30,budget;estimated_actual;forward_estimate,,,low,portfolio_ownership,portfolio_default,ambiguous,"Portfolio name itself spans at least three distinct Statement 6 functions (Transport and communication; Recreation and culture for sport/arts; Housing and community amenities for regional development) with no single dominant destination and no program-level evidence established in this pass to split them reliably.
"
Infrastructure Transport Regional Development Communications Sport and the Arts,International Civil Aviation Organization - contribution,235032,9,3269000,3449000,2024-25;2025-26;2026-27;2027-28;2028-29;2029-30,budget;estimated_actual;forward_estimate,,,low,portfolio_ownership,portfolio_default,ambiguous,"Portfolio name itself spans at least three distinct Statement 6 functions (Transport and communication; Recreation and culture for sport/arts; Housing and community amenities for regional development) with no single dominant destination and no program-level evidence established in this pass to split them reliably.
"
Infrastructure Transport Regional Development Communications Sport and the Arts,Payment scheme for Airservices Australia's en route charges(a),235033,11,2000000,2000000,2024-25;2025-26;2026-27;2027-28;2028-29;2029-30,budget;estimated_actual;forward_estimate,,,low,portfolio_ownership,portfolio_default,ambiguous,"Portfolio name itself spans at least three distinct Statement 6 functions (Transport and communication; Recreation and culture for sport/arts; Housing and community amenities for regional development) with no single dominant destination and no program-level evidence established in this pass to split them reliably.
"
Infrastructure Transport Regional Development Communications Sport and the Arts,Special Appropriations(b) Aviation Fuel Revenues (Special Appropriation) Act 1988,235035,5,127200000,142000000,2026-27;2027-28;2028-29;2029-30,budget;estimated_actual;forward_estimate,,,low,portfolio_ownership,portfolio_default,ambiguous,"Portfolio name itself spans at least three distinct Statement 6 functions (Transport and communication; Recreation and culture for sport/arts; Housing and community amenities for regional development) with no single dominant destination and no program-level evidence established in this pass to split them reliably.
"
Infrastructure Transport Regional Development Communications Sport and the Arts,Special Appropriations Local Government (Financial Assistance) Act 1995,235037,5,724350000,4638877000,2026-27;2027-28;2028-29;2029-30,budget;estimated_actual;forward_estimate,,,low,portfolio_ownership,portfolio_default,ambiguous,"Portfolio name itself spans at least three distinct Statement 6 functions (Transport and communication; Recreation and culture for sport/arts; Housing and community amenities for regional development) with no single dominant destination and no program-level evidence established in this pass to split them reliably.
"
Infrastructure Transport Regional Development Communications Sport and the Arts,Community Infrastructure: Thriving Suburbs and Growing Regions Programs - -,235039,3,158812000,300000000,2027-28;2028-29;2029-30,forward_estimate,,,low,portfolio_ownership,portfolio_default,ambiguous,"Portfolio name itself spans at least three distinct Statement 6 functions (Transport and communication; Recreation and culture for sport/arts; Housing and community amenities for regional development) with no single dominant destination and no program-level evidence established in this pass to split them reliably.
"
Infrastructure Transport Regional Development Communications Sport and the Arts,Regional Development Australia Committees,235040,5,22337000,24765000,2026-27;2027-28;2028-29;2029-30,budget;estimated_actual;forward_estimate,,,low,portfolio_ownership,portfolio_default,ambiguous,"Portfolio name itself spans at least three distinct Statement 6 functions (Transport and communication; Recreation and culture for sport/arts; Housing and community amenities for regional development) with no single dominant destination and no program-level evidence established in this pass to split them reliably.
"
Infrastructure Transport Regional Development Communications Sport and the Arts,Supplementary Funding for South Australian Roads,235041,5,20000000,22184000,2026-27;2027-28;2028-29;2029-30,budget;estimated_actual;forward_estimate,,,low,portfolio_ownership,portfolio_default,ambiguous,"Portfolio name itself spans at least three distinct Statement 6 functions (Transport and communication; Recreation and culture for sport/arts; Housing and community amenities for regional development) with no single dominant destination and no program-level evidence established in this pass to split them reliably.
"
Infrastructure Transport Regional Development Communications Sport and the Arts,Northern Australia Infrastructure Facility,235042,5,889000,132493000,2026-27;2027-28;2028-29;2029-30,budget;estimated_actual;forward_estimate,,,low,portfolio_ownership,portfolio_default,ambiguous,"Portfolio name itself spans at least three distinct Statement 6 functions (Transport and communication; Recreation and culture for sport/arts; Housing and community amenities for regional development) with no single dominant destination and no program-level evidence established in this pass to split them reliably.
"
Infrastructure Transport Regional Development Communications Sport and the Arts,Table 2.4.2: Program components of Outcome 4 Components for Program 4.1: Services to Territories Administered expenses ACT Government - national capital functio,235045,5,527000,539000,2026-27;2027-28;2028-29;2029-30,budget;estimated_actual;forward_estimate,,,low,portfolio_ownership,portfolio_default,ambiguous,"Portfolio name itself spans at least three distinct Statement 6 functions (Transport and communication; Recreation and culture for sport/arts; Housing and community amenities for regional development) with no single dominant destination and no program-level evidence established in this pass to split them reliably.
"
Infrastructure Transport Regional Development Communications Sport and the Arts,Better Connectivity Plan for Regional and Rural Australia(a),235048,5,780000,116018000,2026-27;2027-28;2028-29;2029-30,budget;estimated_actual;forward_estimate,,,low,portfolio_ownership,portfolio_default,ambiguous,"Portfolio name itself spans at least three distinct Statement 6 functions (Transport and communication; Recreation and culture for sport/arts; Housing and community amenities for regional development) with no single dominant destination and no program-level evidence established in this pass to split them reliably.
"
Infrastructure Transport Regional Development Communications Sport and the Arts,Community Broadcasting Program,235049,9,21893000,28638000,2024-25;2025-26;2026-27;2027-28;2028-29;2029-30,budget;estimated_actual;forward_estimate,,,low,portfolio_ownership,portfolio_default,ambiguous,"Portfolio name itself spans at least three distinct Statement 6 functions (Transport and communication; Recreation and culture for sport/arts; Housing and community amenities for regional development) with no single dominant destination and no program-level evidence established in this pass to split them reliably.
"
Infrastructure Transport Regional Development Communications Sport and the Arts,Consumer Representation Grants Program,235050,9,2677000,3074000,2024-25;2025-26;2026-27;2027-28;2028-29;2029-30,budget;estimated_actual;forward_estimate,,,low,portfolio_ownership,portfolio_default,ambiguous,"Portfolio name itself spans at least three distinct Statement 6 functions (Transport and communication; Recreation and culture for sport/arts; Housing and community amenities for regional development) with no single dominant destination and no program-level evidence established in this pass to split them reliably.
"
Infrastructure Transport Regional Development Communications Sport and the Arts,Collections,235055,9,13977000,15060000,2024-25;2025-26;2026-27;2027-28;2028-29;2029-30,budget;estimated_actual;forward_estimate,,,low,portfolio_ownership,portfolio_default,ambiguous,"Portfolio name itself spans at least three distinct Statement 6 functions (Transport and communication; Recreation and culture for sport/arts; Housing and community amenities for regional development) with no single dominant destination and no program-level evidence established in this pass to split them reliably.
"
Infrastructure Transport Regional Development Communications Sport and the Arts,"Special Appropriation Public Governance, Performance and Accountability Act 2013(a) -",235057,4,5000,5000,2026-27;2027-28;2028-29;2029-30,budget;forward_estimate,,,low,portfolio_ownership,portfolio_default,ambiguous,"Portfolio name itself spans at least three distinct Statement 6 functions (Transport and communication; Recreation and culture for sport/arts; Housing and community amenities for regional development) with no single dominant destination and no program-level evidence established in this pass to split them reliably.
"
Infrastructure Transport Regional Development Communications Sport and the Arts,Major Sporting Events,235058,5,9800000,28806000,2026-27;2027-28;2028-29;2029-30,budget;estimated_actual;forward_estimate,,,low,portfolio_ownership,portfolio_default,ambiguous,"Portfolio name itself spans at least three distinct Statement 6 functions (Transport and communication; Recreation and culture for sport/arts; Housing and community amenities for regional development) with no single dominant destination and no program-level evidence established in this pass to split them reliably.
"
Infrastructure Transport Regional Development Communications Sport and the Arts,Water and Snow Safety Program,235059,5,3000000,21632000,2026-27;2027-28;2028-29;2029-30,budget;estimated_actual;forward_estimate,,,low,portfolio_ownership,portfolio_default,ambiguous,"Portfolio name itself spans at least three distinct Statement 6 functions (Transport and communication; Recreation and culture for sport/arts; Housing and community amenities for regional development) with no single dominant destination and no program-level evidence established in this pass to split them reliably.
"
Infrastructure Transport Regional Development Communications Sport and the Arts,Table 3.9: Schedule of budgeted administered cash flows (for the period ended 30 June) (continued) FINANACING ACTIVITIES Cash received Other,235067,5,487397000,4242432000,2026-27;2027-28;2028-29;2029-30,budget;estimated_actual;forward_estimate,,,low,portfolio_ownership,portfolio_default,ambiguous,"Portfolio name itself spans at least three distinct Statement 6 functions (Transport and communication; Recreation and culture for sport/arts; Housing and community amenities for regional development) with no single dominant destination and no program-level evidence established in this pass to split them reliably.
"
Infrastructure Transport Regional Development Communications Sport and the Arts,Includes impact of applying leases under AASB 16 Leases Program 1.1: ABC General Operational Activities Revenue from government Ordinary annual services Appropr,235070,5,1016527000,1125854000,2026-27;2027-28;2028-29;2029-30,budget;estimated_actual;forward_estimate,,,low,portfolio_ownership,portfolio_default,ambiguous,"Portfolio name itself spans at least three distinct Statement 6 functions (Transport and communication; Recreation and culture for sport/arts; Housing and community amenities for regional development) with no single dominant destination and no program-level evidence established in this pass to split them reliably.
"
Infrastructure Transport Regional Development Communications Sport and the Arts,And intangibles Total As at 1 July 2026 Gross book value,235073,5,255881000,1752850000,2026-27;2027-28;2028-29;2029-30,budget;estimated_actual;forward_estimate,,,low,portfolio_ownership,portfolio_default,ambiguous,"Portfolio name itself spans at least three distinct Statement 6 functions (Transport and communication; Recreation and culture for sport/arts; Housing and community amenities for regional development) with no single dominant destination and no program-level evidence established in this pass to split them reliably.
"
Infrastructure Transport Regional Development Communications Sport and the Arts,Special Account Appropriation receipts(d),235075,5,47395000,59386000,2026-27;2027-28;2028-29;2029-30,budget;estimated_actual;forward_estimate,,,low,portfolio_ownership,portfolio_default,ambiguous,"Portfolio name itself spans at least three distinct Statement 6 functions (Transport and communication; Recreation and culture for sport/arts; Housing and community amenities for regional development) with no single dominant destination and no program-level evidence established in this pass to split them reliably.
"
Infrastructure Transport Regional Development Communications Sport and the Arts,And Intangibles Total As at 1 July 2026 Gross book value -,235084,3,3769000,16439000,2027-28;2028-29;2029-30,forward_estimate,,,low,portfolio_ownership,portfolio_default,ambiguous,"Portfolio name itself spans at least three distinct Statement 6 functions (Transport and communication; Recreation and culture for sport/arts; Housing and community amenities for regional development) with no single dominant destination and no program-level evidence established in this pass to split them reliably.
"
Infrastructure Transport Regional Development Communications Sport and the Arts,"May 2026 Opening balance/cash reserves at 1 July 36,766 25,779 Funds from government Annual appropriations - ordinary annual services(a) Outcome",235085,3,1000,126024000,2027-28;2028-29;2029-30,forward_estimate,,,low,portfolio_ownership,portfolio_default,ambiguous,"Portfolio name itself spans at least three distinct Statement 6 functions (Transport and communication; Recreation and culture for sport/arts; Housing and community amenities for regional development) with no single dominant destination and no program-level evidence established in this pass to split them reliably.
"
Infrastructure Transport Regional Development Communications Sport and the Arts,Special appropriations Australian Maritime Safety Authority Act 1990,235087,9,133537000,160442000,2024-25;2025-26;2026-27;2027-28;2028-29;2029-30,budget;estimated_actual;forward_estimate,,,low,portfolio_ownership,portfolio_default,ambiguous,"Portfolio name itself spans at least three distinct Statement 6 functions (Transport and communication; Recreation and culture for sport/arts; Housing and community amenities for regional development) with no single dominant destination and no program-level evidence established in this pass to split them reliably.
"
Infrastructure Transport Regional Development Communications Sport and the Arts,May 2026 Opening balance/cash reserves at 1 July Funds from government Annual appropriations - ordinary annual services(a) Outcome,235101,3,1000,43058000,2025-26;2028-29;2029-30,budget,,,low,portfolio_ownership,portfolio_default,ambiguous,"Portfolio name itself spans at least three distinct Statement 6 functions (Transport and communication; Recreation and culture for sport/arts; Housing and community amenities for regional development) with no single dominant destination and no program-level evidence established in this pass to split them reliably.
"
Infrastructure Transport Regional Development Communications Sport and the Arts,"May 2026 Opening balance/cash reserves at 1 July 45,980 47,280 Funds from government Annual appropriations - ordinary annual services(a) Outcome",235104,3,1000,20152000,2025-26;2028-29;2029-30,budget,,,low,portfolio_ownership,portfolio_default,ambiguous,"Portfolio name itself spans at least three distinct Statement 6 functions (Transport and communication; Recreation and culture for sport/arts; Housing and community amenities for regional development) with no single dominant destination and no program-level evidence established in this pass to split them reliably.
"
Infrastructure Transport Regional Development Communications Sport and the Arts,"May 2026 Opening balance/cash reserves at 1 July 22,630 13,813 Funds from government Annual appropriations - ordinary annual services(a) Outcome",235109,3,1000,25887000,2025-26;2028-29;2029-30,budget,,,low,portfolio_ownership,portfolio_default,ambiguous,"Portfolio name itself spans at least three distinct Statement 6 functions (Transport and communication; Recreation and culture for sport/arts; Housing and community amenities for regional development) with no single dominant destination and no program-level evidence established in this pass to split them reliably.
"
Infrastructure Transport Regional Development Communications Sport and the Arts,"May 2026 Opening balance/cash reserves at 1 July 12,218 11,091 Funds from government Annual appropriations - ordinary annual services(a) Outcome",235111,3,1000,367341000,2025-26;2028-29;2029-30,budget,,,low,portfolio_ownership,portfolio_default,ambiguous,"Portfolio name itself spans at least three distinct Statement 6 functions (Transport and communication; Recreation and culture for sport/arts; Housing and community amenities for regional development) with no single dominant destination and no program-level evidence established in this pass to split them reliably.
"
Social Services,Program 1.3 – Support for Seniors Administered expenses Special appropriations Social Security (Administration) Act 1999,235112,6,62037079000,77019135000,2024-25;2025-26;2026-27;2027-28;2028-29;2029-30,budget,Social security and welfare / Assistance to the aged,related_breakdown,high,exact_label_with_portfolio_context,program_label_override,mapped,
Social Services,Program 1.4 – Financial Support for People with Disability Administered expenses Special appropriations Social Security (Administration) Act 1999,235113,6,23362895000,29513294000,2024-25;2025-26;2026-27;2027-28;2028-29;2029-30,budget,Social security and welfare / Assistance to people with disabilities,related_breakdown,high,exact_label_with_portfolio_context,program_label_override,mapped,
Social Services,1.3.1 – Component 1 (Age Pension) Special appropriations Social Security (Administration) Act 1999,235115,6,61971297000,76971394000,2024-25;2025-26;2026-27;2027-28;2028-29;2029-30,budget,Social security and welfare,related_breakdown,high,portfolio_ownership,portfolio_default,mapped,
Social Services,1.4.1 – Component 1 (Disability Support Pension) Special appropriations Social Security (Administration) Act 1999,235116,6,23316035000,29451487000,2024-25;2025-26;2026-27;2027-28;2028-29;2029-30,budget,Social security and welfare,related_breakdown,high,portfolio_ownership,portfolio_default,mapped,
Social Services,1.5.1 – Component 1 (Carer Payment) Special appropriations Social Security (Administration) Act 1999,235117,6,7925606000,10318865000,2024-25;2025-26;2026-27;2027-28;2028-29;2029-30,budget,Social security and welfare,related_breakdown,high,portfolio_ownership,portfolio_default,mapped,
Social Services,1.6.6 – Component 6 (Pensioner Education Supplement) Special appropriations Social Security (Administration) Act 1999,235118,5,26061000,26228000,2025-26;2026-27;2027-28;2028-29;2029-30,budget,Social security and welfare,related_breakdown,high,portfolio_ownership,portfolio_default,mapped,
Social Services,1.6.7 – Component 7 (Utilities Allowance) Special appropriations Social Security (Administration) Act 1999,235119,5,25160000,31887000,2025-26;2026-27;2027-28;2028-29;2029-30,budget,Social security and welfare,related_breakdown,high,portfolio_ownership,portfolio_default,mapped,
Social Services,1.7.3 – Component 3 (ABSTUDY - Secondary) Special appropriations Student Assistance Act 1973,235120,5,235196000,263094000,2025-26;2026-27;2027-28;2028-29;2029-30,budget,Social security and welfare,related_breakdown,high,portfolio_ownership,portfolio_default,mapped,
Social Services,1.7.4 – Component 4 (ABSTUDY - Tertiary) Special appropriations Student Assistance Act 1973,235121,5,115833000,150227000,2025-26;2026-27;2027-28;2028-29;2029-30,budget,Social security and welfare,related_breakdown,high,portfolio_ownership,portfolio_default,mapped,
Social Services,1.7.5 – Component 5 (Student Start-up Loan) Special appropriations Social Security (Administration) Act 1999,235122,5,93493000,236144000,2025-26;2026-27;2027-28;2028-29;2029-30,budget,Social security and welfare,related_breakdown,high,portfolio_ownership,portfolio_default,mapped,
Social Services,1.7.6 – Component 6 (Student Start-up Loan - ABSTUDY) Special appropriations Student Assistance Act 1973,235123,5,2724000,6058000,2025-26;2026-27;2027-28;2028-29;2029-30,budget,Social security and welfare,related_breakdown,high,portfolio_ownership,portfolio_default,mapped,
Social Services,Estimated Budget Forward Forward Forward 1.8.1 – Component 1 (Disability Employment Services) Annual administered expenses Ordinary annual services (Appropriati,235124,5,1309602000,1391593000,2025-26;2026-27;2027-28;2028-29;2029-30,budget,Social security and welfare,related_breakdown,high,portfolio_ownership,portfolio_default,mapped,
Social Services,Estimated Budget Forward Forward Forward Program 2.1 – Families and Communities Administered expenses Ordinary annual services (Appropriation Bill No. 1),235125,5,1144944000,1381195000,2025-26;2026-27;2027-28;2028-29;2029-30,budget,Social security and welfare,related_breakdown,high,portfolio_ownership,portfolio_default,mapped,
Social Services,Estimated Budget Forward Forward Forward 2.1.1 – Component 1 (Families and Children) Annual administered expenses Ordinary annual services (Appropriation Bill N,235127,5,470965000,496223000,2025-26;2026-27;2027-28;2028-29;2029-30,budget,Social security and welfare,related_breakdown,high,portfolio_ownership,portfolio_default,mapped,
Social Services,"Buildings and Property, Intangibles Total leasehold plant and improvements equipment As at 1 July 2026 Gross book value",235129,4,1644000,60090000,2026-27;2027-28;2028-29;2029-30,budget,Social security and welfare,related_breakdown,high,portfolio_ownership,portfolio_default,mapped,
Social Services,Property software plant and and equipment intangibles As at 1 July 2026 Gross book value,235133,3,890000,2707000,2027-28;2028-29;2029-30,budget,Social security and welfare,related_breakdown,high,portfolio_ownership,portfolio_default,mapped,
Defence,Key cost category / Capability Acquisition Program,235135,5,800500,108454100,2024-25;2025-26;2026-27;2027-28;2028-29,budget,Defence,related_breakdown,high,portfolio_ownership,portfolio_default,mapped,
Defence,Key cost category / Capability Sustainment Program,235136,5,758800,99021900,2024-25;2025-26;2026-27;2027-28;2028-29,budget,Defence,related_breakdown,high,portfolio_ownership,portfolio_default,mapped,
Defence,Program 2.2 Defence E xecutive Support Total funded expenditure,235137,6,506497000,688212000,2023-24;2024-25;2025-26;2026-27;2027-28;2028-29,budget,Defence,related_breakdown,high,portfolio_ownership,portfolio_default,mapped,
Defence,Program 2.8 Australian D efence F orce H eadquarters Total funded expenditure,235138,5,332253000,543723000,2024-25;2025-26;2026-27;2027-28;2028-29,budget,Defence,related_breakdown,high,portfolio_ownership,portfolio_default,mapped,
Defence,Program 2.10 Security and E state Total funded expenditure,235139,5,6836967000,7577683000,2024-25;2025-26;2026-27;2027-28;2028-29,budget,Defence,related_breakdown,high,portfolio_ownership,portfolio_default,mapped,
Finance,Special appropriations Federal Circuit Court of Australia Act 1999,235141,11,1052000,1859000,2024-25;2025-26;2026-27;2027-28;2028-29;2029-30,budget;estimated_actual;forward_estimate,General public services,related_breakdown,medium,portfolio_ownership,portfolio_default,mapped,
Finance,Governance of Australian Government Superannuation Schemes Act 2011,235142,11,1000000,1000000,2024-25;2025-26;2026-27;2027-28;2028-29;2029-30,budget;estimated_actual;forward_estimate,General public services,related_breakdown,medium,portfolio_ownership,portfolio_default,mapped,
Finance,2027­28 2028­29 2029­30 DisabilityCare Australia Fund (a) Opening balance,235150,5,3746075000,17671392000,2026-27;2027-28;2028-29;2029-30,budget;estimated_actual;forward_estimate,General public services,related_breakdown,medium,portfolio_ownership,portfolio_default,mapped,
Finance,2027­28 2028­29 2029­30 Medical Research Future Fund (a) Opening balance,235151,5,24482557000,28252110000,2026-27;2027-28;2028-29;2029-30,budget;estimated_actual;forward_estimate,General public services,related_breakdown,medium,portfolio_ownership,portfolio_default,mapped,
Finance,2028­29 2029­30 Aboriginal and Torres Strait Islander Land and Sea Future Fund (a) Opening balance,235152,5,2434754000,2741025000,2026-27;2027-28;2028-29;2029-30,budget;estimated_actual;forward_estimate,General public services,related_breakdown,medium,portfolio_ownership,portfolio_default,mapped,
Finance,2027­28 2028­29 2029­30 Future Drought Fund (a) Opening balance,235153,5,5323221000,6266109000,2026-27;2027-28;2028-29;2029-30,budget;estimated_actual;forward_estimate,General public services,related_breakdown,medium,portfolio_ownership,portfolio_default,mapped,
Finance,2027­28 2028­29 2029­30 Disaster Ready Fund (a) Opening balance,235154,5,4925855000,5940611000,2026-27;2027-28;2028-29;2029-30,budget;estimated_actual;forward_estimate,General public services,related_breakdown,medium,portfolio_ownership,portfolio_default,mapped,
Finance,2027­28 2028­29 2029­30 Housing Australia Future Fund (a) Opening balance,235155,5,10927451000,11471084000,2026-27;2027-28;2028-29;2029-30,budget;estimated_actual;forward_estimate,General public services,related_breakdown,medium,portfolio_ownership,portfolio_default,mapped,
Finance,Insurance Claims,235159,8,335838000,970656000,2025-26;2026-27;2027-28;2028-29;2029-30,budget;estimated_actual;forward_estimate,General public services,related_breakdown,medium,portfolio_ownership,portfolio_default,mapped,
Finance,2027­28 2028­29 2029­30 NEW CAPITAL APPROPRIATIONS Capital budget - Bill 1 (DCB),235164,5,103000,114000,2026-27;2027-28;2028-29;2029-30,budget;estimated_actual;forward_estimate,General public services,related_breakdown,medium,portfolio_ownership,portfolio_default,mapped,
Finance,2027­28 2028­29 2029­30 NEW CAPITAL APPROPRIATIONS Capital budget - Bill 1 (ACB),235168,5,5885000,7314000,2026-27;2027-28;2028-29;2029-30,budget;estimated_actual;forward_estimate,General public services,related_breakdown,medium,portfolio_ownership,portfolio_default,mapped,
Finance,2029­30 Payment measures Indigenous Electoral Participation Program (a) 1.1 Departmental payment -,235170,4,7905000,10762000,2026-27;2027-28;2028-29;2029-30,budget;forward_estimate,General public services,related_breakdown,medium,portfolio_ownership,portfolio_default,mapped,
Finance,2029­30 Payment measures (continued) Securing the National Disability Insurance Scheme for Future Generations (h) 1.1 Departmental payment -,235181,4,50000,200000,2026-27;2027-28;2028-29;2029-30,budget;forward_estimate,General public services,related_breakdown,medium,portfolio_ownership,portfolio_default,mapped,
Education,Closing the Gap - Education 1.5 Administered payment -,235201,4,8556000,38253000,2024-25;2025-26;2026-27;2027-28,budget;forward_estimate,Education,related_breakdown,high,portfolio_ownership,portfolio_default,mapped,
Education,Choice and Affordability Fund,235206,5,116790000,132232000,2024-25;2025-26;2026-27;2027-28,budget;estimated_actual;forward_estimate,Education,related_breakdown,high,portfolio_ownership,portfolio_default,mapped,
Education,"Government Schools - one off transition assistance 24,203 - - - - Special appropriations: Australian Education Act 2013",235207,5,17962805000,20918590000,2024-25;2025-26;2026-27;2027-28,budget;estimated_actual;forward_estimate,Education,related_breakdown,high,portfolio_ownership,portfolio_default,mapped,
Education,2024­25 2025­26 2026­27 2027­28 Quality Outcomes,235208,5,36060000,42511000,2024-25;2025-26;2026-27;2027-28,budget;estimated_actual;forward_estimate,Education,related_breakdown,high,portfolio_ownership,portfolio_default,mapped,
Education,Supporting Australia’s Teacher Workforce,235209,11,1738000,3014000,2024-25;2025-26;2026-27;2027-28;2028-29;2029-30,budget;estimated_actual;forward_estimate,Education,related_breakdown,high,portfolio_ownership,portfolio_default,mapped,
Education,Literacy Support for Tasmania Students,235210,5,1000000,2000000,2024-25;2025-26;2026-27;2027-28,budget;estimated_actual;forward_estimate,Education,related_breakdown,high,portfolio_ownership,portfolio_default,mapped,
Education,2027­28 Special Appropriations Higher Education Support Act 2003 Research Support Program,235212,5,1005282000,1161757000,2024-25;2025-26;2026-27;2027-28,budget;estimated_actual;forward_estimate,Education,related_breakdown,high,portfolio_ownership,portfolio_default,mapped,
Education,Cash and cash equivalents at the beginning of the reporting period,235217,11,498000,929000,2024-25;2025-26;2026-27;2027-28;2028-29;2029-30,budget;estimated_actual;forward_estimate,Education,related_breakdown,high,portfolio_ownership,portfolio_default,mapped,
Education,2026­27 2027­28 NEW CAPITAL APPROPRIATIONS Capital budget - Bill 1 (DCB),235218,5,13975000,31197000,2024-25;2025-26;2026-27;2027-28,budget;estimated_actual;forward_estimate,Education,related_breakdown,high,portfolio_ownership,portfolio_default,mapped,
Veterans' Affairs,"Pharmaceutical Benefits Scheme (PBS) New and Amended Listings (b) 2.1, 2.3 Administered payment",235223,5,1101000,8914000,2024-25;2025-26;2026-27;2027-28;2028-29,budget,Health / Medical services and benefits / Veterans' pharmaceutical benefits,related_breakdown,high,exact_label_with_portfolio_context,program_label_override,mapped,
Veterans' Affairs,Estimated Budget Forward Forward Forward Program 1.1: Veterans’ Income Support and Allowances Administered Expenses Special Appropriations,235224,7,1517900000,1784415000,2023-24;2024-25;2025-26;2026-27;2027-28;2028-29,actual;budget,Social security and welfare / Assistance to veterans and dependants,related_breakdown,medium,portfolio_ownership,portfolio_default,mapped,
Veterans' Affairs,Program 1.1: Veterans’ Income Support and Allowances Estimated Budget Forward Forward Forward Special Appropriations: Veterans' Entitlements Act 1986 Income sup,235225,6,1511431000,1778159000,2023-24;2024-25;2025-26;2026-27;2027-28;2028-29,budget,Social security and welfare / Assistance to veterans and dependants,related_breakdown,medium,portfolio_ownership,portfolio_default,mapped,
Veterans' Affairs,Special Appropriations: Veterans' Entitlements Act 1986 Disability pensions,235226,5,1728627000,1753020000,2024-25;2025-26;2026-27;2027-28;2028-29,budget,Social security and welfare / Assistance to veterans and dependants,related_breakdown,medium,portfolio_ownership,portfolio_default,mapped,
Veterans' Affairs,Estimated Budget Forward Forward Forward Program 2.1: General Medical Consultations and Services Administered Expenses Special Appropriations,235229,6,699751000,741078000,2023-24;2024-25;2025-26;2026-27;2027-28;2028-29,budget,Social security and welfare / Assistance to veterans and dependants,related_breakdown,medium,portfolio_ownership,portfolio_default,mapped,
Veterans' Affairs,Program 2.1: General Medical Consultations and Services Estimated Budget Forward Forward Forward Special Appropriations: Veterans' Entitlements Act 1986 GP cons,235230,6,106469000,112316000,2023-24;2024-25;2025-26;2026-27;2027-28;2028-29,budget,Social security and welfare / Assistance to veterans and dependants,related_breakdown,medium,portfolio_ownership,portfolio_default,mapped,
Veterans' Affairs,Program 2.2: Veterans’ Hospital Services Estimated Budget Forward Forward Forward Special Appropriations: Veterans' Entitlements Act 1986 Public hospitals,235231,7,392294000,428499000,2023-24;2024-25;2025-26;2026-27;2027-28;2028-29;2029-30,budget,Social security and welfare / Assistance to veterans and dependants,related_breakdown,medium,portfolio_ownership,portfolio_default,mapped,
Veterans' Affairs,Program 2.3: Veterans’ Pharmaceuticals Benefits Estimated Budget Forward Forward Forward Special Appropriations: Veterans' Entitlements Act 1986 Pharmaceutical ,235232,6,354110000,403401000,2023-24;2024-25;2025-26;2026-27;2027-28;2028-29,budget,Health / Medical services and benefits / Veterans' pharmaceutical benefits,related_breakdown,high,exact_label_with_portfolio_context,program_label_override,mapped,
Veterans' Affairs,Veteran Wellbeing Grants,235233,6,4186000,12797000,2024-25;2025-26;2026-27;2027-28;2028-29;2029-30,budget,Social security and welfare / Assistance to veterans and dependants,related_breakdown,medium,portfolio_ownership,portfolio_default,mapped,
Veterans' Affairs,Special Appropriations: Veterans' Entitlements Act 1986 Residential care,235234,7,611267000,954107000,2023-24;2024-25;2025-26;2026-27;2027-28;2028-29;2029-30,budget,Social security and welfare / Assistance to veterans and dependants,related_breakdown,medium,portfolio_ownership,portfolio_default,mapped,
Veterans' Affairs,Subsistence,235235,6,7726000,9109000,2024-25;2025-26;2026-27;2027-28;2028-29;2029-30,budget,Social security and welfare / Assistance to veterans and dependants,related_breakdown,medium,portfolio_ownership,portfolio_default,mapped,
Veterans' Affairs,Cash and cash equivalents at the beginning of the reporting period,235243,5,35263000,35357000,2024-25;2025-26;2026-27;2027-28;2028-29,budget,Social security and welfare / Assistance to veterans and dependants,related_breakdown,medium,portfolio_ownership,portfolio_default,mapped,
Veterans' Affairs,Table 3.5: Departmental capital budget statement (for the period ended 30 June) Estimated Budget Forward Forward Forward NEW CAPITAL APPROPRIATIONS Capital budg,235246,5,14132000,16527000,2024-25;2025-26;2026-27;2027-28;2028-29,budget,Social security and welfare / Assistance to veterans and dependants,related_breakdown,medium,portfolio_ownership,portfolio_default,mapped,
Veterans' Affairs,"Estimated Estimate Opening balance/cash reserves at 1 July 127,425 58,542 Funds from Government Annual appropriations - ordinary annual services (a) Outcome",235252,3,1000,50451000,2026-27;2027-28;2028-29,budget,Social security and welfare / Assistance to veterans and dependants,related_breakdown,medium,portfolio_ownership,portfolio_default,mapped,
Health Disability and Ageing,Pharmaceutical Benefits Scheme (PBS) New and Amended Listings (c) Department of Health and Aged Care Administered payments,235260,6,2100,3965000,2024-25;2025-26;2026-27;2027-28;2028-29,actual;budget;estimated_actual;forward_estimate,Social security and welfare / Assistance to the aged,related_breakdown,medium,exact_label_with_portfolio_context,program_label_override,mapped,
Health Disability and Ageing,Department of the Treasury Administered payments,235261,5,1000000,6000000,2025-26;2026-27;2027-28;2028-29,budget;estimated_actual;forward_estimate,Health,related_breakdown,high,portfolio_ownership,portfolio_default,mapped,
Health Disability and Ageing,Services for Other Entities and Trust Moneys Special Account,235263,8,10931000,13952000,2024-25;2025-26;2026-27;2027-28;2028-29,budget;estimated_actual;forward_estimate,Health,related_breakdown,high,portfolio_ownership,portfolio_default,mapped,
Health Disability and Ageing,Midwife Professional Indemnity (Commonwealth Contribution) Scheme Act 2010,235266,11,4186000,13181000,2024-25;2025-26;2026-27;2027-28;2028-29;2029-30,budget;estimated_actual;forward_estimate,Health,related_breakdown,high,portfolio_ownership,portfolio_default,mapped,
Health Disability and Ageing,Special appropriations National Health Act 1953 - essential vaccines,235268,8,520041000,733797000,2024-25;2025-26;2026-27;2027-28;2028-29,budget;estimated_actual;forward_estimate,Health,related_breakdown,high,portfolio_ownership,portfolio_default,mapped,
Health Disability and Ageing,Program 2.5: Dental Services (b) Administered expenses Special appropriations Dental Benefits Act 2008,235271,11,324488000,374288000,2024-25;2025-26;2026-27;2027-28;2028-29;2029-30,budget;estimated_actual;forward_estimate,Health,related_breakdown,high,portfolio_ownership,portfolio_default,mapped,
Health Disability and Ageing,2025–26 2024–25 Administered Australian Immunisation Register,235278,6,1000,9819000,2024-25;2025-26;2026-27;2027-28;2028-29,actual;budget;estimated_actual;forward_estimate,Health,related_breakdown,high,portfolio_ownership,portfolio_default,mapped,
Health Disability and Ageing,"Cash used Purchase of property, plant and equipment",235284,11,394000,43305000,2024-25;2025-26;2026-27;2027-28;2028-29;2029-30,budget;estimated_actual;forward_estimate,Health,related_breakdown,high,portfolio_ownership,portfolio_default,mapped,
Health Disability and Ageing,2026–27 2027–28 2028–29 CAPITAL APPROPRIATIONS Capital budget - Bill 1 (DCB),235295,5,2189000,4538000,2025-26;2026-27;2027-28;2028-29,budget;estimated_actual;forward_estimate,Health,related_breakdown,high,portfolio_ownership,portfolio_default,mapped,
Health Disability and Ageing,"By purchase - RoU 2,985 - - 2,985 Total additions",235296,4,48000,4921000,2025-26;2026-27;2027-28;2028-29,budget;forward_estimate,Health,related_breakdown,high,portfolio_ownership,portfolio_default,mapped,
Health Disability and Ageing,Operating deficit (surplus) (b),235300,11,10562000,67137000,2024-25;2025-26;2026-27;2027-28;2028-29;2029-30,budget;estimated_actual;forward_estimate,Health,related_breakdown,high,portfolio_ownership,portfolio_default,mapped,
Health Disability and Ageing,"2025–26 Opening balance/cash reserves at 1 July 103,860 103,760 Funds from Government annual appropriations Ordinary annual services (a) Outcome",235302,3,1000,36547000,2026-27;2027-28;2028-29,forward_estimate,Health,related_breakdown,high,portfolio_ownership,portfolio_default,mapped,
Health Disability and Ageing,2024–25 Departmental Special account by Act - ARPANSA Account (a),235306,6,1000,34978000,2024-25;2025-26;2026-27;2027-28;2028-29,actual;budget;estimated_actual;forward_estimate,Health,related_breakdown,high,portfolio_ownership,portfolio_default,mapped,
Health Disability and Ageing,2025–26 ADMINISTERED Annual appropriations Ordinary annual services (a) Outcome,235310,3,1000,973172000,2024-25;2025-26;2026-27,budget,Health,related_breakdown,high,portfolio_ownership,portfolio_default,mapped,
Prime Minister and Cabinet,Net Zero Economy Agency,235315,5,939000,21999000,2024-25;2025-26;2026-27;2027-28,budget;estimated_actual;forward_estimate,General public services,related_breakdown,medium,portfolio_ownership,portfolio_default,mapped,
Prime Minister and Cabinet,Forw ard Forw ard Forw ard NEW CAPITAL APPROPRIATIONS Capital budget - Act No. 1 (DCB),235317,5,5190000,14377000,2024-25;2025-26;2026-27;2027-28,budget;estimated_actual;forward_estimate,General public services,related_breakdown,medium,portfolio_ownership,portfolio_default,mapped,
Prime Minister and Cabinet,Forw ard Forw ard Forw ard NEW CAPITAL APPROPRIATIONS Capital budget - Act 1 (ACB),235321,5,1749000,2644000,2024-25;2025-26;2026-27;2027-28,budget;estimated_actual;forward_estimate,General public services,related_breakdown,medium,portfolio_ownership,portfolio_default,mapped,
Prime Minister and Cabinet,"May 2024 Opening balance/cash reserves at 1 July 8,554 18,363 Funds from Government Annual appropriations - ordinary annual services (a) Outcome",235323,3,1000,44416000,2025-26;2026-27;2027-28,forward_estimate,General public services,related_breakdown,medium,portfolio_ownership,portfolio_default,mapped,
Prime Minister and Cabinet,"Budget May 2024 Opening balance/cash reserves at 1 July 24,631 24,363 Funds from Government Annual appropriations - ordinary annual services (a) Outcome",235324,3,1000,29343000,2025-26;2026-27;2027-28,forward_estimate,General public services,related_breakdown,medium,portfolio_ownership,portfolio_default,mapped,
Prime Minister and Cabinet,Table 1.2: AIATSIS 2024–25 Budget measures Program Payment measures Further Investment to Closing the Gap (a) 1.1 Departmental payment -,235325,4,2558000,9833000,2024-25;2025-26;2026-27;2027-28,budget;forward_estimate,General public services,related_breakdown,medium,portfolio_ownership,portfolio_default,mapped,
Prime Minister and Cabinet,Forw ard Program 1.1: Australian Institute of Aboriginal and Torres Strait Islander Studies Revenue from Government Ordinary annual services (Appropriation Bill,235326,5,22575000,29343000,2024-25;2025-26;2026-27;2027-28,budget;estimated_actual;forward_estimate,General public services,related_breakdown,medium,portfolio_ownership,portfolio_default,mapped,
Prime Minister and Cabinet,"Budget 2024 Opening balance/cash reserves at 1 July 105,859 101,676 Funds from Government Annual appropriations - ordinary annual services (a) Outcome",235331,3,1000,9595000,2025-26;2026-27;2027-28,forward_estimate,General public services,related_breakdown,medium,portfolio_ownership,portfolio_default,mapped,
Prime Minister and Cabinet,"May 2024 Opening balance/cash reserves at 1 July 59,836 43,179 Funds from Government Annual appropriations - ordinary annual services (a) Outcome",235333,3,1000,10087000,2025-26;2026-27;2027-28,forward_estimate,General public services,related_breakdown,medium,portfolio_ownership,portfolio_default,mapped,
Prime Minister and Cabinet,"Forw ard Program 1.1: Jobs, Land and the E conomy Administered expenses Ordinary annual services (Appropriation Bill No. 1)",235338,5,865817000,1208219000,2024-25;2025-26;2026-27;2027-28,budget;estimated_actual;forward_estimate,General public services,related_breakdown,medium,portfolio_ownership,portfolio_default,mapped,
Prime Minister and Cabinet,Forw ard Program 1.3: Safety and Wellbeing Administered expenses Ordinary annual services (Appropriation Bill No. 1),235340,5,320660000,547656000,2024-25;2025-26;2026-27;2027-28,budget;estimated_actual;forward_estimate,General public services,related_breakdown,medium,portfolio_ownership,portfolio_default,mapped,
Prime Minister and Cabinet,Forw ard Program 1.6: Evaluation and Research Administered expenses Ordinary annual services (Appropriation Bill No. 1),235341,5,10993000,11668000,2024-25;2025-26;2026-27;2027-28,budget;estimated_actual;forward_estimate,General public services,related_breakdown,medium,portfolio_ownership,portfolio_default,mapped,
Prime Minister and Cabinet,Forw ard Forw ard Program 1.1: Assessments and R eports Departmental expenses Departmental appropriation,235346,5,55663000,61134000,2024-25;2025-26;2026-27;2027-28,budget;estimated_actual;forward_estimate,General public services,related_breakdown,medium,portfolio_ownership,portfolio_default,mapped,
Prime Minister and Cabinet,"Budget May 2024 Opening balance/cash reserves at 1 July 13,396 13,681 Funds from Government Annual appropriations - ordinary annual services (a) Outcome",235354,3,1000,38223000,2025-26;2026-27;2027-28,forward_estimate,General public services,related_breakdown,medium,portfolio_ownership,portfolio_default,mapped,
department of the senate pbs DoS 2024 25,Program Payment measures Department of the Senate 1 Supporting House and Senate Transformation -,235358,4,280000,291000,2021-22;2022-23;2023-24;2024-25,budget,,,,,,unmapped,portfolio_not_in_crosswalk
department of the senate pbs DoS 2024 25,"Provisions Employee provisions 7,414 7,",235363,4,414000,7414000,2021-22;2022-23;2023-24;2024-25,budget,,,,,,unmapped,portfolio_not_in_crosswalk
department of the senate pbs DoS 2024 25,Cash and cash equivalents at the beginning of the reporting period,235366,5,226000,226000,2020-21;2021-22;2022-23;2023-24;2024-25,budget,,,,,,unmapped,portfolio_not_in_crosswalk
department of the senate pbs DoS 2024 25,Forw ard est imate NEW CAPITAL APPROPRIATIONS Capital budget (DCB),235367,5,293000,311000,2020-21;2021-22;2022-23;2023-24;2024-25,budget,,,,,,unmapped,portfolio_not_in_crosswalk
parliamentary services 2026 27 Portfolio Budget Statement,Cash and cash equivalents at the beginning of the reporting period,235373,5,779000,779000,2026-27;2027-28;2028-29;2029-30,budget;estimated_actual;forward_estimate,,,,,,unmapped,portfolio_not_in_crosswalk
Agriculture Fisheries and Forestry,2024–25 2025–26 Administered Annual appropriations – ordinary annual services(a) DAFF Outcome,235380,3,1000,190520000,2026-27;2027-28;2028-29,forward_estimate,"Agriculture, forestry and fishing",related_breakdown,high,portfolio_ownership,portfolio_default,mapped,
Agriculture Fisheries and Forestry,Extend the Fair Farms program,235381,5,195000,722000,2025-26;2026-27;2027-28;2028-29,budget;estimated_actual;forward_estimate,"Agriculture, forestry and fishing",related_breakdown,high,portfolio_ownership,portfolio_default,mapped,
Agriculture Fisheries and Forestry,AgriFutures Australia,235382,9,10085000,11407000,2023-24;2024-25;2025-26;2026-27;2027-28;2028-29,budget;estimated_actual;forward_estimate,"Agriculture, forestry and fishing",related_breakdown,high,portfolio_ownership,portfolio_default,mapped,
Agriculture Fisheries and Forestry,"Modernising Agricultural Trade – Protecting Australia's Clean, Green Brand",235386,9,2000000,2055000,2023-24;2024-25;2025-26;2026-27;2027-28;2028-29,budget;estimated_actual;forward_estimate,"Agriculture, forestry and fishing",related_breakdown,high,portfolio_ownership,portfolio_default,mapped,
Agriculture Fisheries and Forestry,"National Residue Survey Special Account – s. 80, PGPA Act [s. 64, Primary Industries Levies and Charges Disbursement Act 2024 ]",235387,5,12071000,13416000,2025-26;2026-27;2027-28;2028-29,budget;estimated_actual;forward_estimate,"Agriculture, forestry and fishing",related_breakdown,high,portfolio_ownership,portfolio_default,mapped,
Agriculture Fisheries and Forestry,"2025–26 Opening balance/cash reserves at 1 July 5,878 5,878 Funds from Government (a) Annual appropriations – ordinary annual services(b) Outcome",235412,2,1000,23353000,2024-25;2025-26,budget,"Agriculture, forestry and fishing",related_breakdown,high,portfolio_ownership,portfolio_default,mapped,
Home Affairs,2026–27 2027–28 2028–29 NEW CAPITAL APPROPRIATIONS Capital budget – Bill 1 (DCB),235421,5,217000,3056000,2025-26;2026-27;2027-28;2028-29,budget;estimated_actual;forward_estimate,Public order and safety,related_breakdown,high,portfolio_ownership,portfolio_default,mapped,
Home Affairs,2026–27 2027–28 2028–29 NEW CAPITAL APPROPRIATIONS Capital budget – Bill 1 (ACB),235426,5,24765000,28009000,2025-26;2026-27;2027-28;2028-29,budget;estimated_actual;forward_estimate,Public order and safety,related_breakdown,high,portfolio_ownership,portfolio_default,mapped,
Home Affairs,Leasehold Improvements Total As at 1 July 2025 Gross book value –,235427,4,923000,18382000,2025-26;2026-27;2027-28;2028-29,budget;forward_estimate,Public order and safety,related_breakdown,high,portfolio_ownership,portfolio_default,mapped,
Health Disability and Ageing,"Health, Agencies, Systems and Data (a) Department of Health, Disability and Ageing Administered payments 1.1 500 -",235430,3,2327000,6660000,2027-28;2028-29;2029-30,forward_estimate,Health,related_breakdown,high,portfolio_ownership,portfolio_default,mapped,
Health Disability and Ageing,"2029–30 Health Protection (c) Department of Health, Disability and Ageing Administered capital payments",235431,6,1800,72579000,2025-26;2026-27;2027-28;2028-29;2029-30,actual;budget;estimated_actual;forward_estimate,Health,related_breakdown,high,portfolio_ownership,portfolio_default,mapped,
Health Disability and Ageing,National Disability Insurance Scheme Participant Plans,235442,5,38216437000,40353135000,2026-27;2027-28;2028-29;2029-30,budget;estimated_actual;forward_estimate,Social security and welfare / Assistance to people with disabilities / National Disability Insurance Scheme,related_breakdown,high,exact_label_with_portfolio_context,program_label_override,mapped,
Health Disability and Ageing,2025–26 Departmental Australian Industrial Chemicals Introduction Scheme,235443,6,1000,39035000,2025-26;2026-27;2027-28;2028-29;2029-30,actual;budget;estimated_actual;forward_estimate,Health,related_breakdown,high,portfolio_ownership,portfolio_default,mapped,
Health Disability and Ageing,2026–27 2025–26 Administered Australian Immunisation Register,235444,6,1000,10193000,2025-26;2026-27;2027-28;2028-29;2029-30,actual;budget;estimated_actual;forward_estimate,Health,related_breakdown,high,portfolio_ownership,portfolio_default,mapped,
Health Disability and Ageing,2027–28 2028–29 2029–30 CAPITAL APPROPRIATIONS Capital budget - Bill 1 (DCB),235459,5,394000,441000,2026-27;2027-28;2028-29;2029-30,budget;estimated_actual;forward_estimate,Health,related_breakdown,high,portfolio_ownership,portfolio_default,mapped,
Health Disability and Ageing,"2026–27 Opening balance/cash reserves at 1 July 126,769 124,943 Funds from Government annual appropriations Ordinary annual services(a) Outcome",235469,3,1000,38382000,2027-28;2028-29;2029-30,forward_estimate,Health,related_breakdown,high,portfolio_ownership,portfolio_default,mapped,
Health Disability and Ageing,By purchase - internal resources -,235472,5,150000,1145000,2025-26;2026-27;2027-28;2028-29;2029-30,forward_estimate,Health,related_breakdown,high,portfolio_ownership,portfolio_default,mapped,
Health Disability and Ageing,2026–27 2025–26 Departmental Special account by Act - ARPANSA Account (a),235474,6,1000,34745000,2025-26;2026-27;2027-28;2028-29;2029-30,actual;budget;estimated_actual;forward_estimate,Health,related_breakdown,high,portfolio_ownership,portfolio_default,mapped,
Health Disability and Ageing,"Purchase of property, plant and equipment",235477,9,50000,1150000,2024-25;2025-26;2026-27;2027-28;2028-29;2029-30,budget;estimated_actual;forward_estimate,Health,related_breakdown,high,portfolio_ownership,portfolio_default,mapped,
Health Disability and Ageing,Surplus (deficit) (256) (80),235479,3,207000,366000,2027-28;2028-29;2029-30,forward_estimate,Health,related_breakdown,high,portfolio_ownership,portfolio_default,mapped,
Health Disability and Ageing,2025–26 2026–27 ADMINISTERED Annual appropriations - Ordinary annual services (a) Outcome,235482,3,1000,13443000,2027-28;2028-29;2029-30,forward_estimate,Health,related_breakdown,high,portfolio_ownership,portfolio_default,mapped,
Health Disability and Ageing,2026–27 2025–26 Departmental National Blood Authority Account,235484,6,1000,16441000,2025-26;2026-27;2027-28;2028-29;2029-30,actual;budget;estimated_actual;forward_estimate,Health,related_breakdown,high,portfolio_ownership,portfolio_default,mapped,
Health Disability and Ageing,"Capital budget - Bill 1 (DCB) - - 405 405 Estimated closing balance as at 30 June 2027 (4,998)",235485,3,166000,10093000,2027-28;2028-29;2029-30,forward_estimate,Health,related_breakdown,high,portfolio_ownership,portfolio_default,mapped,
Health Disability and Ageing,Cash used Purchase of investments,235487,9,3769000,7019000,2024-25;2025-26;2026-27;2027-28;2028-29;2029-30,budget;estimated_actual;forward_estimate,Health,related_breakdown,high,portfolio_ownership,portfolio_default,mapped,
Health Disability and Ageing,2026–27 ADMINISTERED Annual appropriations Ordinary annual services(a) Outcome,235490,3,1000,995919000,2025-26;2026-27;2027-28,budget,Health,related_breakdown,high,portfolio_ownership,portfolio_default,mapped,
Employment and Workplace Relations,Commonwealth Rent Assistance – increase the maximum rates (c) 1.1 Administered payments -,235492,4,241000,708000,2024-25;2025-26;2026-27;2027-28,budget;forward_estimate,Social security and welfare / Assistance to the unemployed and the sick,related_breakdown,medium,portfolio_ownership,portfolio_default,mapped,
Employment and Workplace Relations,Australian Apprenticeships Incentive System – further support (k) 2.1 Administered payments -,235493,4,1472000,179739000,2024-25;2025-26;2026-27;2027-28,budget;forward_estimate,Social security and welfare / Assistance to the unemployed and the sick,related_breakdown,medium,portfolio_ownership,portfolio_default,mapped,
Employment and Workplace Relations,Workplace Relations​ (k) 3.1 Administered payments -,235494,4,11043000,26208000,2024-25;2025-26;2026-27;2027-28,budget;forward_estimate,Social security and welfare / Assistance to the unemployed and the sick,related_breakdown,medium,portfolio_ownership,portfolio_default,mapped,
Employment and Workplace Relations,New Voluntary Pre-Employment Service for Parents (c) -,235495,4,59173000,158093000,2024-25;2025-26;2026-27;2027-28,budget;forward_estimate,Social security and welfare / Assistance to the unemployed and the sick,related_breakdown,medium,portfolio_ownership,portfolio_default,mapped,
Employment and Workplace Relations,Remote Training Hubs Network,235498,5,1793000,6896000,2024-25;2025-26;2026-27;2027-28,budget;estimated_actual;forward_estimate,Social security and welfare / Assistance to the unemployed and the sick,related_breakdown,medium,portfolio_ownership,portfolio_default,mapped,
Employment and Workplace Relations,National Centre for Vocational Education Research,235500,8,754000,846000,2024-25;2025-26;2026-27;2027-28;2028-29,budget;estimated_actual;forward_estimate,Social security and welfare / Assistance to the unemployed and the sick,related_breakdown,medium,portfolio_ownership,portfolio_default,mapped,
Employment and Workplace Relations,Building Women's Careers -,235501,4,8000000,17000000,2024-25;2025-26;2026-27;2027-28,budget;forward_estimate,Social security and welfare / Assistance to the unemployed and the sick,related_breakdown,medium,portfolio_ownership,portfolio_default,mapped,
Employment and Workplace Relations,Special appropriations VET Student Loans (a),235502,5,136620000,456376000,2024-25;2025-26;2026-27;2027-28,budget;estimated_actual;forward_estimate,Social security and welfare / Assistance to the unemployed and the sick,related_breakdown,medium,portfolio_ownership,portfolio_default,mapped,
Employment and Workplace Relations,Special appropriations Coal Mining Industry (Long Service Leave) Administration Act 1992,235504,8,233358000,266743000,2024-25;2025-26;2026-27;2027-28;2028-29,budget;estimated_actual;forward_estimate,Social security and welfare / Assistance to the unemployed and the sick,related_breakdown,medium,portfolio_ownership,portfolio_default,mapped,
Employment and Workplace Relations,Departmental payment -,235523,4,256000,266000,2024-25;2025-26;2026-27;2027-28,budget;forward_estimate,Social security and welfare / Assistance to the unemployed and the sick,related_breakdown,medium,portfolio_ownership,portfolio_default,mapped,
Employment and Workplace Relations,Funded by capital appropriation - DCB (b),235526,5,1358000,4930000,2024-25;2025-26;2026-27;2027-28,budget;estimated_actual;forward_estimate,Social security and welfare / Assistance to the unemployed and the sick,related_breakdown,medium,portfolio_ownership,portfolio_default,mapped,
Employment and Workplace Relations,Net GST received 3 3 - 3 - Other,235537,5,167000,224000,2024-25;2025-26;2026-27;2027-28,budget;estimated_actual;forward_estimate,Social security and welfare / Assistance to the unemployed and the sick,related_breakdown,medium,portfolio_ownership,portfolio_default,mapped,
Education,Special appropriations A New Tax System (Family Assistance)(Administration) Act 1999,235549,5,4000000,656317000,2025-26;2026-27;2027-28;2028-29,budget;estimated_actual;forward_estimate,Education,related_breakdown,high,portfolio_ownership,portfolio_default,mapped,
Education,Special appropriations: A New Tax System (Family Assistance)(Administration) Act 1999,235552,5,4000000,656317000,2025-26;2026-27;2027-28;2028-29,budget;estimated_actual;forward_estimate,Education,related_breakdown,high,portfolio_ownership,portfolio_default,mapped,
Education,Special appropriations: Australian Education Act 2013,235554,8,19248718000,24474068000,2025-26;2026-27;2027-28;2028-29;2029-30,budget;estimated_actual;forward_estimate,Education,related_breakdown,high,portfolio_ownership,portfolio_default,mapped,
Education,Grants and Awards,235555,8,1532000,1711000,2025-26;2026-27;2027-28;2028-29;2029-30,budget;estimated_actual;forward_estimate,Education,related_breakdown,high,portfolio_ownership,portfolio_default,mapped,
Education,National Assessment Reforms,235556,8,2200000,8158000,2025-26;2026-27;2027-28;2028-29;2029-30,budget;estimated_actual;forward_estimate,Education,related_breakdown,high,portfolio_ownership,portfolio_default,mapped,
Education,2025­26 2026­27 2027­28 2028­29 Quality Outcomes,235557,5,36064000,46249000,2025-26;2026-27;2027-28;2028-29,budget;estimated_actual;forward_estimate,Education,related_breakdown,high,portfolio_ownership,portfolio_default,mapped,
Education,"Indigenous, Regional and Low SES Attainment Fund",235559,5,8443000,273939000,2025-26;2026-27;2027-28;2028-29,budget;estimated_actual;forward_estimate,Education,related_breakdown,high,portfolio_ownership,portfolio_default,mapped,
Education,Outreach Fund -,235560,4,21868000,48703000,2025-26;2026-27;2027-28;2028-29,budget;forward_estimate,Education,related_breakdown,high,portfolio_ownership,portfolio_default,mapped,
Education,2028­29 Special Appropriations Higher Education Support Act 2003 Research Support Program,235561,5,1064398000,1194829000,2025-26;2026-27;2027-28;2028-29,budget;estimated_actual;forward_estimate,Education,related_breakdown,high,portfolio_ownership,portfolio_default,mapped,
Education,Higher Education Research Promotion,235562,5,6615000,7365000,2025-26;2026-27;2027-28;2028-29,budget;estimated_actual;forward_estimate,Education,related_breakdown,high,portfolio_ownership,portfolio_default,mapped,
Education,2028­29 NEW CAPITAL APPROPRIATIONS Capital budget - Bill 1 (DCB),235566,5,13832000,22051000,2025-26;2026-27;2027-28;2028-29,budget;estimated_actual;forward_estimate,Education,related_breakdown,high,portfolio_ownership,portfolio_default,mapped,
Education,Funded by capital appropriations – DCB (b),235567,8,20410000,28326000,2025-26;2026-27;2027-28;2028-29;2029-30,budget;estimated_actual;forward_estimate,Education,related_breakdown,high,portfolio_ownership,portfolio_default,mapped,
Education,2026­27 2027­28 2028­29 NEW CAPITAL APPROPRIATIONS Capital budget - Bill 1 (DCB),235573,5,883000,929000,2025-26;2026-27;2027-28;2028-29,budget;estimated_actual;forward_estimate,Education,related_breakdown,high,portfolio_ownership,portfolio_default,mapped,
Agriculture Fisheries and Forestry,2023–24 2024–25 Administered Annual appropriations – ordinary annual services(a) DAFF Outcome,235582,3,1000,187784000,2025-26;2026-27;2027-28,forward_estimate,"Agriculture, forestry and fishing",related_breakdown,high,portfolio_ownership,portfolio_default,mapped,
Agriculture Fisheries and Forestry,Departmental capital -,235583,4,313000,2408000,2024-25;2025-26;2026-27;2027-28,budget;forward_estimate,"Agriculture, forestry and fishing",related_breakdown,high,portfolio_ownership,portfolio_default,mapped,
Agriculture Fisheries and Forestry,"Powering Australia – Development of Australia's Seaweed Farming 3,600 2,000 - - - Fisheries Resources Research Fund",235585,5,676000,916000,2023-24;2024-25;2025-26;2026-27;2027-28,budget,"Agriculture, forestry and fishing",related_breakdown,high,portfolio_ownership,portfolio_default,mapped,
Agriculture Fisheries and Forestry,Wine Tourism and Cellar Door Grant,235587,5,10000000,10000000,2023-24;2024-25;2025-26;2026-27;2027-28,budget,"Agriculture, forestry and fishing",related_breakdown,high,portfolio_ownership,portfolio_default,mapped,
Agriculture Fisheries and Forestry,"National Residue Survey Account – s. 80, PGPA Act [s. 6(1), National Residue Survey Administration Act 1992 ]",235592,5,12071000,13197000,2023-24;2024-25;2025-26;2026-27;2027-28,budget,"Agriculture, forestry and fishing",related_breakdown,high,portfolio_ownership,portfolio_default,mapped,
Agriculture Fisheries and Forestry,2025–26 2026–27 2027–28 NEW CAPITAL APPROPRIATIONS Capital budget – Bill (No. 1) (DCB),235599,5,495000,4703000,2023-24;2024-25;2025-26;2026-27;2027-28,budget,"Agriculture, forestry and fishing",related_breakdown,high,portfolio_ownership,portfolio_default,mapped,
Agriculture Fisheries and Forestry,2025–26 2026–27 2027–28 Cash and cash equivalents at beginning of reporting period,235603,5,29380000,86682000,2023-24;2024-25;2025-26;2026-27;2027-28,budget,"Agriculture, forestry and fishing",related_breakdown,high,portfolio_ownership,portfolio_default,mapped,
Agriculture Fisheries and Forestry,"2024–25 Opening balance/cash reserves at 1 July 913 1,203 Funds from Government Annual appropriations – ordinary annual services(a) Outcome",235613,3,1000,5905000,2025-26;2026-27;2027-28,budget,"Agriculture, forestry and fishing",related_breakdown,high,portfolio_ownership,portfolio_default,mapped,
Agriculture Fisheries and Forestry,"2024–25 Opening balance/cash reserves at 1 July 8,889 7,689 Funds from Government Annual appropriations – ordinary annual services(a) Outcome",235616,3,1000,22586000,2025-26;2026-27;2027-28,budget,"Agriculture, forestry and fishing",related_breakdown,high,portfolio_ownership,portfolio_default,mapped,
Social Services,Special appropriations A New Tax System (Family Assistance) (Administration) Act 1999,235617,5,3544000,3906000,2024-25;2025-26;2026-27;2027-28;2028-29,budget,Social security and welfare,related_breakdown,high,portfolio_ownership,portfolio_default,mapped,
Social Services,Estimated Budget Forward Forward Forward 1.2.1 – Component 1 (Parental Leave Pay) Special appropriations Paid Parental Leave Act 2010,235618,5,3224003000,5193605000,2024-25;2025-26;2026-27;2027-28;2028-29,budget,Social security and welfare / Assistance to families with children,related_breakdown,high,exact_label_with_portfolio_context,program_label_override,mapped,
Social Services,1.7.1 – Component 1 (Youth Allowance (student)) Special appropriations Social Security (Administration) Act 1999,235619,5,1819135000,2309447000,2024-25;2025-26;2026-27;2027-28;2028-29,budget,Social security and welfare,related_breakdown,high,portfolio_ownership,portfolio_default,mapped,
Social Services,"Buildings and Property, Intangibles Total leasehold plant and improvements equipment As at 1 July 2025 Gross book value",235623,4,1468000,61741000,2025-26;2026-27;2027-28;2028-29,budget,Social security and welfare,related_breakdown,high,portfolio_ownership,portfolio_default,mapped,
Social Services,Property software plant and and equipment intangibles As at 1 July 2025 Gross book value,235624,3,889000,3821000,2026-27;2027-28;2028-29,budget,Social security and welfare,related_breakdown,high,portfolio_ownership,portfolio_default,mapped,
Social Services,"Estimated Estimate Opening balance/cash reserves at 1 July 5,659,549 5,881,786 Funds from Government Annual appropriations – ordinary annual services (a) Outcom",235625,3,1000,2428247000,2026-27;2027-28;2028-29,budget,Social security and welfare,related_breakdown,high,portfolio_ownership,portfolio_default,mapped,
Social Services,"Land and Property, Total buildings plant and equipment As at 1 July 2025 Gross book value",235628,3,30932000,173954000,2026-27;2027-28;2028-29,budget,Social security and welfare,related_breakdown,high,portfolio_ownership,portfolio_default,mapped,
Social Services,"Land Buildings Property, Software Total plant and equipment As at 1 July 2025 Gross book value",235635,5,4115000,3708082000,2024-25;2025-26;2026-27;2027-28;2028-29,budget,Social security and welfare,related_breakdown,high,portfolio_ownership,portfolio_default,mapped,
Attorney-General's,Cash and cash equivalents at the beginning of the reporting period,235650,11,100000,4758000,2024-25;2025-26;2026-27;2027-28;2028-29;2029-30,budget;estimated_actual;forward_estimate,,,low,portfolio_ownership,portfolio_default,ambiguous,"Portfolio spans courts and legal services, emergency management, human rights, and integrity/security functions with no single dominant Statement 6 function and no program-level evidence established in this pass to split them reliably.
"
Attorney-General's,"Budget May 2024 Opening balance/cash reserves at 1 July 14,239 9,654 Funds from Government Annual appropriations - ordinary annual services (a) Outcome",235657,3,1000,20951000,2022-23;2023-24;2025-26,budget,,,low,portfolio_ownership,portfolio_default,ambiguous,"Portfolio spans courts and legal services, emergency management, human rights, and integrity/security functions with no single dominant Statement 6 function and no program-level evidence established in this pass to split them reliably.
"
Industry Science and Resources,"Estimated Estimate Administered Annual appropriations - ordinary annual services (a)(b) Prior year appropriations available 337,701 300,361 Outcome",235659,3,1000,1485371000,2026-27;2027-28;2028-29,forward_estimate,Other economic affairs,related_breakdown,medium,portfolio_ownership,portfolio_default,mapped,
Industry Science and Resources,Support for Industry Service Organisations Program,235662,5,5108000,5582000,2024-25;2025-26;2026-27;2027-28;2028-29,budget,Other economic affairs,related_breakdown,medium,portfolio_ownership,portfolio_default,mapped,
Industry Science and Resources,National Offshore Petroleum Titles Administrator (e),235664,5,2068000,2568000,2024-25;2025-26;2026-27;2027-28;2028-29,budget,Other economic affairs,related_breakdown,medium,portfolio_ownership,portfolio_default,mapped,
Industry Science and Resources,Special Account by Act - -,235667,3,967000000,3550000000,2026-27;2027-28;2028-29,budget,Other economic affairs,related_breakdown,medium,portfolio_ownership,portfolio_default,mapped,
Industry Science and Resources,"2025­26 Opening balance/cash reserves at 1 July 62,074 49,941 Funds from Government Annual appropriations - ordinary annual services (a) Outcome",235669,3,1000,384299000,2026-27;2027-28;2028-29,budget,Other economic affairs,related_breakdown,medium,portfolio_ownership,portfolio_default,mapped,
Industry Science and Resources,"2025­26 Opening balance/cash reserves at 1 July 667,532 455,005 Funds from Government Annual appropriations - ordinary annual services (a) Outcome",235675,3,1000,983124000,2026-27;2027-28;2028-29,budget,Other economic affairs,related_breakdown,medium,portfolio_ownership,portfolio_default,mapped,
Industry Science and Resources,2026­27 2027­28 2028­29 NEW CAPITAL APPROPRIATIONS Capital budget - Bill 1 (DCB),235679,5,8263000,9053000,2024-25;2025-26;2026-27;2027-28;2028-29,budget,Other economic affairs,related_breakdown,medium,portfolio_ownership,portfolio_default,mapped,
Industry Science and Resources,"2025­26 Opening balance/cash reserves at 1 July 41,243 58,230 Funds from Government Annual appropriations - ordinary annual services (a) Outcome",235685,3,1000,21306000,2026-27;2027-28;2028-29,budget,Other economic affairs,related_breakdown,medium,portfolio_ownership,portfolio_default,mapped,
Industry Science and Resources,"2025­26 Opening balance/cash reserves at 1 July 46,768 715,049 Funds from Government Annual appropriations - ordinary annual services (a) Outcome",235686,3,1000,18000000,2026-27;2027-28;2028-29,budget,Other economic affairs,related_breakdown,medium,portfolio_ownership,portfolio_default,mapped,
Industry Science and Resources,"Surplus/(deficit) attributable to the Australian Government 6,063 (5,116)",235687,3,37386000,137381000,2026-27;2027-28;2028-29,budget,Other economic affairs,related_breakdown,medium,portfolio_ownership,portfolio_default,mapped,
Veterans' Affairs,Outlook (MYEFO) Program Payment measures Better Care for Older Australians (a) 2.4 Administered payment -,235688,4,6000,8000,2026-27;2027-28;2028-29;2029-30,budget;forward_estimate,Social security and welfare / Assistance to veterans and dependants,related_breakdown,medium,portfolio_ownership,portfolio_default,mapped,
Veterans' Affairs,"Pharmaceutical Benefits Scheme New and Amended Listings (a) (d) 2.1, 2.3 Administered payment",235689,5,8664000,27723000,2026-27;2027-28;2028-29;2029-30,budget;estimated_actual;forward_estimate,Health / Medical services and benefits / Veterans' pharmaceutical benefits,related_breakdown,high,exact_label_with_portfolio_context,program_label_override,mapped,
Veterans' Affairs,Outlook (MYEFO) (continued) Program Payment measures (continued) Strengthening Medicare (a) 2.1 Administered payment -,235690,4,1299000,2255000,2026-27;2027-28;2028-29;2029-30,budget;forward_estimate,Social security and welfare / Assistance to veterans and dependants,related_breakdown,medium,portfolio_ownership,portfolio_default,mapped,
Veterans' Affairs,Table 2.1.2: Program components of Outcome 1 Program 1.1: Veterans’ Income Support and Allowances Special Appropriations: Veterans' Entitlements Act 1986 Income,235693,5,1502981000,1701194000,2026-27;2027-28;2028-29;2029-30,budget;estimated_actual;forward_estimate,Social security and welfare / Assistance to veterans and dependants,related_breakdown,medium,portfolio_ownership,portfolio_default,mapped,
Veterans' Affairs,Table 2.2.2: Program components of Outcome 2 Program 2.1: General Medical Consultations and Services Special Appropriations: Veterans' Entitlements Act 1986 GP ,235697,5,96959000,117572000,2025-26;2026-27;2027-28;2028-29;2029-30,budget,Social security and welfare / Assistance to veterans and dependants,related_breakdown,medium,portfolio_ownership,portfolio_default,mapped,
Veterans' Affairs,Program 2.4: Veterans’ Community Care and Support Annual Administered Expenses: Ordinary annual services (Appropriation Bill No. 1) Grants-In-Aid,235698,5,145000,360000,2025-26;2026-27;2027-28;2028-29;2029-30,budget,Social security and welfare / Assistance to veterans and dependants,related_breakdown,medium,portfolio_ownership,portfolio_default,mapped,
Veterans' Affairs,Program 3.1: War Graves Annual Administered Expenses: Ordinary annual services (Appropriation Bill No. 1) War graves care & maintenance,235701,5,26202000,28432000,2025-26;2026-27;2027-28;2028-29;2029-30,budget,Social security and welfare / Assistance to veterans and dependants,related_breakdown,medium,portfolio_ownership,portfolio_default,mapped,
Infrastructure Transport Regional Development Communications Sport and the Arts,"Supporting Connectivity, Media and Communications(a) 5.1, 5.2 Administered payments - nfp nfp nfp nfp Departmental payments -",235725,4,8610000,18788000,2024-25;2025-26;2026-27;2027-28,budget;forward_estimate,,,low,portfolio_ownership,portfolio_default,ambiguous,"Portfolio name itself spans at least three distinct Statement 6 functions (Transport and communication; Recreation and culture for sport/arts; Housing and community amenities for regional development) with no single dominant destination and no program-level evidence established in this pass to split them reliably.
"
Infrastructure Transport Regional Development Communications Sport and the Arts,"Program Payment measures Revive - National Cultural Policy 6.1, 6.2 Administered payments -",235726,4,9054000,48534000,2024-25;2025-26;2026-27;2027-28,budget;forward_estimate,,,low,portfolio_ownership,portfolio_default,ambiguous,"Portfolio name itself spans at least three distinct Statement 6 functions (Transport and communication; Recreation and culture for sport/arts; Housing and community amenities for regional development) with no single dominant destination and no program-level evidence established in this pass to split them reliably.
"
Infrastructure Transport Regional Development Communications Sport and the Arts,Table 2.2.2: Program components for Outcome 2 Components for Program 2.1: Surface Transport Administered expenses: Bass Strait Passenger Vehicle Equalisation Sc,235730,5,58332000,63972000,2024-25;2025-26;2026-27;2027-28,budget;estimated_actual;forward_estimate,,,low,portfolio_ownership,portfolio_default,ambiguous,"Portfolio name itself spans at least three distinct Statement 6 functions (Transport and communication; Recreation and culture for sport/arts; Housing and community amenities for regional development) with no single dominant destination and no program-level evidence established in this pass to split them reliably.
"
Infrastructure Transport Regional Development Communications Sport and the Arts,Special Appropriations: Australian Maritime Safety Authority Act 1990(b),235731,5,133537000,160045000,2024-25;2025-26;2026-27;2027-28,budget;estimated_actual;forward_estimate,,,low,portfolio_ownership,portfolio_default,ambiguous,"Portfolio name itself spans at least three distinct Statement 6 functions (Transport and communication; Recreation and culture for sport/arts; Housing and community amenities for regional development) with no single dominant destination and no program-level evidence established in this pass to split them reliably.
"
Infrastructure Transport Regional Development Communications Sport and the Arts,| Portfolio Budget Statements Table 2.2.2: Program components for Outcome 2 (continued) Components for Program 2.3: Air Transport Administered expenses: Airport,235732,5,1000000,1000000,2024-25;2025-26;2026-27;2027-28,budget;estimated_actual;forward_estimate,,,low,portfolio_ownership,portfolio_default,ambiguous,"Portfolio name itself spans at least three distinct Statement 6 functions (Transport and communication; Recreation and culture for sport/arts; Housing and community amenities for regional development) with no single dominant destination and no program-level evidence established in this pass to split them reliably.
"
Infrastructure Transport Regional Development Communications Sport and the Arts,Table 2.4.2: Program components of Outcome 4 Components for Program 4.1: Services to territories Administered expenses: ACT Government - national capital functi,235739,5,2103000,2304000,2024-25;2025-26;2026-27;2027-28,budget;estimated_actual;forward_estimate,,,low,portfolio_ownership,portfolio_default,ambiguous,"Portfolio name itself spans at least three distinct Statement 6 functions (Transport and communication; Recreation and culture for sport/arts; Housing and community amenities for regional development) with no single dominant destination and no program-level evidence established in this pass to split them reliably.
"
Infrastructure Transport Regional Development Communications Sport and the Arts,Budget May 2024 (continued) Administered Annual appropriations - ordinary annual services(a) Prior year appropriations available 500 500 Outcome,235752,3,1000,6020000,2025-26;2026-27;2027-28,forward_estimate,,,low,portfolio_ownership,portfolio_default,ambiguous,"Portfolio name itself spans at least three distinct Statement 6 functions (Transport and communication; Recreation and culture for sport/arts; Housing and community amenities for regional development) with no single dominant destination and no program-level evidence established in this pass to split them reliably.
"
Infrastructure Transport Regional Development Communications Sport and the Arts,Program Payment measures Revive – National Cultural Policy 1.1 Departmental payments -,235758,4,3772000,10560000,2024-25;2025-26;2026-27;2027-28,budget;forward_estimate,,,low,portfolio_ownership,portfolio_default,ambiguous,"Portfolio name itself spans at least three distinct Statement 6 functions (Transport and communication; Recreation and culture for sport/arts; Housing and community amenities for regional development) with no single dominant destination and no program-level evidence established in this pass to split them reliably.
"
Infrastructure Transport Regional Development Communications Sport and the Arts,"Budget May 2024 Opening balance/cash reserves at 1 July 30,250 22,922 Funds from Government Annual appropriations - ordinary annual services(a) Outcome",235765,3,1000,27029000,2025-26;2026-27;2027-28,forward_estimate,,,low,portfolio_ownership,portfolio_default,ambiguous,"Portfolio name itself spans at least three distinct Statement 6 functions (Transport and communication; Recreation and culture for sport/arts; Housing and community amenities for regional development) with no single dominant destination and no program-level evidence established in this pass to split them reliably.
"
Infrastructure Transport Regional Development Communications Sport and the Arts,"Budget May 2024 Opening balance/cash reserves at 1 July 103,828 117,706 Funds from Government Annual appropriations - ordinary annual services(a) Outcome",235773,3,1000,107602000,2025-26;2026-27;2027-28,forward_estimate,,,low,portfolio_ownership,portfolio_default,ambiguous,"Portfolio name itself spans at least three distinct Statement 6 functions (Transport and communication; Recreation and culture for sport/arts; Housing and community amenities for regional development) with no single dominant destination and no program-level evidence established in this pass to split them reliably.
"
Infrastructure Transport Regional Development Communications Sport and the Arts,Special appropriations Aviation Fuel Revenues (Special Appropriation) Act 1988,235775,5,122800000,136300000,2024-25;2025-26;2026-27;2027-28,budget;estimated_actual;forward_estimate,,,low,portfolio_ownership,portfolio_default,ambiguous,"Portfolio name itself spans at least three distinct Statement 6 functions (Transport and communication; Recreation and culture for sport/arts; Housing and community amenities for regional development) with no single dominant destination and no program-level evidence established in this pass to split them reliably.
"
Infrastructure Transport Regional Development Communications Sport and the Arts,"Budget May 2024 Opening balance/cash reserves at 1 July - 4,385 Funds from Government Annual appropriations - ordinary annual services(a) Outcome",235778,2,29231000,55102000,2023-24;2024-25,budget,,,low,portfolio_ownership,portfolio_default,ambiguous,"Portfolio name itself spans at least three distinct Statement 6 functions (Transport and communication; Recreation and culture for sport/arts; Housing and community amenities for regional development) with no single dominant destination and no program-level evidence established in this pass to split them reliably.
"
Infrastructure Transport Regional Development Communications Sport and the Arts,"Budget May 2024 Opening balance/cash reserves at 1 July 1,745 2,083 Funds from Government Annual appropriations - ordinary annual services(a) Outcome",235783,2,37270000,40839000,2023-24;2024-25,budget,,,low,portfolio_ownership,portfolio_default,ambiguous,"Portfolio name itself spans at least three distinct Statement 6 functions (Transport and communication; Recreation and culture for sport/arts; Housing and community amenities for regional development) with no single dominant destination and no program-level evidence established in this pass to split them reliably.
"
Infrastructure Transport Regional Development Communications Sport and the Arts,"Budget May 2024 Opening balance/cash reserves at 1 July 34,940 35,440 Funds from Government Annual appropriations - ordinary annual services(a) Outcome",235785,3,1000,19181000,2024-25;2025-26;2026-27,budget,,,low,portfolio_ownership,portfolio_default,ambiguous,"Portfolio name itself spans at least three distinct Statement 6 functions (Transport and communication; Recreation and culture for sport/arts; Housing and community amenities for regional development) with no single dominant destination and no program-level evidence established in this pass to split them reliably.
"
Infrastructure Transport Regional Development Communications Sport and the Arts,"May 2024 Opening balance/cash reserves at 1 July 5,117 6,308 Funds from Government Annual appropriations - ordinary annual services(a) Outcome",235789,3,1000,22290000,2024-25;2025-26;2026-27,budget,,,low,portfolio_ownership,portfolio_default,ambiguous,"Portfolio name itself spans at least three distinct Statement 6 functions (Transport and communication; Recreation and culture for sport/arts; Housing and community amenities for regional development) with no single dominant destination and no program-level evidence established in this pass to split them reliably.
"
Infrastructure Transport Regional Development Communications Sport and the Arts,"May 2024 Opening balance/cash reserves at 1 July 7,397 11,283 Funds from Government Annual appropriations - ordinary annual services(a) Outcome",235792,3,1000,348352000,2024-25;2025-26;2026-27,budget,,,low,portfolio_ownership,portfolio_default,ambiguous,"Portfolio name itself spans at least three distinct Statement 6 functions (Transport and communication; Recreation and culture for sport/arts; Housing and community amenities for regional development) with no single dominant destination and no program-level evidence established in this pass to split them reliably.
"
Treasury,Program 1.2: International Financial Relations Administered expenses Special appropriations International Monetary Agreements Act 1947,235795,6,558444000,698867000,2024-25;2025-26;2026-27;2027-28;2028-29;2029-30,budget,General public services,related_breakdown,medium,portfolio_ownership,portfolio_default,mapped,
Treasury,Program 1.4: Commonwealth-State Financial Relations Administered expenses Special appropriations Federal Financial Relations Act 2009,235798,7,124042989000,177410216000,2023-24;2024-25;2025-26;2026-27;2027-28;2028-29;2029-30,budget,General public services,related_breakdown,medium,portfolio_ownership,portfolio_default,mapped,
Treasury,2026–27 2027–28 2028–29 NEW CAPITAL APPROPRIATIONS Capital budget - Bill 1 (DCB),235804,5,876000,920000,2024-25;2025-26;2026-27;2027-28;2028-29,budget,General public services,related_breakdown,medium,portfolio_ownership,portfolio_default,mapped,
Treasury,Program 1.1: Commonwealth Debt Management Administered expenses Special appropriations Commonwealth Inscribed Stock Act 1911,235816,7,22546835000,46873172000,2023-24;2024-25;2025-26;2026-27;2027-28;2028-29;2029-30,budget,General public services,related_breakdown,medium,portfolio_ownership,portfolio_default,mapped,
Treasury,"2025–26 Administered Annual appropriations - ordinary annual services (a) Prior year appropriations available 7,409 6,627 Outcome",235828,3,1000,12785000,2026-27;2027-28;2028-29,budget,General public services,related_breakdown,medium,portfolio_ownership,portfolio_default,mapped,
Treasury,2026–27 2027–28 2028–29 Provisions Subsidies,235835,5,6755246000,7655562000,2024-25;2025-26;2026-27;2027-28;2028-29,budget,General public services,related_breakdown,medium,portfolio_ownership,portfolio_default,mapped,
Treasury,"2025–26 Opening balance/cash reserves at 1 July 865,494 810,401 Funds from Government Annual appropriations - ordinary annual services (a) Outcome",235838,3,1000,5649000,2026-27;2027-28;2028-29,budget,General public services,related_breakdown,medium,portfolio_ownership,portfolio_default,mapped,
Employment and Workplace Relations,"Supporting Workers Transition Through Energy System Changes (d) (25,127) -",235855,2,2746000,5864000,2025-20;2025-26,budget,Social security and welfare / Assistance to the unemployed and the sick,related_breakdown,medium,portfolio_ownership,portfolio_default,mapped,
Employment and Workplace Relations,Claims payments,235859,5,258178000,304820000,2025-26;2026-27;2027-28;2028-29;2029-30,budget,Social security and welfare / Assistance to the unemployed and the sick,related_breakdown,medium,portfolio_ownership,portfolio_default,mapped,
Home Affairs,2026–27 2027–28 Reforms to Migrant and Refugee Settlement Services 2.3 Administered payment –,235870,4,22835000,36903000,2024-25;2025-26;2026-27;2027-28,budget;forward_estimate,Public order and safety,related_breakdown,high,portfolio_ownership,portfolio_default,mapped,
Home Affairs,2027–28 Trade and Tourism Strategies – additional funding (k) 3.1 Administered payment – – – – – Departmental payment –,235871,4,1032000,7995000,2024-25;2025-26;2026-27;2027-28,budget;forward_estimate,Public order and safety,related_breakdown,high,portfolio_ownership,portfolio_default,mapped,
Home Affairs,2025–26 2026–27 2027–28 NEW CAPITAL APPROPRIATIONS Capital budget – Bill 1 (DCB),235876,5,211000,223000,2023-24;2024-25;2025-26;2026-27;2027-28,budget,Public order and safety,related_breakdown,high,portfolio_ownership,portfolio_default,mapped,
Home Affairs,2025–26 2026–27 2027–28 NEW CAPITAL APPROPRIATIONS Capital budget – Bill 1 (ACB),235881,5,24765000,27377000,2023-24;2024-25;2025-26;2026-27;2027-28,budget,Public order and safety,related_breakdown,high,portfolio_ownership,portfolio_default,mapped,
Treasury,2027–28 2028–29 2029–30 NEW CAPITAL APPROPRIATIONS Capital budget - Bill 1 (DCB),235902,5,887000,1605000,2025-26;2026-27;2027-28;2028-29;2029-30,budget,General public services,related_breakdown,medium,portfolio_ownership,portfolio_default,mapped,
Treasury,"2028–29 2029–30 Gains Foreign exchange gains 903,186 255,986 - - 172 Other gains",235905,5,6735000,239246000,2025-26;2026-27;2027-28;2028-29;2029-30,budget,General public services,related_breakdown,medium,portfolio_ownership,portfolio_default,mapped,
Treasury,2027–28 2028–29 2029–30 NEW CAPITAL APPROPRIATIONS Capital budget - Bill 1 (DCB) - -,235921,3,70000,72000,2027-28;2028-29;2029-30,budget,General public services,related_breakdown,medium,portfolio_ownership,portfolio_default,mapped,
Treasury,"2026–27 Administered Annual appropriations - ordinary annual services (a) Prior year appropriations available (b) 12,115 12,090 Outcome",235931,3,1000,14245000,2027-28;2028-29;2029-30,budget,General public services,related_breakdown,medium,portfolio_ownership,portfolio_default,mapped,
Treasury,Part 1: Measures announced since the 2025–26 Mid-Year Economic and Fiscal Outlook (MYEFO) Receipt measures Economic Security Administered receipts 1.2 - -,235932,3,399000,1166000,2027-28;2028-29;2029-30,budget,General public services,related_breakdown,medium,portfolio_ownership,portfolio_default,mapped,
Treasury,Resources received free of charge,235936,5,362000,399000,2025-26;2026-27;2027-28;2028-29;2029-30,budget,General public services,related_breakdown,medium,portfolio_ownership,portfolio_default,mapped,
Treasury,2027–28 2028–29 2029–30 NEW CAPITAL APPROPRIATIONS Capital budget - Bill 1 (DCB) -,235937,4,4484000,4662000,2026-27;2027-28;2028-29;2029-30,budget,General public services,related_breakdown,medium,portfolio_ownership,portfolio_default,mapped,
Treasury,Funded by capital appropriation - DCB (b) -,235938,4,4484000,4662000,2026-27;2027-28;2028-29;2029-30,budget,General public services,related_breakdown,medium,portfolio_ownership,portfolio_default,mapped,
Treasury,"2026–27 Opening balance/cash reserves at 1 July 1,192,896 1,599,951 Funds from Government Annual appropriations - ordinary annual services (a) Outcome",235944,3,1000,6360000,2027-28;2028-29;2029-30,budget,General public services,related_breakdown,medium,portfolio_ownership,portfolio_default,mapped,
Treasury,2025–26 2026–27 2027–28 NEW CAPITAL APPROPRIATIONS Capital budget - Bill 1 (DCB),235973,5,851000,909000,2023-24;2024-25;2025-26;2026-27;2027-28,budget,General public services,related_breakdown,medium,portfolio_ownership,portfolio_default,mapped,
Treasury,"Cash used Purchase of property, plant and equipment and intangibles",235982,5,16428000,22887000,2023-24;2024-25;2025-26;2026-27;2027-28,budget,General public services,related_breakdown,medium,portfolio_ownership,portfolio_default,mapped,
Treasury,Part 1: Measures announced since the 2023–24 Mid-year Economic and Fiscal Outlook (MYEFO) Receipt measures Competition Reform (a) Departmental receipts 1.1 - -,235984,3,15000000,38200000,2025-26;2026-27;2027-28,budget,General public services,related_breakdown,medium,portfolio_ownership,portfolio_default,mapped,
Treasury,"2024–25 Administered Annual appropriations - ordinary annual services (a) Prior year appropriations available (b) 11,345 9,654 Outcome",236000,3,1000,12559000,2025-26;2026-27;2027-28,budget,General public services,related_breakdown,medium,portfolio_ownership,portfolio_default,mapped,
Treasury,Revive – National Cultural Policy Administered payment 1.5 - -,236008,3,70000,175000,2025-26;2026-27;2027-28,budget,General public services,related_breakdown,medium,portfolio_ownership,portfolio_default,mapped,
Treasury,Special accounts Tax Practitioners Board Special Account -,236009,4,26789000,35791000,2024-25;2025-26;2026-27;2027-28,budget,General public services,related_breakdown,medium,portfolio_ownership,portfolio_default,mapped,
Treasury,2025–26 2026–27 2027–28 Provisions Subsidies,236011,5,6153376000,6962721000,2023-24;2024-25;2025-26;2026-27;2027-28,budget,General public services,related_breakdown,medium,portfolio_ownership,portfolio_default,mapped,
Treasury,Advances and loans made,236018,5,132845000,1321591000,2023-24;2024-25;2025-26;2026-27;2027-28,budget,General public services,related_breakdown,medium,portfolio_ownership,portfolio_default,mapped,
parliamentary budget office,Cash and cash equivalents at the beginning of the reporting period,236033,5,19000,19000,2024-25;2025-26;2026-27;2027-28,budget;estimated_actual;forward_estimate,,,,,,unmapped,portfolio_not_in_crosswalk
Foreign Affairs and Trade,Program Payment measures (continued) Regional cooperation initiative on carbon sequestration (g) 1.1 Departmental payment -,236034,4,849000,885000,2024-25;2025-26;2026-27;2027-28,budget;forward_estimate,General public services,related_breakdown,medium,portfolio_ownership,portfolio_default,mapped,
Foreign Affairs and Trade,"OECD – Sustainable Agriculture Research 1,000 - - - - Other Administered Items",236038,5,1164000,1924000,2024-25;2025-26;2026-27;2027-28,budget;estimated_actual;forward_estimate,General public services,related_breakdown,medium,portfolio_ownership,portfolio_default,mapped,
Foreign Affairs and Trade,1.2.1 - Component 2: Official Development Assistance Annual administered expenses: Non-ODA Pacific Sports Program,236041,5,15600000,18600000,2024-25;2025-26;2026-27;2027-28,budget;estimated_actual;forward_estimate,General public services,related_breakdown,medium,portfolio_ownership,portfolio_default,mapped,
Foreign Affairs and Trade,1.6.1 - Component 6: Public Information Services and Public Diplomacy Annual administered expenses: Corporate Commonwealth Entity - Tourism Australia,236042,5,148291000,156230000,2024-25;2025-26;2026-27;2027-28,budget;estimated_actual;forward_estimate,General public services,related_breakdown,medium,portfolio_ownership,portfolio_default,mapped,
Foreign Affairs and Trade,Cash and cash equivalents at the beginning of the reporting period,236058,11,16464000,97710000,2024-25;2025-26;2026-27;2027-28;2028-29;2029-30,budget;estimated_actual;forward_estimate,General public services,related_breakdown,medium,portfolio_ownership,portfolio_default,mapped,
Foreign Affairs and Trade,"Cash used Purchase of property, plant and equipment and intangibles",236074,11,1262000,11620000,2024-25;2025-26;2026-27;2027-28;2028-29;2029-30,budget;estimated_actual;forward_estimate,General public services,related_breakdown,medium,portfolio_ownership,portfolio_default,mapped,
Employment and Workplace Relations,Program Receipt measures Building Australia's Future - Increased Support for Apprentices (a)(b) 2.1 Administered receipts - -,236078,3,1000,51000,2026-27;2027-28;2028-29,forward_estimate,Social security and welfare / Assistance to the unemployed and the sick,related_breakdown,medium,portfolio_ownership,portfolio_default,mapped,
Employment and Workplace Relations,Parent Pathways,236079,5,59173000,158723000,2025-26;2026-27;2027-28;2028-29,budget;estimated_actual;forward_estimate,Social security and welfare / Assistance to the unemployed and the sick,related_breakdown,medium,portfolio_ownership,portfolio_default,mapped,
Employment and Workplace Relations,Special appropriations VET Student Loans (a)(b),236083,5,158825000,1277825000,2025-26;2026-27;2027-28;2028-29,budget;estimated_actual;forward_estimate,Social security and welfare / Assistance to the unemployed and the sick,related_breakdown,medium,portfolio_ownership,portfolio_default,mapped,
Employment and Workplace Relations,Working women's centres assistance,236084,5,8000000,9660000,2025-26;2026-27;2027-28;2028-29,budget;estimated_actual;forward_estimate,Social security and welfare / Assistance to the unemployed and the sick,related_breakdown,medium,portfolio_ownership,portfolio_default,mapped,
Employment and Workplace Relations,Table 2.3.2: Program components of Outcome 3 (continued) Program 3.2: Workers' Compensation Payments Annual administered expenses Payments to corporate entities,236085,5,6240000,6679000,2025-26;2026-27;2027-28;2028-29,budget;estimated_actual;forward_estimate,Social security and welfare / Assistance to the unemployed and the sick,related_breakdown,medium,portfolio_ownership,portfolio_default,mapped,
Education,2029­30 Receipt measures National Student Ombudsman - cost recovery 2.3 Administered receipt - -,236087,3,10937000,11188000,2027-28;2028-29;2029-30,forward_estimate,Education,related_breakdown,high,portfolio_ownership,portfolio_default,mapped,
Education,"Tax Reform - introducing a $1,000 Instant Tax Deduction (a) 1.2 Administered payment - -",236088,3,19609000,26880000,2027-28;2028-29;2029-30,forward_estimate,Education,related_breakdown,high,portfolio_ownership,portfolio_default,mapped,
Education,2027­28 2028­29 2029­30 Thriving Kids (c) 1.5 Administered payment -,236089,4,400000,2800000,2026-27;2027-28;2028-29;2029-30,budget;forward_estimate,Education,related_breakdown,high,portfolio_ownership,portfolio_default,mapped,
Education,Special appropriations A New Tax System (Family Assistance) (Administration) Act 1999,236091,5,4000000,4000000,2026-27;2027-28;2028-29;2029-30,budget;estimated_actual;forward_estimate,Education,related_breakdown,high,portfolio_ownership,portfolio_default,mapped,
Education,"Administered expenses Other services (Appropriation Bill (No. 2)) 4,745 1,637 - - - Special appropriations Australian Education Act 2013",236093,5,12435515000,14733294000,2026-27;2027-28;2028-29;2029-30,budget;estimated_actual;forward_estimate,Education,related_breakdown,high,portfolio_ownership,portfolio_default,mapped,
Education,Special appropriations: A New Tax System (Family Assistance) (Administration) Act 1999,236096,5,4000000,4000000,2026-27;2027-28;2028-29;2029-30,budget;estimated_actual;forward_estimate,Education,related_breakdown,high,portfolio_ownership,portfolio_default,mapped,
Education,2026­27 2027­28 2028­29 2029­30 Quality Outcomes,236098,5,36248000,44294000,2026-27;2027-28;2028-29;2029-30,budget;estimated_actual;forward_estimate,Education,related_breakdown,high,portfolio_ownership,portfolio_default,mapped,
Education,"Higher Education Continuity Guarantee – Equity 217,973 - - - - Indigenous, Regional and Low SES Attainment Fund",236101,5,8460000,134844000,2026-27;2027-28;2028-29;2029-30,budget;estimated_actual;forward_estimate,Education,related_breakdown,high,portfolio_ownership,portfolio_default,mapped,
Education,Outreach Fund,236102,5,21868000,50434000,2026-27;2027-28;2028-29;2029-30,budget;estimated_actual;forward_estimate,Education,related_breakdown,high,portfolio_ownership,portfolio_default,mapped,
Education,Suburban University Study Hubs,236103,5,8916000,13500000,2026-27;2027-28;2028-29;2029-30,budget;estimated_actual;forward_estimate,Education,related_breakdown,high,portfolio_ownership,portfolio_default,mapped,
Education,2029­30 Special Appropriations: Higher Education Support Act 2003 Research Support Program,236104,5,1098858000,1236060000,2026-27;2027-28;2028-29;2029-30,budget;estimated_actual;forward_estimate,Education,related_breakdown,high,portfolio_ownership,portfolio_default,mapped,
Education,Capital budget - Bill 1 (DCB),236108,5,20855000,25307000,2026-27;2027-28;2028-29;2029-30,budget;estimated_actual;forward_estimate,Education,related_breakdown,high,portfolio_ownership,portfolio_default,mapped,
Foreign Affairs and Trade,Program Payment measures Boosting Australia's Economic Ties with India (a) 1.1 Administered payment -,236115,4,3250000,6250000,2025-26;2026-27;2027-28;2028-29,budget;forward_estimate,General public services,related_breakdown,medium,portfolio_ownership,portfolio_default,mapped,
Foreign Affairs and Trade,Comprehensive Strategic Partnership w ith India - Maitri Grants and Fellow ships Program,236119,5,1176000,1433000,2025-26;2026-27;2027-28;2028-29,budget;estimated_actual;forward_estimate,General public services,related_breakdown,medium,portfolio_ownership,portfolio_default,mapped,
Foreign Affairs and Trade,Other Administered Items,236121,3,1164000,1453000,2025-26;2026-27,budget;estimated_actual;forward_estimate,General public services,related_breakdown,medium,portfolio_ownership,portfolio_default,mapped,
Foreign Affairs and Trade,Other administered items,236122,5,1164000,1280000,2026-27;2027-28;2028-29;2029-30,budget;estimated_actual;forward_estimate,General public services,related_breakdown,medium,portfolio_ownership,portfolio_default,mapped,
Foreign Affairs and Trade,Forw ard Forw ard Forw ard NEW CAPITAL APPROPRIATIONS Capital budget - Bill 1 (DCB),236130,8,264000,1300000,2025-26;2026-27;2027-28;2028-29;2029-30,budget;estimated_actual;forward_estimate,General public services,related_breakdown,medium,portfolio_ownership,portfolio_default,mapped,
Foreign Affairs and Trade,Purchase of concessional financial instruments (IDA and ADF subscriptions),236133,5,141602000,195344000,2025-26;2026-27;2027-28;2028-29,budget;estimated_actual;forward_estimate,General public services,related_breakdown,medium,portfolio_ownership,portfolio_default,mapped,
Infrastructure Transport Regional Development Communications Sport and the Arts,"Supporting Transport Priorities 2.1,2.4 Administered payments -",236151,4,3451000,3451000,2025-26;2026-27;2027-28;2028-29,budget;forward_estimate,,,low,portfolio_ownership,portfolio_default,ambiguous,"Portfolio name itself spans at least three distinct Statement 6 functions (Transport and communication; Recreation and culture for sport/arts; Housing and community amenities for regional development) with no single dominant destination and no program-level evidence established in this pass to split them reliably.
"
Infrastructure Transport Regional Development Communications Sport and the Arts,Infrastructure Australia,236154,5,13247000,13784000,2025-26;2026-27;2027-28;2028-29,budget;estimated_actual;forward_estimate,,,low,portfolio_ownership,portfolio_default,ambiguous,"Portfolio name itself spans at least three distinct Statement 6 functions (Transport and communication; Recreation and culture for sport/arts; Housing and community amenities for regional development) with no single dominant destination and no program-level evidence established in this pass to split them reliably.
"
Infrastructure Transport Regional Development Communications Sport and the Arts,Special Appropriations: (c) Australian Maritime Safety Authority Act 1990(b),236159,5,131037000,160197000,2025-26;2026-27;2027-28;2028-29,budget;estimated_actual;forward_estimate,,,low,portfolio_ownership,portfolio_default,ambiguous,"Portfolio name itself spans at least three distinct Statement 6 functions (Transport and communication; Recreation and culture for sport/arts; Housing and community amenities for regional development) with no single dominant destination and no program-level evidence established in this pass to split them reliably.
"
Infrastructure Transport Regional Development Communications Sport and the Arts,Special Appropriations:(c) Aviation Fuel Revenues (Special Appropriation) Act 1988,236161,5,129200000,141200000,2025-26;2026-27;2027-28;2028-29,budget;estimated_actual;forward_estimate,,,low,portfolio_ownership,portfolio_default,ambiguous,"Portfolio name itself spans at least three distinct Statement 6 functions (Transport and communication; Recreation and culture for sport/arts; Housing and community amenities for regional development) with no single dominant destination and no program-level evidence established in this pass to split them reliably.
"
Infrastructure Transport Regional Development Communications Sport and the Arts,"Budget March 2025 Opening balance/cash reserves at 1 July 25,860 16,369 Funds from Government Annual appropriations - ordinary annual services(a) Outcome",236170,2,1000,7606000,2025-26;2026-29,budget,,,low,portfolio_ownership,portfolio_default,ambiguous,"Portfolio name itself spans at least three distinct Statement 6 functions (Transport and communication; Recreation and culture for sport/arts; Housing and community amenities for regional development) with no single dominant destination and no program-level evidence established in this pass to split them reliably.
"
Infrastructure Transport Regional Development Communications Sport and the Arts,"Other property, plant and equipment Total As at 1 July 2025 Gross book value",236172,2,1300000,1995000,2025-26;2026-29,budget,,,low,portfolio_ownership,portfolio_default,ambiguous,"Portfolio name itself spans at least three distinct Statement 6 functions (Transport and communication; Recreation and culture for sport/arts; Housing and community amenities for regional development) with no single dominant destination and no program-level evidence established in this pass to split them reliably.
"
Infrastructure Transport Regional Development Communications Sport and the Arts,"March 2025 Opening balance/cash reserves at 1 July 18,253 19,444 Funds from Government Annual appropriations - ordinary annual services(a) Outcome",236180,2,1000,22846000,2025-26;2026-29,budget,,,low,portfolio_ownership,portfolio_default,ambiguous,"Portfolio name itself spans at least three distinct Statement 6 functions (Transport and communication; Recreation and culture for sport/arts; Housing and community amenities for regional development) with no single dominant destination and no program-level evidence established in this pass to split them reliably.
"
Infrastructure Transport Regional Development Communications Sport and the Arts,"March 2025 Opening balance/cash reserves at 1 July 13,840 11,240 Funds from Government Annual appropriations - ordinary annual services(a) Outcome",236183,2,1000,359168000,2025-26;2026-29,budget,,,low,portfolio_ownership,portfolio_default,ambiguous,"Portfolio name itself spans at least three distinct Statement 6 functions (Transport and communication; Recreation and culture for sport/arts; Housing and community amenities for regional development) with no single dominant destination and no program-level evidence established in this pass to split them reliably.
"
Prime Minister and Cabinet,"Cash from Official Public Account for: - Appropriations 209,171 240,",236192,4,864000,196420000,2025-26;2026-27;2027-28;2028-29,budget;forward_estimate,General public services,related_breakdown,medium,portfolio_ownership,portfolio_default,mapped,
Prime Minister and Cabinet,"Cash used Principal payments on lease liability 1,061 1,",236198,4,21000,785000,2025-26;2026-27;2027-28;2028-29,budget;forward_estimate,General public services,related_breakdown,medium,portfolio_ownership,portfolio_default,mapped,
Prime Minister and Cabinet,Cash and cash equivalents at the beginning of the reporting period -,236238,4,10000,10000,2025-26;2026-27;2027-28;2028-29,budget;forward_estimate,General public services,related_breakdown,medium,portfolio_ownership,portfolio_default,mapped,
Prime Minister and Cabinet,Forw ard es timate NEW CAPITAL APPROPRIATIONS Capital budget - Bill 1 (DCB),236239,5,125000,2086000,2025-26;2026-27;2027-28;2028-29,budget;estimated_actual;forward_estimate,General public services,related_breakdown,medium,portfolio_ownership,portfolio_default,mapped,
Health Disability and Ageing,Department of the Treasury Administered payments -,236245,4,138145000,185633000,2024-25;2025-26;2026-27;2027-28,budget;forward_estimate,Health,related_breakdown,high,portfolio_ownership,portfolio_default,mapped,
Health Disability and Ageing,Departmental capital payments,236247,6,1000,16713000,2023-24;2024-25;2025-26;2026-27;2027-28,actual;budget;estimated_actual;forward_estimate,Health,related_breakdown,high,portfolio_ownership,portfolio_default,mapped,
Health Disability and Ageing,National Blood Authority Departmental payments -,236248,4,2626000,2841000,2024-25;2025-26;2026-27;2027-28,budget;forward_estimate,Health,related_breakdown,high,portfolio_ownership,portfolio_default,mapped,
Health Disability and Ageing,2024–25 2023–24 Administered Australian Immunisation Register,236261,6,1000,10391000,2023-24;2024-25;2025-26;2026-27;2027-28,actual;budget;estimated_actual;forward_estimate,Health,related_breakdown,high,portfolio_ownership,portfolio_default,mapped,
Health Disability and Ageing,2025–26 2026–27 2027–28 CAPITAL APPROPRIATIONS Capital budget - Bill 1 (DCB),236272,5,295000,1378000,2024-25;2025-26;2026-27;2027-28,budget;estimated_actual;forward_estimate,Health,related_breakdown,high,portfolio_ownership,portfolio_default,mapped,
Health Disability and Ageing,"2024–25 Opening balance/cash reserves at 1 July 106,779 108,579 Funds from Government annual appropriations Ordinary annual services (a) Outcome",236276,3,1000,36489000,2025-26;2026-27;2027-28,forward_estimate,Health,related_breakdown,high,portfolio_ownership,portfolio_default,mapped,
Health Disability and Ageing,2024–25 2023–24 Departmental Special account by Act - ARPANSA Account (a),236279,6,1000,34977000,2023-24;2024-25;2025-26;2026-27;2027-28,actual;budget;estimated_actual;forward_estimate,Health,related_breakdown,high,portfolio_ownership,portfolio_default,mapped,
Health Disability and Ageing,2024–25 ADMINISTERED Annual appropriations Ordinary annual services (a) Outcome,236290,3,1000,953872000,2025-26;2026-27;2027-28,forward_estimate,Health,related_breakdown,high,portfolio_ownership,portfolio_default,mapped,
Health Disability and Ageing,As at 30 June 2025 Gross book value -,236296,3,561000,14219000,2025-26;2026-27;2027-28,forward_estimate,Health,related_breakdown,high,portfolio_ownership,portfolio_default,mapped,
department of the senate pbs,"Forw ard es timate Departmental expenses Departmental appropriation 28,762 29,",236311,4,28000,29279000,2022-23;2023-24;2024-25;2025-26,budget,,,,,,unmapped,portfolio_not_in_crosswalk
department of the senate pbs,"Forw ard es timate EXPENSES Employee benefits 26,206 26,",236312,4,229000,26052000,2022-23;2023-24;2024-25;2025-26,budget,,,,,,unmapped,portfolio_not_in_crosswalk
department of the senate pbs,"Provisions Employee provisions 7,608 7,",236314,4,608000,7608000,2022-23;2023-24;2024-25;2025-26,budget,,,,,,unmapped,portfolio_not_in_crosswalk
department of the senate pbs,Cash and cash equivalents at the beginning of the reporting period,236316,5,967000,967000,2021-22;2022-23;2023-24;2024-25;2025-26,budget,,,,,,unmapped,portfolio_not_in_crosswalk
department of the senate pbs,Forw ard es timate NEW CAPITAL APPROPRIATIONS Capital budget - Bill 1 (DCB),236317,5,299000,315000,2021-22;2022-23;2023-24;2024-25;2025-26,budget,,,,,,unmapped,portfolio_not_in_crosswalk
department of the senate pbs,"Forw ard esti mate Annual departmental expenses: Departmental item appropriation 5,815 5,229 5,",236320,3,243000,5351000,2023-24;2024-25;2025-26,budget,,,,,,unmapped,portfolio_not_in_crosswalk
Attorney-General's,Support for Specialist Family Violence Legal Services,236339,8,2619000,24885000,2025-26;2026-27;2027-28;2028-29;2029-30,budget;estimated_actual;forward_estimate,,,low,portfolio_ownership,portfolio_default,ambiguous,"Portfolio spans courts and legal services, emergency management, human rights, and integrity/security functions with no single dominant Statement 6 function and no program-level evidence established in this pass to split them reliably.
"
Attorney-General's,Justice Reinvestment,236340,5,20000000,31000000,2025-26;2026-27;2027-28;2028-29,budget;estimated_actual;forward_estimate,,,low,portfolio_ownership,portfolio_default,ambiguous,"Portfolio spans courts and legal services, emergency management, human rights, and integrity/security functions with no single dominant Statement 6 function and no program-level evidence established in this pass to split them reliably.
"
Attorney-General's,Cash and cash equivalents at the beginning of the reporting period -,236347,4,2586000,4535000,2025-26;2026-27;2027-28;2028-29,budget;forward_estimate,,,low,portfolio_ownership,portfolio_default,ambiguous,"Portfolio spans courts and legal services, emergency management, human rights, and integrity/security functions with no single dominant Statement 6 function and no program-level evidence established in this pass to split them reliably.
"
Attorney-General's,Program 1.1: Federal Court of Australia Administered expenses Special appropriations Public Governance Performance and Accountability Act 2013,236378,8,600000,600000,2025-26;2026-27;2027-28;2028-29;2029-30,budget;estimated_actual;forward_estimate,,,low,portfolio_ownership,portfolio_default,ambiguous,"Portfolio spans courts and legal services, emergency management, human rights, and integrity/security functions with no single dominant Statement 6 function and no program-level evidence established in this pass to split them reliably.
"
Attorney-General's,1.1.1 - Component 1 Federal Court of Australia Annual administered expenses: Special appropriations: Public Governance Performance and Accountability Act 2013,236379,8,600000,600000,2025-26;2026-27;2027-28;2028-29;2029-30,budget;estimated_actual;forward_estimate,,,low,portfolio_ownership,portfolio_default,ambiguous,"Portfolio spans courts and legal services, emergency management, human rights, and integrity/security functions with no single dominant Statement 6 function and no program-level evidence established in this pass to split them reliably.
"
Attorney-General's,Program 2.1: Federal Circuit and Family Court of Australia (Division 1) Administered expenses Special appropriations Public Governance Performance and Accountab,236380,8,100000,100000,2025-26;2026-27;2027-28;2028-29;2029-30,budget;estimated_actual;forward_estimate,,,low,portfolio_ownership,portfolio_default,ambiguous,"Portfolio spans courts and legal services, emergency management, human rights, and integrity/security functions with no single dominant Statement 6 function and no program-level evidence established in this pass to split them reliably.
"
Attorney-General's,Special appropriations Public Governance Performance and Accountability Act 2013,236382,8,200000,200000,2025-26;2026-27;2027-28;2028-29;2029-30,budget;estimated_actual;forward_estimate,,,low,portfolio_ownership,portfolio_default,ambiguous,"Portfolio spans courts and legal services, emergency management, human rights, and integrity/security functions with no single dominant Statement 6 function and no program-level evidence established in this pass to split them reliably.
"
Attorney-General's,"Budget March 2025 Opening balance/cash reserves at 1 July 13,340 10,033 Funds from Government Annual appropriations - ordinary annual services (a) Outcome",236387,3,1000,21185000,2026-27;2027-28;2028-29,forward_estimate,,,low,portfolio_ownership,portfolio_default,ambiguous,"Portfolio spans courts and legal services, emergency management, human rights, and integrity/security functions with no single dominant Statement 6 function and no program-level evidence established in this pass to split them reliably.
"
Climate Change Energy the Environment and Water,"Estimated Estimate Administered Annual appropriations - ordinary annual services (a) Prior year appropriations available (b) 953,803 527,795 Outcome",236409,3,1000,4117126000,2027-28;2028-29;2029-30,forward_estimate,Fuel and energy,related_breakdown,low,portfolio_ownership,portfolio_default,mapped,
Climate Change Energy the Environment and Water,Outlook (MYEFO) Program Receipt measures Water Reform – continuing funding 4.1 Administered receipt –,236410,4,798000,1609000,2026-27;2027-28;2028-29;2029-30,budget;forward_estimate,Fuel and energy,related_breakdown,low,portfolio_ownership,portfolio_default,mapped,
Climate Change Energy the Environment and Water,Program Energy Sovereignty – Fuel Security and Resilience (b) 1.1 Administered payment – – – – – Departmental payment –,236411,4,9361000,9838000,2026-27;2027-28;2028-29;2029-30,budget;forward_estimate,Fuel and energy,related_breakdown,low,portfolio_ownership,portfolio_default,mapped,
Climate Change Energy the Environment and Water,"Buildings property, and software plant & cultural and equipment Intangibles As at 1 July 2026 Gross book value",236414,5,83930000,1333836000,2025-26;2026-27;2027-28;2028-29;2029-30,budget,Fuel and energy,related_breakdown,low,portfolio_ownership,portfolio_default,mapped,
Climate Change Energy the Environment and Water,2029­30 Payment measures Boosting Consumer Energy Resources and Delivering Bill Savings 1.1 Departmental payment -,236417,4,2722000,7656000,2026-27;2027-28;2028-29;2029-30,budget,Fuel and energy,related_breakdown,low,portfolio_ownership,portfolio_default,mapped,
Climate Change Energy the Environment and Water,Cash and cash equivalents at the beginning of the reporting period - -,236422,3,20000,20000,2027-28;2028-29;2029-30,budget,Fuel and energy,related_breakdown,low,portfolio_ownership,portfolio_default,mapped,
Climate Change Energy the Environment and Water,"2026­27 Opening balance/cash reserves at 1 July 923,819 541,104 Funds from Government Annual appropriations - ordinary annual services (a) (b) Outcome",236427,3,1000,67092000,2027-28;2028-29;2029-30,budget,Fuel and energy,related_breakdown,low,portfolio_ownership,portfolio_default,mapped,
Climate Change Energy the Environment and Water,Special appropriations Renewable Energy (Electricity) Act 2000,236443,6,509000,509000,2024-25;2025-26;2026-27;2027-28;2028-29;2029-30,budget,Fuel and energy,related_breakdown,low,portfolio_ownership,portfolio_default,mapped,
Climate Change Energy the Environment and Water,insights from research. Estimated Budget Forward Forward Forward Program 1.1: Reviewing Climate Change Policies Departmental expenses Departmental appropriation,236448,6,13620000,14121000,2024-25;2025-26;2026-27;2027-28;2028-29;2029-30,budget,Fuel and energy,related_breakdown,low,portfolio_ownership,portfolio_default,mapped,
Climate Change Energy the Environment and Water,"Estimated Estimate Opening balance/cash reserves at 1 July 303,829 281,611 Funds from Government Annual appropriations – ordinary annual services (a) Outcome",236450,3,1000,144625000,2027-28;2028-29;2029-30,budget,Fuel and energy,related_breakdown,low,portfolio_ownership,portfolio_default,mapped,
Climate Change Energy the Environment and Water,development of the Marine Park. Estimated Budget Forward Forward Forward Program 1.1: Great Barrier Reef Marine Park Authority Departmental expenses Departmenta,236454,6,49327000,59464000,2024-25;2025-26;2026-27;2027-28;2028-29;2029-30,budget,Fuel and energy,related_breakdown,low,portfolio_ownership,portfolio_default,mapped,
Climate Change Energy the Environment and Water,Special appropriations Great Barrier Reef Marine Park Act 1975,236455,6,11000000,13000000,2024-25;2025-26;2026-27;2027-28;2028-29;2029-30,budget,Fuel and energy,related_breakdown,low,portfolio_ownership,portfolio_default,mapped,
Climate Change Energy the Environment and Water,"Buildings property, software plant and and equipment intangibles As at 1 July 2026 Gross book value",236458,4,2024000,24824000,2026-27;2027-28;2028-29;2029-30,budget,Fuel and energy,related_breakdown,low,portfolio_ownership,portfolio_default,mapped,
Climate Change Energy the Environment and Water,"Estimated Estimate Opening balance/cash reserves at 1 July 197,185 174,853 Funds from Government Annual appropriations – ordinary annual services (a) Outcome",236463,3,1000,64255000,2027-28;2028-29;2029-30,budget,Fuel and energy,related_breakdown,low,portfolio_ownership,portfolio_default,mapped,
Foreign Affairs and Trade,Supporting Trade and Tourism (k) 1.1 Administered payment -,236472,4,1446000,2463000,2026-27;2027-28;2028-29;2029-30,budget;forward_estimate,General public services,related_breakdown,medium,portfolio_ownership,portfolio_default,mapped,
Foreign Affairs and Trade,Forw ard Program 1.1: Foreign Affairs and Trade Operations Administered expenses Ordinary annual services (Appropriation Bill No. 1),236473,5,150439000,1298750000,2026-27;2027-28;2028-29;2029-30,budget;estimated_actual;forward_estimate,General public services,related_breakdown,medium,portfolio_ownership,portfolio_default,mapped,
Foreign Affairs and Trade,Forw ard Program 2.1: Consular Services Administered expenses Ordinary annual services (Appropriation Bill No. 1),236477,5,300000,300000,2026-27;2027-28;2028-29;2029-30,budget;estimated_actual;forward_estimate,General public services,related_breakdown,medium,portfolio_ownership,portfolio_default,mapped,
Foreign Affairs and Trade,Forw ard Forw ard Program 3.1: Foreign Affairs and Trade Security and IT Departmental expenses Departmental appropriation,236479,5,185359000,194808000,2026-27;2027-28;2028-29;2029-30,budget;estimated_actual;forward_estimate,General public services,related_breakdown,medium,portfolio_ownership,portfolio_default,mapped,
Foreign Affairs and Trade,Forw ard Forw ard Cash used Purchase of concessional financial instruments (IDA and ADF subscriptions),236481,5,148956000,202101000,2026-27;2027-28;2028-29;2029-30,budget;estimated_actual;forward_estimate,General public services,related_breakdown,medium,portfolio_ownership,portfolio_default,mapped,
Foreign Affairs and Trade,Loans made,236482,5,800000,800000,2026-27;2027-28;2028-29;2029-30,budget;estimated_actual;forward_estimate,General public services,related_breakdown,medium,portfolio_ownership,portfolio_default,mapped,
Foreign Affairs and Trade,Forw ard Forw ard Program 2.1: Consular Services Departmental expenses Departmental appropriation,236485,5,11411000,11821000,2026-27;2027-28;2028-29;2029-30,budget;estimated_actual;forward_estimate,General public services,related_breakdown,medium,portfolio_ownership,portfolio_default,mapped,
Foreign Affairs and Trade,Forw ard Program 1.1: International Agricultural Research and Development Administered expenses Ordinary annual services (Appropriation Bill (No. 1),236487,5,108686000,118242000,2026-27;2027-28;2028-29;2029-30,budget;estimated_actual;forward_estimate,General public services,related_breakdown,medium,portfolio_ownership,portfolio_default,mapped,
Foreign Affairs and Trade,Forw ard Forw ard Program 1.1: Secret intelligence Departmental expenses Departmental appropriation (a),236489,5,351837000,387993000,2026-27;2027-28;2028-29;2029-30,budget;estimated_actual;forward_estimate,General public services,related_breakdown,medium,portfolio_ownership,portfolio_default,mapped,
Foreign Affairs and Trade,Forw ard Program 1.1: Supporting Outcome 1 Revenue from Government Ordinary annual services (Appropriation Bill (No. 1),236491,5,140839000,150914000,2026-27;2027-28;2028-29;2029-30,budget;estimated_actual;forward_estimate,General public services,related_breakdown,medium,portfolio_ownership,portfolio_default,mapped,
Foreign Affairs and Trade,Forw ard Forw ard 1.1.1 - Component 1: Grow Demand Annual departmental expenses: Program support,236492,5,154782000,164081000,2026-27;2027-28;2028-29;2029-30,budget;estimated_actual;forward_estimate,General public services,related_breakdown,medium,portfolio_ownership,portfolio_default,mapped,
Climate Change Energy the Environment and Water,"Estimated Estimate Administered Annual appropriations - ordinary annual services (a) Prior year appropriations available (b) 172,711 172,711 Outcome",236495,3,1000,1007736000,2026-27;2027-28;2028-29,forward_estimate,Fuel and energy,related_breakdown,low,portfolio_ownership,portfolio_default,mapped,
Climate Change Energy the Environment and Water,"Table 1.2: Department of Climate Change, Energy, the Environment and Water 2025­26 Budget measures (continued) Program Total payment measures Administered payme",236496,4,34691000,51411000,2025-26;2026-27;2027-28;2028-29,budget;forward_estimate,Fuel and energy,related_breakdown,low,portfolio_ownership,portfolio_default,mapped,
Climate Change Energy the Environment and Water,Table 2.1.2: Program components of Outcome 1 (continued) Estimated Budget Forward Forward Forward Special appropriations Australian Renewable Energy Agency Act ,236497,4,600443000,733457000,2025-26;2026-27;2027-28;2028-29,budget,Fuel and energy,related_breakdown,low,portfolio_ownership,portfolio_default,mapped,
Climate Change Energy the Environment and Water,"Buildings property, and software plant & cultural and equipment Intangibles As at 1 July 2025 Gross book value",236499,5,83930000,1298119000,2024-25;2025-26;2026-27;2027-28;2028-29,budget,Fuel and energy,related_breakdown,low,portfolio_ownership,portfolio_default,mapped,
Climate Change Energy the Environment and Water,"Estimated Estimate Opening balance/cash reserves at 1 July 253,062 281,479 Funds from Government Annual appropriations - ordinary annual services (a) (b) Outcom",236503,3,1000,466862000,2026-27;2027-28;2028-29,budget,Fuel and energy,related_breakdown,low,portfolio_ownership,portfolio_default,mapped,
Climate Change Energy the Environment and Water,2028­29 Receipt measures Strengthening the Clean Energy Finance Corporation (a) 1.1 Departmental receipt (b) –,236509,4,6020000,73340000,2025-26;2026-27;2027-28;2028-29,budget,Fuel and energy,related_breakdown,low,portfolio_ownership,portfolio_default,mapped,
Climate Change Energy the Environment and Water,2027­28 2028­29 Measures Rewiring the Nation - recapitalisation (a) 1.1 Departmental receipt –,236510,4,973000,23335000,2025-26;2026-27;2027-28;2028-29,budget,Fuel and energy,related_breakdown,low,portfolio_ownership,portfolio_default,mapped,
Climate Change Energy the Environment and Water,"Estimated Estimate Opening balance/cash reserves at 1 July 243,337 245,337 Funds from Government Annual appropriations – ordinary annual services (a) Outcome",236517,3,1000,135996000,2026-27;2027-28;2028-29,budget,Fuel and energy,related_breakdown,low,portfolio_ownership,portfolio_default,mapped,
Climate Change Energy the Environment and Water,2028­29 Payment measures Protecting Australia's Iconic National Parks - continuing delivery 1.1 Departmental payment –,236518,4,13624000,13947000,2025-26;2026-27;2027-28;2028-29,budget,Fuel and energy,related_breakdown,low,portfolio_ownership,portfolio_default,mapped,
Climate Change Energy the Environment and Water,"2028­29 Payment measures Rebuilding the Great Barrier Reef Aquarium (a) 1.1 Departmental payment (38,968)",236521,4,11528000,80363000,2025-26;2026-27;2027-28;2028-29,budget,Fuel and energy,related_breakdown,low,portfolio_ownership,portfolio_default,mapped,
Climate Change Energy the Environment and Water,"Buildings property, software plant and and equipment intangibles As at 1 July 2025 Gross book value",236524,4,1567000,24166000,2025-26;2026-27;2027-28;2028-29,budget,Fuel and energy,related_breakdown,low,portfolio_ownership,portfolio_default,mapped,
Climate Change Energy the Environment and Water,"Estimated Estimate Opening balance/cash reserves at 1 July 202,791 176,599 Funds from Government Annual appropriations – ordinary annual services (a) Outcome",236526,3,1000,85825000,2026-27;2027-28;2028-29,budget,Fuel and energy,related_breakdown,low,portfolio_ownership,portfolio_default,mapped,
Veterans' Affairs,"Commonwealth Rent Assistance – increase the maximum rates (b) 1.1, 1.5 Administered payment -",236532,4,1770000,2296000,2024-25;2025-26;2026-27;2027-28,budget,Social security and welfare / Assistance to veterans and dependants,related_breakdown,medium,portfolio_ownership,portfolio_default,mapped,
Veterans' Affairs,Funding for the Alfred Hospital (f) 2.1 Administered payment - -,236533,3,61000,66000,2025-26;2026-27;2027-28,budget,Social security and welfare / Assistance to veterans and dependants,related_breakdown,medium,portfolio_ownership,portfolio_default,mapped,
Veterans' Affairs,Estimated Budget Forward Forward Forward Program 3.1: War Graves Administered Expenses Ordinary annual services (Appropriation Bill No. 1 & 3),236539,5,27345000,30602000,2023-24;2024-25;2025-26;2026-27;2027-28,budget,Social security and welfare / Assistance to veterans and dependants,related_breakdown,medium,portfolio_ownership,portfolio_default,mapped,
Veterans' Affairs,Investments realised,236544,5,48674000,53000000,2023-24;2024-25;2025-26;2026-27;2027-28,budget,Social security and welfare / Assistance to veterans and dependants,related_breakdown,medium,portfolio_ownership,portfolio_default,mapped,
Veterans' Affairs,"Estimated Estimate Opening balance/cash reserves at 1 July 83,674 41,970 Funds from Government Annual appropriations - ordinary annual services (a) Outcome",236552,3,1000,50301000,2025-26;2026-27;2027-28,budget,Social security and welfare / Assistance to veterans and dependants,related_breakdown,medium,portfolio_ownership,portfolio_default,mapped,
Veterans' Affairs,Estimated Budget Forward Forward Forward Program 1.1: Australian War Memorial Revenue from Government Ordinary annual services (Appropriation Bill No. 1),236553,5,41553000,50301000,2023-24;2024-25;2025-26;2026-27;2027-28,budget,Social security and welfare / Assistance to veterans and dependants,related_breakdown,medium,portfolio_ownership,portfolio_default,mapped,
Attorney-General's,Legal Assistance Statistics,236557,5,621000,659000,2026-27;2027-28;2028-29;2029-30,budget;estimated_actual;forward_estimate,,,low,portfolio_ownership,portfolio_default,ambiguous,"Portfolio spans courts and legal services, emergency management, human rights, and integrity/security functions with no single dominant Statement 6 function and no program-level evidence established in this pass to split them reliably.
"
Attorney-General's,Payments for Grants to Australian organisations,236558,5,40000,41000,2026-27;2027-28;2028-29;2029-30,budget;estimated_actual;forward_estimate,,,low,portfolio_ownership,portfolio_default,ambiguous,"Portfolio spans courts and legal services, emergency management, human rights, and integrity/security functions with no single dominant Statement 6 function and no program-level evidence established in this pass to split them reliably.
"
Attorney-General's,"Budget May 2026 Opening balance/cash reserves at 1 July 12,859 12,659 Funds from Government Annual appropriations - ordinary annual services (a) Outcome",236570,3,1000,21616000,2027-28;2028-29;2029-30,forward_estimate,,,low,portfolio_ownership,portfolio_default,ambiguous,"Portfolio spans courts and legal services, emergency management, human rights, and integrity/security functions with no single dominant Statement 6 function and no program-level evidence established in this pass to split them reliably.
"
Attorney-General's,"Cash used Purchase of property, plant and equipment and intangibles",236571,5,3085000,3805000,2026-27;2027-28;2028-29;2029-30,budget;estimated_actual;forward_estimate,,,low,portfolio_ownership,portfolio_default,ambiguous,"Portfolio spans courts and legal services, emergency management, human rights, and integrity/security functions with no single dominant Statement 6 function and no program-level evidence established in this pass to split them reliably.
"
Attorney-General's,Program Payment measures Boosting Productivity – Digital ID (a) 1.1 - Departmental payment -,236575,4,5447000,5663000,2026-27;2027-28;2028-29;2029-30,budget;forward_estimate,,,low,portfolio_ownership,portfolio_default,ambiguous,"Portfolio spans courts and legal services, emergency management, human rights, and integrity/security functions with no single dominant Statement 6 function and no program-level evidence established in this pass to split them reliably.
"
Finance,Australian Antarctic Program - additional funding (e) 2.1 Departmental payment -,236581,4,100000,100000,2024-25;2025-26;2026-27;2027-28,budget;forward_estimate,General public services,related_breakdown,medium,portfolio_ownership,portfolio_default,mapped,
Finance,Cyber Security of Regulators and Improving Registers (g) 2.1 Departmental payment -,236582,4,235000,389000,2024-25;2025-26;2026-27;2027-28,budget;forward_estimate,General public services,related_breakdown,medium,portfolio_ownership,portfolio_default,mapped,
Finance,Program impacted Initial funding for Independent Parliamentary Standards Commission 3.1 Departmental payment -,236583,4,750000,1609000,2024-25;2025-26;2026-27;2027-28,budget;forward_estimate,General public services,related_breakdown,medium,portfolio_ownership,portfolio_default,mapped,
Finance,Strengthening Tax Compliance - Australian Taxation Office Counter Fraud Strategy (q) 2.1 Departmental payment -,236584,4,100000,100000,2024-25;2025-26;2026-27;2027-28,budget;forward_estimate,General public services,related_breakdown,medium,portfolio_ownership,portfolio_default,mapped,
Finance,Investment earnings and gains,236590,5,308466000,818412000,2024-25;2025-26;2026-27;2027-28,budget;estimated_actual;forward_estimate,General public services,related_breakdown,medium,portfolio_ownership,portfolio_default,mapped,
Finance,Cash used Distributions from the Investment Funds (e),236608,5,4000000000,4000000000,2024-25;2025-26;2026-27;2027-28,budget;estimated_actual;forward_estimate,General public services,related_breakdown,medium,portfolio_ownership,portfolio_default,mapped,
Finance,Forw ard Forw ard Forw ard NEW CAPITAL APPROPRIATIONS Capital budget - Bill 1 (DCB),236614,5,14540000,131637000,2024-25;2025-26;2026-27;2027-28,budget;estimated_actual;forward_estimate,General public services,related_breakdown,medium,portfolio_ownership,portfolio_default,mapped,
Finance,"Cash from Official Public Account for: - Appropriations 75,500 -",236660,3,5670000,105628000,2026-27;2027-28;2028-29,forward_estimate,General public services,related_breakdown,medium,portfolio_ownership,portfolio_default,mapped,
Finance,"Transfers to/(from) reserves 1,575 1,575 Estimated closing balance as at 30 June",236664,6,2026000,51206000,2024-25;2025-26;2026-27;2027-28;2028-29,actual;budget;estimated_actual;forward_estimate,General public services,related_breakdown,medium,portfolio_ownership,portfolio_default,mapped,
Finance,"Cash used Purchase of property, plant and equipment - -",236668,3,100000,250000,2026-27;2027-28;2028-29,forward_estimate,General public services,related_breakdown,medium,portfolio_ownership,portfolio_default,mapped,
Finance,Cash used Total cash used,236675,5,82437000,88937000,2025-26;2026-27;2027-28;2028-29,budget;estimated_actual;forward_estimate,General public services,related_breakdown,medium,portfolio_ownership,portfolio_default,mapped,
house representatives DHR 2026 27,Table 2.1.2: Program components of Outcome 1 Program 1: Other Departmental DHR 1.1 - Chamber and Federation Chamber Annual departmental expenses: Departmental i,236682,5,5069000,5715000,2026-27;2027-28;2028-29;2029-30,budget;estimated_actual;forward_estimate,,,,,,unmapped,portfolio_not_in_crosswalk
house representatives DHR 2026 27,Program 2: Administered 2.1 - Schools hospitality Annual administered expenses: Appropriation (Parliamentary Departments) Bill (No. 1),236683,5,362000,399000,2026-27;2027-28;2028-29;2029-30,budget;estimated_actual;forward_estimate,,,,,,unmapped,portfolio_not_in_crosswalk
house representatives DHR 2026 27,Cash and cash equivalents at the beginning of the reporting period,236687,5,2536000,6736000,2026-27;2027-28;2028-29;2029-30,budget;estimated_actual;forward_estimate,,,,,,unmapped,portfolio_not_in_crosswalk
house representatives DHR 2026 27,Cash used Suppliers,236691,5,362000,399000,2026-27;2027-28;2028-29;2029-30,budget;estimated_actual;forward_estimate,,,,,,unmapped,portfolio_not_in_crosswalk
